participant_id,condition,channel_set,epoch_index,alpha_power_8_12,n_channels,participant_median_alpha,predicted_condition,correct
sub-001,EyesClosed,posterior,0,-9.01616185246885,19,-9.510949561965312,EyesClosed,True
sub-001,EyesClosed,posterior,1,-9.092939935208578,19,-9.510949561965312,EyesClosed,True
sub-001,EyesClosed,posterior,2,-9.026158225486391,19,-9.510949561965312,EyesClosed,True
sub-001,EyesClosed,posterior,3,-8.98898413900553,19,-9.510949561965312,EyesClosed,True
sub-001,EyesClosed,posterior,4,-9.032514829406232,19,-9.510949561965312,EyesClosed,True
sub-001,EyesClosed,posterior,5,-9.009846370104066,19,-9.510949561965312,EyesClosed,True
sub-001,EyesOpen,posterior,0,-10.030035840039766,19,-9.510949561965312,EyesOpen,True
sub-001,EyesOpen,posterior,1,-10.142021012672478,19,-9.510949561965312,EyesOpen,True
sub-001,EyesOpen,posterior,2,-10.209553284079854,19,-9.510949561965312,EyesOpen,True
sub-001,EyesOpen,posterior,3,-10.074649748677798,19,-9.510949561965312,EyesOpen,True
sub-001,EyesOpen,posterior,4,-10.021167082059119,19,-9.510949561965312,EyesOpen,True
sub-001,EyesOpen,posterior,5,-9.928959188722043,19,-9.510949561965312,EyesOpen,True
sub-002,EyesClosed,posterior,0,-9.545422465103119,19,-9.715113910252487,EyesClosed,True
sub-002,EyesClosed,posterior,1,-9.184185922063648,19,-9.715113910252487,EyesClosed,True
sub-002,EyesClosed,posterior,2,-8.939774413268134,19,-9.715113910252487,EyesClosed,True
sub-002,EyesClosed,posterior,3,-9.118666035572359,19,-9.715113910252487,EyesClosed,True
sub-002,EyesClosed,posterior,4,-8.956152361827803,19,-9.715113910252487,EyesClosed,True
sub-002,EyesClosed,posterior,5,-9.104585548673294,19,-9.715113910252487,EyesClosed,True
sub-002,EyesOpen,posterior,0,-10.227412938570392,19,-9.715113910252487,EyesOpen,True
sub-002,EyesOpen,posterior,1,-10.353762441154112,19,-9.715113910252487,EyesOpen,True
sub-002,EyesOpen,posterior,2,-9.884805355401854,19,-9.715113910252487,EyesOpen,True
sub-002,EyesOpen,posterior,3,-9.95499056591724,19,-9.715113910252487,EyesOpen,True
sub-002,EyesOpen,posterior,4,-9.989319530217651,19,-9.715113910252487,EyesOpen,True
sub-002,EyesOpen,posterior,5,-10.004521568644583,19,-9.715113910252487,EyesOpen,True
sub-003,EyesClosed,posterior,0,-9.82118143941031,19,-10.419752984660448,EyesClosed,True
sub-003,EyesClosed,posterior,1,-9.681421803163365,19,-10.419752984660448,EyesClosed,True
sub-003,EyesClosed,posterior,2,-9.66407412488482,19,-10.419752984660448,EyesClosed,True
sub-003,EyesClosed,posterior,3,-9.605161933593777,19,-10.419752984660448,EyesClosed,True
sub-003,EyesClosed,posterior,4,-10.118018048072637,19,-10.419752984660448,EyesClosed,True
sub-003,EyesClosed,posterior,5,-10.001069505105399,19,-10.419752984660448,EyesClosed,True
sub-003,EyesClosed,posterior,6,-10.419752984660448,19,-10.419752984660448,EyesOpen,False
sub-003,EyesOpen,posterior,0,-10.59307863837024,19,-10.419752984660448,EyesOpen,True
sub-003,EyesOpen,posterior,1,-10.57254694688573,19,-10.419752984660448,EyesOpen,True
sub-003,EyesOpen,posterior,2,-10.62682444798477,19,-10.419752984660448,EyesOpen,True
sub-003,EyesOpen,posterior,3,-10.478926262413188,19,-10.419752984660448,EyesOpen,True
sub-003,EyesOpen,posterior,4,-10.497533345699367,19,-10.419752984660448,EyesOpen,True
sub-003,EyesOpen,posterior,5,-10.54817340639679,19,-10.419752984660448,EyesOpen,True
sub-004,EyesClosed,posterior,0,-8.937413843107622,19,-10.008410721254112,EyesClosed,True
sub-004,EyesClosed,posterior,1,-8.84664518912784,19,-10.008410721254112,EyesClosed,True
sub-004,EyesClosed,posterior,2,-8.93322557478363,19,-10.008410721254112,EyesClosed,True
sub-004,EyesClosed,posterior,3,-8.868324863983661,19,-10.008410721254112,EyesClosed,True
sub-004,EyesClosed,posterior,4,-8.987606442743179,19,-10.008410721254112,EyesClosed,True
sub-004,EyesClosed,posterior,5,-8.828385043642607,19,-10.008410721254112,EyesClosed,True
sub-004,EyesOpen,posterior,0,-10.1225881843843,19,-10.008410721254112,EyesOpen,True
sub-004,EyesOpen,posterior,1,-10.07831340129317,19,-10.008410721254112,EyesOpen,True
sub-004,EyesOpen,posterior,2,-10.339779758602422,19,-10.008410721254112,EyesOpen,True
sub-004,EyesOpen,posterior,3,-10.101958038813937,19,-10.008410721254112,EyesOpen,True
sub-004,EyesOpen,posterior,4,-10.008410721254112,19,-10.008410721254112,EyesOpen,True
sub-004,EyesOpen,posterior,5,-10.096448942225415,19,-10.008410721254112,EyesOpen,True
sub-004,EyesOpen,posterior,6,-10.22963124846556,19,-10.008410721254112,EyesOpen,True
sub-005,EyesClosed,posterior,0,-9.472235267842894,19,-9.831639225468386,EyesClosed,True
sub-005,EyesClosed,posterior,1,-9.232729739104771,19,-9.831639225468386,EyesClosed,True
sub-005,EyesClosed,posterior,2,-9.388445036480249,19,-9.831639225468386,EyesClosed,True
sub-005,EyesClosed,posterior,3,-9.154579691574487,19,-9.831639225468386,EyesClosed,True
sub-005,EyesClosed,posterior,4,-9.378435094150412,19,-9.831639225468386,EyesClosed,True
sub-005,EyesClosed,posterior,5,-9.36603101215234,19,-9.831639225468386,EyesClosed,True
sub-005,EyesOpen,posterior,0,-10.25740873245264,19,-9.831639225468386,EyesOpen,True
sub-005,EyesOpen,posterior,1,-10.488027474794919,19,-9.831639225468386,EyesOpen,True
sub-005,EyesOpen,posterior,2,-10.191043183093878,19,-9.831639225468386,EyesOpen,True
sub-005,EyesOpen,posterior,3,-10.437948376524908,19,-9.831639225468386,EyesOpen,True
sub-005,EyesOpen,posterior,4,-10.254955981431745,19,-9.831639225468386,EyesOpen,True
sub-005,EyesOpen,posterior,5,-10.243532972792762,19,-9.831639225468386,EyesOpen,True
sub-006,EyesClosed,posterior,0,-9.542766751577366,19,-9.623161391886054,EyesClosed,True
sub-006,EyesClosed,posterior,1,-9.561711995464968,19,-9.623161391886054,EyesClosed,True
sub-006,EyesClosed,posterior,2,-9.541596252386126,19,-9.623161391886054,EyesClosed,True
sub-006,EyesClosed,posterior,3,-9.662877546688238,19,-9.623161391886054,EyesOpen,False
sub-006,EyesClosed,posterior,4,-9.526877509218574,19,-9.623161391886054,EyesClosed,True
sub-006,EyesClosed,posterior,5,-9.583445237083872,19,-9.623161391886054,EyesClosed,True
sub-006,EyesOpen,posterior,0,-10.164827054720101,19,-9.623161391886054,EyesOpen,True
sub-006,EyesOpen,posterior,1,-9.747238995107033,19,-9.623161391886054,EyesOpen,True
sub-006,EyesOpen,posterior,2,-9.48888787210973,19,-9.623161391886054,EyesClosed,False
sub-006,EyesOpen,posterior,3,-10.182387567477349,19,-9.623161391886054,EyesOpen,True
sub-006,EyesOpen,posterior,4,-10.079935769293877,19,-9.623161391886054,EyesOpen,True
sub-006,EyesOpen,posterior,5,-9.95738043300134,19,-9.623161391886054,EyesOpen,True
sub-007,EyesClosed,posterior,0,-9.471709697693012,19,-9.88464783804332,EyesClosed,True
sub-007,EyesClosed,posterior,1,-9.406309785954543,19,-9.88464783804332,EyesClosed,True
sub-007,EyesClosed,posterior,2,-9.535790394610407,19,-9.88464783804332,EyesClosed,True
sub-007,EyesClosed,posterior,3,-9.415821666679442,19,-9.88464783804332,EyesClosed,True
sub-007,EyesClosed,posterior,4,-9.612052163201566,19,-9.88464783804332,EyesClosed,True
sub-007,EyesClosed,posterior,5,-9.537070704395205,19,-9.88464783804332,EyesClosed,True
sub-007,EyesOpen,posterior,0,-10.254588765186258,19,-9.88464783804332,EyesOpen,True
sub-007,EyesOpen,posterior,1,-10.345729742096845,19,-9.88464783804332,EyesOpen,True
sub-007,EyesOpen,posterior,2,-10.372789610678238,19,-9.88464783804332,EyesOpen,True
sub-007,EyesOpen,posterior,3,-10.388835043978682,19,-9.88464783804332,EyesOpen,True
sub-007,EyesOpen,posterior,4,-10.16698972538895,19,-9.88464783804332,EyesOpen,True
sub-007,EyesOpen,posterior,5,-10.157243512885072,19,-9.88464783804332,EyesOpen,True
sub-008,EyesClosed,posterior,0,-9.722575325592123,19,-9.967321669468465,EyesClosed,True
sub-008,EyesClosed,posterior,1,-9.828513285775193,19,-9.967321669468465,EyesClosed,True
sub-008,EyesClosed,posterior,2,-9.944266036292579,19,-9.967321669468465,EyesClosed,True
sub-008,EyesClosed,posterior,3,-9.638289299883589,19,-9.967321669468465,EyesClosed,True
sub-008,EyesClosed,posterior,4,-9.744231497389753,19,-9.967321669468465,EyesClosed,True
sub-008,EyesClosed,posterior,5,-9.809892953225452,19,-9.967321669468465,EyesClosed,True
sub-008,EyesOpen,posterior,0,-10.163215604442884,19,-9.967321669468465,EyesOpen,True
sub-008,EyesOpen,posterior,1,-10.205087279598963,19,-9.967321669468465,EyesOpen,True
sub-008,EyesOpen,posterior,2,-10.14849045183401,19,-9.967321669468465,EyesOpen,True
sub-008,EyesOpen,posterior,3,-10.099452413304878,19,-9.967321669468465,EyesOpen,True
sub-008,EyesOpen,posterior,4,-10.196997458308108,19,-9.967321669468465,EyesOpen,True
sub-008,EyesOpen,posterior,5,-9.990377302644351,19,-9.967321669468465,EyesOpen,True
sub-009,EyesClosed,posterior,0,-9.296289201296721,19,-9.231297994070673,EyesOpen,False
sub-009,EyesClosed,posterior,1,-9.35354612439573,19,-9.231297994070673,EyesOpen,False
sub-009,EyesClosed,posterior,2,-6.053248760785375,19,-9.231297994070673,EyesClosed,True
sub-009,EyesClosed,posterior,3,-9.36984640585406,19,-9.231297994070673,EyesOpen,False
sub-009,EyesClosed,posterior,4,-9.603387671556423,19,-9.231297994070673,EyesOpen,False
sub-009,EyesClosed,posterior,5,-9.248843060898837,19,-9.231297994070673,EyesOpen,False
sub-009,EyesClosed,posterior,6,-9.47312040780989,19,-9.231297994070673,EyesOpen,False
sub-009,EyesOpen,posterior,0,-8.85929082681588,19,-9.231297994070673,EyesClosed,False
sub-009,EyesOpen,posterior,1,-9.20667868350741,19,-9.231297994070673,EyesClosed,False
sub-009,EyesOpen,posterior,2,-8.756359099658784,19,-9.231297994070673,EyesClosed,False
sub-009,EyesOpen,posterior,3,-9.231297994070673,19,-9.231297994070673,EyesOpen,True
sub-009,EyesOpen,posterior,4,-8.692367480699806,19,-9.231297994070673,EyesClosed,False
sub-009,EyesOpen,posterior,5,-8.76346496422821,19,-9.231297994070673,EyesClosed,False
sub-010,EyesClosed,posterior,0,-8.646414574536008,19,-8.768501334911079,EyesClosed,True
sub-010,EyesClosed,posterior,1,-8.651275622968681,19,-8.768501334911079,EyesClosed,True
sub-010,EyesClosed,posterior,2,-8.678833621804417,19,-8.768501334911079,EyesClosed,True
sub-010,EyesClosed,posterior,3,-8.773204994819988,19,-8.768501334911079,EyesOpen,False
sub-010,EyesClosed,posterior,4,-8.724490753068231,19,-8.768501334911079,EyesClosed,True
sub-010,EyesClosed,posterior,5,-8.673476709960623,19,-8.768501334911079,EyesClosed,True
sub-010,EyesOpen,posterior,0,-9.19341170233589,19,-8.768501334911079,EyesOpen,True
sub-010,EyesOpen,posterior,1,-8.76379767500217,19,-8.768501334911079,EyesClosed,False
sub-010,EyesOpen,posterior,2,-8.9769118364171,19,-8.768501334911079,EyesOpen,True
sub-010,EyesOpen,posterior,3,-9.670330717619331,19,-8.768501334911079,EyesOpen,True
sub-010,EyesOpen,posterior,4,-9.63790998886001,19,-8.768501334911079,EyesOpen,True
sub-010,EyesOpen,posterior,5,-9.615472369028723,19,-8.768501334911079,EyesOpen,True
sub-011,EyesClosed,posterior,0,-9.387292989033382,19,-10.205531464727398,EyesClosed,True
sub-011,EyesClosed,posterior,1,-9.436669633500287,19,-10.205531464727398,EyesClosed,True
sub-011,EyesClosed,posterior,2,-9.428277300304735,19,-10.205531464727398,EyesClosed,True
sub-011,EyesClosed,posterior,3,-9.580861524230826,19,-10.205531464727398,EyesClosed,True
sub-011,EyesClosed,posterior,4,-9.949588633280687,19,-10.205531464727398,EyesClosed,True
sub-011,EyesClosed,posterior,5,-9.82981305132821,19,-10.205531464727398,EyesClosed,True
sub-011,EyesOpen,posterior,0,-10.600174009870027,19,-10.205531464727398,EyesOpen,True
sub-011,EyesOpen,posterior,1,-10.66068394627922,19,-10.205531464727398,EyesOpen,True
sub-011,EyesOpen,posterior,2,-10.648457476263546,19,-10.205531464727398,EyesOpen,True
sub-011,EyesOpen,posterior,3,-10.663288981817711,19,-10.205531464727398,EyesOpen,True
sub-011,EyesOpen,posterior,4,-10.46147429617411,19,-10.205531464727398,EyesOpen,True
sub-011,EyesOpen,posterior,5,-10.515309645511097,19,-10.205531464727398,EyesOpen,True
sub-012,EyesClosed,posterior,0,-10.294183819420253,19,-10.287038715270182,EyesOpen,False
sub-012,EyesClosed,posterior,1,-10.2986816704082,19,-10.287038715270182,EyesOpen,False
sub-012,EyesClosed,posterior,2,-10.328464877436726,19,-10.287038715270182,EyesOpen,False
sub-012,EyesClosed,posterior,3,-10.157567398978275,19,-10.287038715270182,EyesClosed,True
sub-012,EyesClosed,posterior,4,-10.196096123161093,19,-10.287038715270182,EyesClosed,True
sub-012,EyesClosed,posterior,5,-10.29222198368478,19,-10.287038715270182,EyesOpen,False
sub-012,EyesOpen,posterior,0,-10.391858006509576,19,-10.287038715270182,EyesOpen,True
sub-012,EyesOpen,posterior,1,-10.272651408852834,19,-10.287038715270182,EyesClosed,False
sub-012,EyesOpen,posterior,2,-10.281855446855582,19,-10.287038715270182,EyesClosed,False
sub-012,EyesOpen,posterior,3,-10.379192835485046,19,-10.287038715270182,EyesOpen,True
sub-012,EyesOpen,posterior,4,-10.254519789957628,19,-10.287038715270182,EyesClosed,False
sub-012,EyesOpen,posterior,5,-10.256562178904417,19,-10.287038715270182,EyesClosed,False
sub-013,EyesClosed,posterior,0,-9.52659401384826,19,-9.664824087672965,EyesClosed,True
sub-013,EyesClosed,posterior,1,-9.26038103933016,19,-9.664824087672965,EyesClosed,True
sub-013,EyesClosed,posterior,2,-9.336726135846515,19,-9.664824087672965,EyesClosed,True
sub-013,EyesClosed,posterior,3,-9.298697869963561,19,-9.664824087672965,EyesClosed,True
sub-013,EyesClosed,posterior,4,-9.262498117123169,19,-9.664824087672965,EyesClosed,True
sub-013,EyesClosed,posterior,5,-9.597869239705798,19,-9.664824087672965,EyesClosed,True
sub-013,EyesOpen,posterior,0,-10.234160254035936,19,-9.664824087672965,EyesOpen,True
sub-013,EyesOpen,posterior,1,-10.15152853591398,19,-9.664824087672965,EyesOpen,True
sub-013,EyesOpen,posterior,2,-9.970860720437052,19,-9.664824087672965,EyesOpen,True
sub-013,EyesOpen,posterior,3,-9.852234433152525,19,-9.664824087672965,EyesOpen,True
sub-013,EyesOpen,posterior,4,-9.731778935640131,19,-9.664824087672965,EyesOpen,True
sub-013,EyesOpen,posterior,5,-9.77082244478357,19,-9.664824087672965,EyesOpen,True
sub-014,EyesClosed,posterior,0,-8.883872389152312,19,-9.342263370756609,EyesClosed,True
sub-014,EyesClosed,posterior,1,-9.232437409345696,19,-9.342263370756609,EyesClosed,True
sub-014,EyesClosed,posterior,2,-8.916968897103349,19,-9.342263370756609,EyesClosed,True
sub-014,EyesClosed,posterior,3,-8.978605998359463,19,-9.342263370756609,EyesClosed,True
sub-014,EyesClosed,posterior,4,-9.378783767503455,19,-9.342263370756609,EyesOpen,False
sub-014,EyesClosed,posterior,5,-9.30574297400976,19,-9.342263370756609,EyesClosed,True
sub-014,EyesOpen,posterior,0,-10.197176019292765,19,-9.342263370756609,EyesOpen,True
sub-014,EyesOpen,posterior,1,-9.731361247444053,19,-9.342263370756609,EyesOpen,True
sub-014,EyesOpen,posterior,2,-9.46509576147418,19,-9.342263370756609,EyesOpen,True
sub-014,EyesOpen,posterior,3,-9.960218689840556,19,-9.342263370756609,EyesOpen,True
sub-014,EyesOpen,posterior,4,-9.27937868949375,19,-9.342263370756609,EyesClosed,False
sub-014,EyesOpen,posterior,5,-10.020886099369326,19,-9.342263370756609,EyesOpen,True
sub-015,EyesClosed,posterior,0,-9.48946626035249,19,-9.856134740557179,EyesClosed,True
sub-015,EyesClosed,posterior,1,-9.746868216144483,19,-9.856134740557179,EyesClosed,True
sub-015,EyesClosed,posterior,2,-9.667895269452526,19,-9.856134740557179,EyesClosed,True
sub-015,EyesClosed,posterior,3,-9.31172886250484,19,-9.856134740557179,EyesClosed,True
sub-015,EyesClosed,posterior,4,-9.828291285988087,19,-9.856134740557179,EyesClosed,True
sub-015,EyesClosed,posterior,5,-9.598155575989368,19,-9.856134740557179,EyesClosed,True
sub-015,EyesOpen,posterior,0,-10.195762699713985,19,-9.856134740557179,EyesOpen,True
sub-015,EyesOpen,posterior,1,-10.012124808114898,19,-9.856134740557179,EyesOpen,True
sub-015,EyesOpen,posterior,2,-10.217212275353402,19,-9.856134740557179,EyesOpen,True
sub-015,EyesOpen,posterior,3,-9.995130731845736,19,-9.856134740557179,EyesOpen,True
sub-015,EyesOpen,posterior,4,-10.125789043497242,19,-9.856134740557179,EyesOpen,True
sub-015,EyesOpen,posterior,5,-9.883978195126272,19,-9.856134740557179,EyesOpen,True
sub-016,EyesClosed,posterior,0,-9.138845260799684,19,-9.208545431476946,EyesClosed,True
sub-016,EyesClosed,posterior,1,-9.027369239998011,19,-9.208545431476946,EyesClosed,True
sub-016,EyesClosed,posterior,2,-9.015799597666867,19,-9.208545431476946,EyesClosed,True
sub-016,EyesClosed,posterior,3,-8.997175233873307,19,-9.208545431476946,EyesClosed,True
sub-016,EyesClosed,posterior,4,-9.017772356229921,19,-9.208545431476946,EyesClosed,True
sub-016,EyesClosed,posterior,5,-9.208545431476946,19,-9.208545431476946,EyesOpen,False
sub-016,EyesClosed,posterior,6,-9.057902608723712,19,-9.208545431476946,EyesClosed,True
sub-016,EyesOpen,posterior,0,-9.995151148036955,19,-9.208545431476946,EyesOpen,True
sub-016,EyesOpen,posterior,1,-10.379453514203487,19,-9.208545431476946,EyesOpen,True
sub-016,EyesOpen,posterior,2,-10.179835657626942,19,-9.208545431476946,EyesOpen,True
sub-016,EyesOpen,posterior,3,-10.118227953608379,19,-9.208545431476946,EyesOpen,True
sub-016,EyesOpen,posterior,4,-10.028368899755693,19,-9.208545431476946,EyesOpen,True
sub-016,EyesOpen,posterior,5,-9.588029932226473,19,-9.208545431476946,EyesOpen,True
sub-017,EyesClosed,posterior,0,-9.95864661556002,19,-10.118478333464497,EyesClosed,True
sub-017,EyesClosed,posterior,1,-10.077192902016252,19,-10.118478333464497,EyesClosed,True
sub-017,EyesClosed,posterior,2,-9.94277425900968,19,-10.118478333464497,EyesClosed,True
sub-017,EyesClosed,posterior,3,-9.81235549237501,19,-10.118478333464497,EyesClosed,True
sub-017,EyesClosed,posterior,4,-9.800736913276886,19,-10.118478333464497,EyesClosed,True
sub-017,EyesClosed,posterior,5,-9.920561579811444,19,-10.118478333464497,EyesClosed,True
sub-017,EyesOpen,posterior,0,-10.49573735561418,19,-10.118478333464497,EyesOpen,True
sub-017,EyesOpen,posterior,1,-10.247012695236156,19,-10.118478333464497,EyesOpen,True
sub-017,EyesOpen,posterior,2,-10.238986740297813,19,-10.118478333464497,EyesOpen,True
sub-017,EyesOpen,posterior,3,-10.205413879925235,19,-10.118478333464497,EyesOpen,True
sub-017,EyesOpen,posterior,4,-10.159763764912741,19,-10.118478333464497,EyesOpen,True
sub-017,EyesOpen,posterior,5,-10.378088474224667,19,-10.118478333464497,EyesOpen,True
sub-018,EyesClosed,posterior,0,-9.300027410496696,19,-9.608288517536419,EyesClosed,True
sub-018,EyesClosed,posterior,1,-9.312732747427882,19,-9.608288517536419,EyesClosed,True
sub-018,EyesClosed,posterior,2,-9.38729810432325,19,-9.608288517536419,EyesClosed,True
sub-018,EyesClosed,posterior,3,-9.518322899224941,19,-9.608288517536419,EyesClosed,True
sub-018,EyesClosed,posterior,4,-9.47082392013774,19,-9.608288517536419,EyesClosed,True
sub-018,EyesClosed,posterior,5,-9.46847454417385,19,-9.608288517536419,EyesClosed,True
sub-018,EyesOpen,posterior,0,-9.910706311102917,19,-9.608288517536419,EyesOpen,True
sub-018,EyesOpen,posterior,1,-9.85914538555884,19,-9.608288517536419,EyesOpen,True
sub-018,EyesOpen,posterior,2,-9.940654487244899,19,-9.608288517536419,EyesOpen,True
sub-018,EyesOpen,posterior,3,-10.036571111708014,19,-9.608288517536419,EyesOpen,True
sub-018,EyesOpen,posterior,4,-9.698254135847897,19,-9.608288517536419,EyesOpen,True
sub-018,EyesOpen,posterior,5,-9.92861116681469,19,-9.608288517536419,EyesOpen,True
sub-019,EyesClosed,posterior,0,-9.992443819479035,19,-10.22140494816119,EyesClosed,True
sub-019,EyesClosed,posterior,1,-10.18006131622765,19,-10.22140494816119,EyesClosed,True
sub-019,EyesClosed,posterior,2,-10.069046717677663,19,-10.22140494816119,EyesClosed,True
sub-019,EyesClosed,posterior,3,-10.204461155779054,19,-10.22140494816119,EyesClosed,True
sub-019,EyesClosed,posterior,4,-10.3892048603779,19,-10.22140494816119,EyesOpen,False
sub-019,EyesClosed,posterior,5,-10.372730135677664,19,-10.22140494816119,EyesOpen,False
sub-019,EyesOpen,posterior,0,-10.170277995259594,19,-10.22140494816119,EyesClosed,False
sub-019,EyesOpen,posterior,1,-10.241779977362679,19,-10.22140494816119,EyesOpen,True
sub-019,EyesOpen,posterior,2,-10.238348740543326,19,-10.22140494816119,EyesOpen,True
sub-019,EyesOpen,posterior,3,-9.948533338363987,19,-10.22140494816119,EyesClosed,False
sub-019,EyesOpen,posterior,4,-10.386838699864542,19,-10.22140494816119,EyesOpen,True
sub-019,EyesOpen,posterior,5,-10.279434855549498,19,-10.22140494816119,EyesOpen,True
sub-020,EyesClosed,posterior,0,-10.62839785031797,19,-10.49221424314008,EyesOpen,False
sub-020,EyesClosed,posterior,1,-10.490609448732592,19,-10.49221424314008,EyesClosed,True
sub-020,EyesClosed,posterior,2,-10.643783121070094,19,-10.49221424314008,EyesOpen,False
sub-020,EyesClosed,posterior,3,-10.493819037547569,19,-10.49221424314008,EyesOpen,False
sub-020,EyesClosed,posterior,4,-10.595340415226554,19,-10.49221424314008,EyesOpen,False
sub-020,EyesClosed,posterior,5,-10.543942099406669,19,-10.49221424314008,EyesOpen,False
sub-020,EyesOpen,posterior,0,-10.451156748863346,19,-10.49221424314008,EyesClosed,False
sub-020,EyesOpen,posterior,1,-10.456471567469722,19,-10.49221424314008,EyesClosed,False
sub-020,EyesOpen,posterior,2,-10.397805439516882,19,-10.49221424314008,EyesClosed,False
sub-020,EyesOpen,posterior,3,-10.385510995716787,19,-10.49221424314008,EyesClosed,False
sub-020,EyesOpen,posterior,4,-10.472326456775503,19,-10.49221424314008,EyesClosed,False
sub-020,EyesOpen,posterior,5,-10.520610073297746,19,-10.49221424314008,EyesOpen,True
sub-021,EyesClosed,posterior,0,-8.978577100960239,19,-9.494890474667375,EyesClosed,True
sub-021,EyesClosed,posterior,1,-9.236931123316255,19,-9.494890474667375,EyesClosed,True
sub-021,EyesClosed,posterior,2,-9.280903456209403,19,-9.494890474667375,EyesClosed,True
sub-021,EyesClosed,posterior,3,-9.3193574325502,19,-9.494890474667375,EyesClosed,True
sub-021,EyesClosed,posterior,4,-9.382933169158198,19,-9.494890474667375,EyesClosed,True
sub-021,EyesClosed,posterior,5,-9.325081650389022,19,-9.494890474667375,EyesClosed,True
sub-021,EyesOpen,posterior,0,-9.710929190959677,19,-9.494890474667375,EyesOpen,True
sub-021,EyesOpen,posterior,1,-9.769646168200483,19,-9.494890474667375,EyesOpen,True
sub-021,EyesOpen,posterior,2,-9.89095828066076,19,-9.494890474667375,EyesOpen,True
sub-021,EyesOpen,posterior,3,-9.913887947348861,19,-9.494890474667375,EyesOpen,True
sub-021,EyesOpen,posterior,4,-10.039340908138428,19,-9.494890474667375,EyesOpen,True
sub-021,EyesOpen,posterior,5,-9.606847780176553,19,-9.494890474667375,EyesOpen,True
sub-022,EyesClosed,posterior,0,-9.150223759519468,19,-9.600405960395051,EyesClosed,True
sub-022,EyesClosed,posterior,1,-9.025117219452337,19,-9.600405960395051,EyesClosed,True
sub-022,EyesClosed,posterior,2,-8.92173857821513,19,-9.600405960395051,EyesClosed,True
sub-022,EyesClosed,posterior,3,-9.425957600083448,19,-9.600405960395051,EyesClosed,True
sub-022,EyesClosed,posterior,4,-8.934877335078928,19,-9.600405960395051,EyesClosed,True
sub-022,EyesClosed,posterior,5,-8.972315822509726,19,-9.600405960395051,EyesClosed,True
sub-022,EyesOpen,posterior,0,-10.048157235096243,19,-9.600405960395051,EyesOpen,True
sub-022,EyesOpen,posterior,1,-9.9256177061556,19,-9.600405960395051,EyesOpen,True
sub-022,EyesOpen,posterior,2,-9.797895064556725,19,-9.600405960395051,EyesOpen,True
sub-022,EyesOpen,posterior,3,-9.885850748896722,19,-9.600405960395051,EyesOpen,True
sub-022,EyesOpen,posterior,4,-9.774854320706652,19,-9.600405960395051,EyesOpen,True
sub-022,EyesOpen,posterior,5,-9.917360467999284,19,-9.600405960395051,EyesOpen,True
sub-023,EyesClosed,posterior,0,-9.804500674024432,19,-10.114483378076418,EyesClosed,True
sub-023,EyesClosed,posterior,1,-9.754710301707947,19,-10.114483378076418,EyesClosed,True
sub-023,EyesClosed,posterior,2,-9.94175651695765,19,-10.114483378076418,EyesClosed,True
sub-023,EyesClosed,posterior,3,-9.822807374012458,19,-10.114483378076418,EyesClosed,True
sub-023,EyesClosed,posterior,4,-9.767746516906595,19,-10.114483378076418,EyesClosed,True
sub-023,EyesClosed,posterior,5,-9.911560660170377,19,-10.114483378076418,EyesClosed,True
sub-023,EyesOpen,posterior,0,-10.339116514487424,19,-10.114483378076418,EyesOpen,True
sub-023,EyesOpen,posterior,1,-10.363398301608765,19,-10.114483378076418,EyesOpen,True
sub-023,EyesOpen,posterior,2,-10.370258457216963,19,-10.114483378076418,EyesOpen,True
sub-023,EyesOpen,posterior,3,-10.413209453040325,19,-10.114483378076418,EyesOpen,True
sub-023,EyesOpen,posterior,4,-10.434791169899047,19,-10.114483378076418,EyesOpen,True
sub-023,EyesOpen,posterior,5,-10.287210239195188,19,-10.114483378076418,EyesOpen,True
sub-024,EyesClosed,posterior,0,-9.260745302740077,19,-9.805358877382542,EyesClosed,True
sub-024,EyesClosed,posterior,1,-9.424906489129175,19,-9.805358877382542,EyesClosed,True
sub-024,EyesClosed,posterior,2,-9.380721746179912,19,-9.805358877382542,EyesClosed,True
sub-024,EyesClosed,posterior,3,-9.288689489494233,19,-9.805358877382542,EyesClosed,True
sub-024,EyesClosed,posterior,4,-9.446015179340584,19,-9.805358877382542,EyesClosed,True
sub-024,EyesClosed,posterior,5,-9.296506016844326,19,-9.805358877382542,EyesClosed,True
sub-024,EyesOpen,posterior,0,-10.46726163973401,19,-9.805358877382542,EyesOpen,True
sub-024,EyesOpen,posterior,1,-10.330710712530715,19,-9.805358877382542,EyesOpen,True
sub-024,EyesOpen,posterior,2,-10.279702659763236,19,-9.805358877382542,EyesOpen,True
sub-024,EyesOpen,posterior,3,-10.173212910520636,19,-9.805358877382542,EyesOpen,True
sub-024,EyesOpen,posterior,4,-10.235701513942963,19,-9.805358877382542,EyesOpen,True
sub-024,EyesOpen,posterior,5,-10.164702575424501,19,-9.805358877382542,EyesOpen,True
sub-025,EyesClosed,posterior,0,-9.131736077624547,19,-9.485595076316965,EyesClosed,True
sub-025,EyesClosed,posterior,1,-9.10012580371683,19,-9.485595076316965,EyesClosed,True
sub-025,EyesClosed,posterior,2,-9.090078487135944,19,-9.485595076316965,EyesClosed,True
sub-025,EyesClosed,posterior,3,-9.078943164508733,19,-9.485595076316965,EyesClosed,True
sub-025,EyesClosed,posterior,4,-9.02074315548455,19,-9.485595076316965,EyesClosed,True
sub-025,EyesClosed,posterior,5,-9.201592385856236,19,-9.485595076316965,EyesClosed,True
sub-025,EyesOpen,posterior,0,-9.90669323081852,19,-9.485595076316965,EyesOpen,True
sub-025,EyesOpen,posterior,1,-10.041155885449905,19,-9.485595076316965,EyesOpen,True
sub-025,EyesOpen,posterior,2,-9.982215885841567,19,-9.485595076316965,EyesOpen,True
sub-025,EyesOpen,posterior,3,-9.769597766777697,19,-9.485595076316965,EyesOpen,True
sub-025,EyesOpen,posterior,4,-10.052139787985372,19,-9.485595076316965,EyesOpen,True
sub-025,EyesOpen,posterior,5,-10.053001133741027,19,-9.485595076316965,EyesOpen,True
sub-026,EyesClosed,posterior,0,-9.776731307322125,19,-10.098582557221402,EyesClosed,True
sub-026,EyesClosed,posterior,1,-9.5729107681408,19,-10.098582557221402,EyesClosed,True
sub-026,EyesClosed,posterior,2,-9.542981475075395,19,-10.098582557221402,EyesClosed,True
sub-026,EyesClosed,posterior,3,-9.479281805763446,19,-10.098582557221402,EyesClosed,True
sub-026,EyesClosed,posterior,4,-9.532175487329852,19,-10.098582557221402,EyesClosed,True
sub-026,EyesClosed,posterior,5,-9.498832917491736,19,-10.098582557221402,EyesClosed,True
sub-026,EyesOpen,posterior,0,-10.684249739655716,19,-10.098582557221402,EyesOpen,True
sub-026,EyesOpen,posterior,1,-10.698377768183793,19,-10.098582557221402,EyesOpen,True
sub-026,EyesOpen,posterior,2,-10.640400407017875,19,-10.098582557221402,EyesOpen,True
sub-026,EyesOpen,posterior,3,-10.420433807120679,19,-10.098582557221402,EyesOpen,True
sub-026,EyesOpen,posterior,4,-10.679482887894805,19,-10.098582557221402,EyesOpen,True
sub-026,EyesOpen,posterior,5,-10.637052023795961,19,-10.098582557221402,EyesOpen,True
sub-027,EyesClosed,posterior,0,-9.514848754839077,19,-9.924148719363405,EyesClosed,True
sub-027,EyesClosed,posterior,1,-9.155570876669149,19,-9.924148719363405,EyesClosed,True
sub-027,EyesClosed,posterior,2,-9.350313904789024,19,-9.924148719363405,EyesClosed,True
sub-027,EyesClosed,posterior,3,-9.272018110565327,19,-9.924148719363405,EyesClosed,True
sub-027,EyesClosed,posterior,4,-9.27569246352803,19,-9.924148719363405,EyesClosed,True
sub-027,EyesClosed,posterior,5,-9.28608993698628,19,-9.924148719363405,EyesClosed,True
sub-027,EyesOpen,posterior,0,-10.42011577807697,19,-9.924148719363405,EyesOpen,True
sub-027,EyesOpen,posterior,1,-10.379289164936013,19,-9.924148719363405,EyesOpen,True
sub-027,EyesOpen,posterior,2,-10.436020737048272,19,-9.924148719363405,EyesOpen,True
sub-027,EyesOpen,posterior,3,-10.333448683887733,19,-9.924148719363405,EyesOpen,True
sub-027,EyesOpen,posterior,4,-10.401008530305765,19,-9.924148719363405,EyesOpen,True
sub-027,EyesOpen,posterior,5,-10.4622140854328,19,-9.924148719363405,EyesOpen,True
sub-028,EyesClosed,posterior,0,-10.61924583086211,19,-10.593715985180097,EyesOpen,False
sub-028,EyesClosed,posterior,1,-10.58157387009127,19,-10.593715985180097,EyesClosed,True
sub-028,EyesClosed,posterior,2,-10.614168920815514,19,-10.593715985180097,EyesOpen,False
sub-028,EyesClosed,posterior,3,-10.56573093733068,19,-10.593715985180097,EyesClosed,True
sub-028,EyesClosed,posterior,4,-10.637698037726864,19,-10.593715985180097,EyesOpen,False
sub-028,EyesClosed,posterior,5,-10.320035898054448,19,-10.593715985180097,EyesClosed,True
sub-028,EyesOpen,posterior,0,-10.623677416575276,19,-10.593715985180097,EyesOpen,True
sub-028,EyesOpen,posterior,1,-10.649198068430817,19,-10.593715985180097,EyesOpen,True
sub-028,EyesOpen,posterior,2,-10.476314657782948,19,-10.593715985180097,EyesClosed,False
sub-028,EyesOpen,posterior,3,-10.484763979527091,19,-10.593715985180097,EyesClosed,False
sub-028,EyesOpen,posterior,4,-10.55050965139531,19,-10.593715985180097,EyesClosed,False
sub-028,EyesOpen,posterior,5,-10.605858100268923,19,-10.593715985180097,EyesOpen,True
sub-029,EyesClosed,posterior,0,-10.192241114949303,19,-10.01063184650886,EyesOpen,False
sub-029,EyesClosed,posterior,1,-9.935767315223888,19,-10.01063184650886,EyesClosed,True
sub-029,EyesClosed,posterior,2,-9.423935258939416,19,-10.01063184650886,EyesClosed,True
sub-029,EyesClosed,posterior,3,-9.841864936226042,19,-10.01063184650886,EyesClosed,True
sub-029,EyesClosed,posterior,4,-9.928718960669316,19,-10.01063184650886,EyesClosed,True
sub-029,EyesClosed,posterior,5,-9.737986036279953,19,-10.01063184650886,EyesClosed,True
sub-029,EyesOpen,posterior,0,-10.527143514451446,19,-10.01063184650886,EyesOpen,True
sub-029,EyesOpen,posterior,1,-10.211054950624906,19,-10.01063184650886,EyesOpen,True
sub-029,EyesOpen,posterior,2,-10.085496377793831,19,-10.01063184650886,EyesOpen,True
sub-029,EyesOpen,posterior,3,-10.162969000343029,19,-10.01063184650886,EyesOpen,True
sub-029,EyesOpen,posterior,4,-9.931906852513734,19,-10.01063184650886,EyesClosed,False
sub-029,EyesOpen,posterior,5,-10.276492861271013,19,-10.01063184650886,EyesOpen,True
sub-030,EyesClosed,posterior,0,-9.888037256300493,19,-10.213859581745297,EyesClosed,True
sub-030,EyesClosed,posterior,1,-10.255356690875441,19,-10.213859581745297,EyesOpen,False
sub-030,EyesClosed,posterior,2,-10.328724070973701,19,-10.213859581745297,EyesOpen,False
sub-030,EyesClosed,posterior,3,-10.087375964329059,19,-10.213859581745297,EyesClosed,True
sub-030,EyesClosed,posterior,4,-10.240776730759954,19,-10.213859581745297,EyesOpen,False
sub-030,EyesClosed,posterior,5,-10.159067678474406,19,-10.213859581745297,EyesClosed,True
sub-030,EyesOpen,posterior,0,-10.205451667270664,19,-10.213859581745297,EyesClosed,False
sub-030,EyesOpen,posterior,1,-10.209977149153897,19,-10.213859581745297,EyesClosed,False
sub-030,EyesOpen,posterior,2,-10.115435712685631,19,-10.213859581745297,EyesClosed,False
sub-030,EyesOpen,posterior,3,-10.224160572633524,19,-10.213859581745297,EyesOpen,True
sub-030,EyesOpen,posterior,4,-10.217742014336695,19,-10.213859581745297,EyesOpen,True
sub-030,EyesOpen,posterior,5,-10.229659555439106,19,-10.213859581745297,EyesOpen,True
sub-031,EyesClosed,posterior,0,-8.84239920725289,19,-9.151769136320695,EyesClosed,True
sub-031,EyesClosed,posterior,1,-8.810086619275163,19,-9.151769136320695,EyesClosed,True
sub-031,EyesClosed,posterior,2,-8.831730933093096,19,-9.151769136320695,EyesClosed,True
sub-031,EyesClosed,posterior,3,-8.881663634243411,19,-9.151769136320695,EyesClosed,True
sub-031,EyesClosed,posterior,4,-8.748122800278242,19,-9.151769136320695,EyesClosed,True
sub-031,EyesClosed,posterior,5,-8.714384600179779,19,-9.151769136320695,EyesClosed,True
sub-031,EyesOpen,posterior,0,-9.96889495336943,19,-9.151769136320695,EyesOpen,True
sub-031,EyesOpen,posterior,1,-9.483782915238772,19,-9.151769136320695,EyesOpen,True
sub-031,EyesOpen,posterior,2,-9.59823917050833,19,-9.151769136320695,EyesOpen,True
sub-031,EyesOpen,posterior,3,-9.516619333478792,19,-9.151769136320695,EyesOpen,True
sub-031,EyesOpen,posterior,4,-10.000764805760177,19,-9.151769136320695,EyesOpen,True
sub-031,EyesOpen,posterior,5,-9.421874638397977,19,-9.151769136320695,EyesOpen,True
sub-032,EyesClosed,posterior,0,-9.199522391850104,19,-9.235831726001184,EyesClosed,True
sub-032,EyesClosed,posterior,1,-9.084621844574242,19,-9.235831726001184,EyesClosed,True
sub-032,EyesClosed,posterior,2,-9.044396787133039,19,-9.235831726001184,EyesClosed,True
sub-032,EyesClosed,posterior,3,-8.976690708863376,19,-9.235831726001184,EyesClosed,True
sub-032,EyesClosed,posterior,4,-9.077968970897807,19,-9.235831726001184,EyesClosed,True
sub-032,EyesClosed,posterior,5,-9.116919479375749,19,-9.235831726001184,EyesClosed,True
sub-032,EyesOpen,posterior,0,-9.478904949563839,19,-9.235831726001184,EyesOpen,True
sub-032,EyesOpen,posterior,1,-9.616074301753011,19,-9.235831726001184,EyesOpen,True
sub-032,EyesOpen,posterior,2,-9.272141060152261,19,-9.235831726001184,EyesOpen,True
sub-032,EyesOpen,posterior,3,-9.277116436190214,19,-9.235831726001184,EyesOpen,True
sub-032,EyesOpen,posterior,4,-9.474141401182058,19,-9.235831726001184,EyesOpen,True
sub-032,EyesOpen,posterior,5,-9.413386260551546,19,-9.235831726001184,EyesOpen,True
sub-033,EyesClosed,posterior,0,-8.47084151872287,19,-8.785419379022805,EyesClosed,True
sub-033,EyesClosed,posterior,1,-8.37692866397145,19,-8.785419379022805,EyesClosed,True
sub-033,EyesClosed,posterior,2,-8.54461450825579,19,-8.785419379022805,EyesClosed,True
sub-033,EyesClosed,posterior,3,-8.414134247533559,19,-8.785419379022805,EyesClosed,True
sub-033,EyesClosed,posterior,4,-8.514150812670625,19,-8.785419379022805,EyesClosed,True
sub-033,EyesClosed,posterior,5,-8.550176455719106,19,-8.785419379022805,EyesClosed,True
sub-033,EyesOpen,posterior,0,-9.970550671040781,19,-8.785419379022805,EyesOpen,True
sub-033,EyesOpen,posterior,1,-9.817728458836392,19,-8.785419379022805,EyesOpen,True
sub-033,EyesOpen,posterior,2,-9.32912816533696,19,-8.785419379022805,EyesOpen,True
sub-033,EyesOpen,posterior,3,-9.020662302326505,19,-8.785419379022805,EyesOpen,True
sub-033,EyesOpen,posterior,4,-9.598979425667949,19,-8.785419379022805,EyesOpen,True
sub-033,EyesOpen,posterior,5,-9.351225793009315,19,-8.785419379022805,EyesOpen,True
sub-034,EyesClosed,posterior,0,-9.376043686517674,19,-9.606181421049232,EyesClosed,True
sub-034,EyesClosed,posterior,1,-9.331809941283034,19,-9.606181421049232,EyesClosed,True
sub-034,EyesClosed,posterior,2,-9.448901380420374,19,-9.606181421049232,EyesClosed,True
sub-034,EyesClosed,posterior,3,-9.352604200244075,19,-9.606181421049232,EyesClosed,True
sub-034,EyesClosed,posterior,4,-9.408766233011939,19,-9.606181421049232,EyesClosed,True
sub-034,EyesClosed,posterior,5,-9.319680555759293,19,-9.606181421049232,EyesClosed,True
sub-034,EyesOpen,posterior,0,-10.040528948980286,19,-9.606181421049232,EyesOpen,True
sub-034,EyesOpen,posterior,1,-9.763461461678089,19,-9.606181421049232,EyesOpen,True
sub-034,EyesOpen,posterior,2,-9.957747935196608,19,-9.606181421049232,EyesOpen,True
sub-034,EyesOpen,posterior,3,-9.827550126146603,19,-9.606181421049232,EyesOpen,True
sub-034,EyesOpen,posterior,4,-9.95873068024394,19,-9.606181421049232,EyesOpen,True
sub-034,EyesOpen,posterior,5,-9.77903982209955,19,-9.606181421049232,EyesOpen,True
sub-035,EyesClosed,posterior,0,-9.962727764570365,19,-10.583303400586452,EyesClosed,True
sub-035,EyesClosed,posterior,1,-9.898140396852403,19,-10.583303400586452,EyesClosed,True
sub-035,EyesClosed,posterior,2,-9.524786098092966,19,-10.583303400586452,EyesClosed,True
sub-035,EyesClosed,posterior,3,-10.215508906780839,19,-10.583303400586452,EyesClosed,True
sub-035,EyesClosed,posterior,4,-10.582152215182598,19,-10.583303400586452,EyesClosed,True
sub-035,EyesClosed,posterior,5,-10.686694569638563,19,-10.583303400586452,EyesOpen,False
sub-035,EyesOpen,posterior,0,-10.656091365011525,19,-10.583303400586452,EyesOpen,True
sub-035,EyesOpen,posterior,1,-10.705720095019284,19,-10.583303400586452,EyesOpen,True
sub-035,EyesOpen,posterior,2,-10.768010031592398,19,-10.583303400586452,EyesOpen,True
sub-035,EyesOpen,posterior,3,-10.618757390630892,19,-10.583303400586452,EyesOpen,True
sub-035,EyesOpen,posterior,4,-10.51598537918209,19,-10.583303400586452,EyesClosed,False
sub-035,EyesOpen,posterior,5,-10.584454585990308,19,-10.583303400586452,EyesOpen,True
sub-036,EyesClosed,posterior,0,-9.794332922364443,19,-9.966878241682267,EyesClosed,True
sub-036,EyesClosed,posterior,1,-9.671876525197511,19,-9.966878241682267,EyesClosed,True
sub-036,EyesClosed,posterior,2,-9.746226512188757,19,-9.966878241682267,EyesClosed,True
sub-036,EyesClosed,posterior,3,-9.757816458610284,19,-9.966878241682267,EyesClosed,True
sub-036,EyesClosed,posterior,4,-9.890781159802408,19,-9.966878241682267,EyesClosed,True
sub-036,EyesClosed,posterior,5,-9.812389179204445,19,-9.966878241682267,EyesClosed,True
sub-036,EyesOpen,posterior,0,-10.171049214357566,19,-9.966878241682267,EyesOpen,True
sub-036,EyesOpen,posterior,1,-10.09291296422859,19,-9.966878241682267,EyesOpen,True
sub-036,EyesOpen,posterior,2,-10.132765203401584,19,-9.966878241682267,EyesOpen,True
sub-036,EyesOpen,posterior,3,-10.042975323562123,19,-9.966878241682267,EyesOpen,True
sub-036,EyesOpen,posterior,4,-10.086779016260442,19,-9.966878241682267,EyesOpen,True
sub-036,EyesOpen,posterior,5,-10.125855768974162,19,-9.966878241682267,EyesOpen,True
sub-037,EyesClosed,posterior,0,-8.621702828486846,19,-8.751518675996252,EyesClosed,True
sub-037,EyesClosed,posterior,1,-8.65830353542301,19,-8.751518675996252,EyesClosed,True
sub-037,EyesClosed,posterior,2,-8.51522708589779,19,-8.751518675996252,EyesClosed,True
sub-037,EyesClosed,posterior,3,-8.625693915220793,19,-8.751518675996252,EyesClosed,True
sub-037,EyesClosed,posterior,4,-8.50012227533416,19,-8.751518675996252,EyesClosed,True
sub-037,EyesClosed,posterior,5,-8.616418666419099,19,-8.751518675996252,EyesClosed,True
sub-037,EyesOpen,posterior,0,-9.146609895170954,19,-8.751518675996252,EyesOpen,True
sub-037,EyesOpen,posterior,1,-9.186716491466704,19,-8.751518675996252,EyesOpen,True
sub-037,EyesOpen,posterior,2,-9.300510375312873,19,-8.751518675996252,EyesOpen,True
sub-037,EyesOpen,posterior,3,-9.266524152349541,19,-8.751518675996252,EyesOpen,True
sub-037,EyesOpen,posterior,4,-9.271359277697368,19,-8.751518675996252,EyesOpen,True
sub-037,EyesOpen,posterior,5,-8.844733816569496,19,-8.751518675996252,EyesOpen,True
sub-038,EyesClosed,posterior,0,-9.561217531057574,19,-10.243867971784589,EyesClosed,True
sub-038,EyesClosed,posterior,1,-10.083820343027561,19,-10.243867971784589,EyesClosed,True
sub-038,EyesClosed,posterior,2,-9.635948560805096,19,-10.243867971784589,EyesClosed,True
sub-038,EyesClosed,posterior,3,-10.039636914530227,19,-10.243867971784589,EyesClosed,True
sub-038,EyesClosed,posterior,4,-9.899164891102872,19,-10.243867971784589,EyesClosed,True
sub-038,EyesClosed,posterior,5,-10.072296196611017,19,-10.243867971784589,EyesClosed,True
sub-038,EyesOpen,posterior,0,-10.403915600541618,19,-10.243867971784589,EyesOpen,True
sub-038,EyesOpen,posterior,1,-10.512256616941704,19,-10.243867971784589,EyesOpen,True
sub-038,EyesOpen,posterior,2,-10.434785657329806,19,-10.243867971784589,EyesOpen,True
sub-038,EyesOpen,posterior,3,-10.441194763475378,19,-10.243867971784589,EyesOpen,True
sub-038,EyesOpen,posterior,4,-10.442389364063551,19,-10.243867971784589,EyesOpen,True
sub-038,EyesOpen,posterior,5,-10.519130101713985,19,-10.243867971784589,EyesOpen,True
sub-039,EyesClosed,posterior,0,-10.031335064914261,19,-10.049749732885271,EyesClosed,True
sub-039,EyesClosed,posterior,1,-9.762813913417698,19,-10.049749732885271,EyesClosed,True
sub-039,EyesClosed,posterior,2,-9.682031493672152,19,-10.049749732885271,EyesClosed,True
sub-039,EyesClosed,posterior,3,-9.763715586232772,19,-10.049749732885271,EyesClosed,True
sub-039,EyesClosed,posterior,4,-9.524709564525837,19,-10.049749732885271,EyesClosed,True
sub-039,EyesClosed,posterior,5,-9.61851126782809,19,-10.049749732885271,EyesClosed,True
sub-039,EyesOpen,posterior,0,-10.143192814071739,19,-10.049749732885271,EyesOpen,True
sub-039,EyesOpen,posterior,1,-10.217179412011612,19,-10.049749732885271,EyesOpen,True
sub-039,EyesOpen,posterior,2,-10.068164400856283,19,-10.049749732885271,EyesOpen,True
sub-039,EyesOpen,posterior,3,-10.150601221417956,19,-10.049749732885271,EyesOpen,True
sub-039,EyesOpen,posterior,4,-10.075908384143386,19,-10.049749732885271,EyesOpen,True
sub-039,EyesOpen,posterior,5,-10.218986890720704,19,-10.049749732885271,EyesOpen,True
sub-040,EyesClosed,posterior,0,-10.395279345941747,19,-10.502996432628734,EyesClosed,True
sub-040,EyesClosed,posterior,1,-10.523773433085518,19,-10.502996432628734,EyesOpen,False
sub-040,EyesClosed,posterior,2,-10.473964910131787,19,-10.502996432628734,EyesClosed,True
sub-040,EyesClosed,posterior,3,-10.441746508094605,19,-10.502996432628734,EyesClosed,True
sub-040,EyesClosed,posterior,4,-10.642587113223247,19,-10.502996432628734,EyesOpen,False
sub-040,EyesClosed,posterior,5,-10.55666125874776,19,-10.502996432628734,EyesOpen,False
sub-040,EyesOpen,posterior,0,-10.321173623715396,19,-10.502996432628734,EyesClosed,False
sub-040,EyesOpen,posterior,1,-10.482219432171949,19,-10.502996432628734,EyesClosed,False
sub-040,EyesOpen,posterior,2,-10.61178235596141,19,-10.502996432628734,EyesOpen,True
sub-040,EyesOpen,posterior,3,-10.574435092196605,19,-10.502996432628734,EyesOpen,True
sub-040,EyesOpen,posterior,4,-10.338038037991952,19,-10.502996432628734,EyesClosed,False
sub-040,EyesOpen,posterior,5,-10.647598233467722,19,-10.502996432628734,EyesOpen,True
sub-041,EyesClosed,posterior,0,-9.344397441606285,19,-9.461205421858946,EyesClosed,True
sub-041,EyesClosed,posterior,1,-9.248676598736354,19,-9.461205421858946,EyesClosed,True
sub-041,EyesClosed,posterior,2,-9.27481336957894,19,-9.461205421858946,EyesClosed,True
sub-041,EyesClosed,posterior,3,-9.405932609023692,19,-9.461205421858946,EyesClosed,True
sub-041,EyesClosed,posterior,4,-9.491863401266409,19,-9.461205421858946,EyesOpen,False
sub-041,EyesClosed,posterior,5,-9.249826670246117,19,-9.461205421858946,EyesClosed,True
sub-041,EyesOpen,posterior,0,-9.48531470684898,19,-9.461205421858946,EyesOpen,True
sub-041,EyesOpen,posterior,1,-9.498338714929602,19,-9.461205421858946,EyesOpen,True
sub-041,EyesOpen,posterior,2,-9.554759972041083,19,-9.461205421858946,EyesOpen,True
sub-041,EyesOpen,posterior,3,-9.69039719044861,19,-9.461205421858946,EyesOpen,True
sub-041,EyesOpen,posterior,4,-9.887281569071213,19,-9.461205421858946,EyesOpen,True
sub-041,EyesOpen,posterior,5,-9.437096136868913,19,-9.461205421858946,EyesClosed,False
sub-042,EyesClosed,posterior,0,-8.878451449056307,19,-8.951298421417135,EyesClosed,True
sub-042,EyesClosed,posterior,1,-8.79157159856693,19,-8.951298421417135,EyesClosed,True
sub-042,EyesClosed,posterior,2,-8.935241820969338,19,-8.951298421417135,EyesClosed,True
sub-042,EyesClosed,posterior,3,-8.910571608390898,19,-8.951298421417135,EyesClosed,True
sub-042,EyesClosed,posterior,4,-8.96735502186493,19,-8.951298421417135,EyesOpen,False
sub-042,EyesClosed,posterior,5,-8.77074746025003,19,-8.951298421417135,EyesClosed,True
sub-042,EyesOpen,posterior,0,-9.404251391691465,19,-8.951298421417135,EyesOpen,True
sub-042,EyesOpen,posterior,1,-9.37665047464404,19,-8.951298421417135,EyesOpen,True
sub-042,EyesOpen,posterior,2,-9.248466176625358,19,-8.951298421417135,EyesOpen,True
sub-042,EyesOpen,posterior,3,-8.853142224837777,19,-8.951298421417135,EyesClosed,False
sub-042,EyesOpen,posterior,4,-9.152305237905402,19,-8.951298421417135,EyesOpen,True
sub-042,EyesOpen,posterior,5,-9.140482583021543,19,-8.951298421417135,EyesOpen,True
sub-043,EyesClosed,posterior,0,-9.957526272936752,19,-10.22239603743666,EyesClosed,True
sub-043,EyesClosed,posterior,1,-9.861901149272173,19,-10.22239603743666,EyesClosed,True
sub-043,EyesClosed,posterior,2,-9.892663973435312,19,-10.22239603743666,EyesClosed,True
sub-043,EyesClosed,posterior,3,-10.09091880583524,19,-10.22239603743666,EyesClosed,True
sub-043,EyesClosed,posterior,4,-9.641433944777107,19,-10.22239603743666,EyesClosed,True
sub-043,EyesClosed,posterior,5,-10.062904656422141,19,-10.22239603743666,EyesClosed,True
sub-043,EyesOpen,posterior,0,-10.464682635891132,19,-10.22239603743666,EyesOpen,True
sub-043,EyesOpen,posterior,1,-10.412439144805923,19,-10.22239603743666,EyesOpen,True
sub-043,EyesOpen,posterior,2,-10.397799023680648,19,-10.22239603743666,EyesOpen,True
sub-043,EyesOpen,posterior,3,-10.359388562934424,19,-10.22239603743666,EyesOpen,True
sub-043,EyesOpen,posterior,4,-10.353873269038077,19,-10.22239603743666,EyesOpen,True
sub-043,EyesOpen,posterior,5,-10.565545067946454,19,-10.22239603743666,EyesOpen,True
sub-044,EyesClosed,posterior,0,-9.82285334377992,19,-9.806858321634607,EyesOpen,False
sub-044,EyesClosed,posterior,1,-9.832105977677816,19,-9.806858321634607,EyesOpen,False
sub-044,EyesClosed,posterior,2,-9.413933967197451,19,-9.806858321634607,EyesClosed,True
sub-044,EyesClosed,posterior,3,-9.299328520633146,19,-9.806858321634607,EyesClosed,True
sub-044,EyesClosed,posterior,4,-9.818390596955473,19,-9.806858321634607,EyesOpen,False
sub-044,EyesClosed,posterior,5,-9.31862055064201,19,-9.806858321634607,EyesClosed,True
sub-044,EyesOpen,posterior,0,-9.808904958809036,19,-9.806858321634607,EyesOpen,True
sub-044,EyesOpen,posterior,1,-9.768235619425246,19,-9.806858321634607,EyesClosed,False
sub-044,EyesOpen,posterior,2,-9.686820789363853,19,-9.806858321634607,EyesClosed,False
sub-044,EyesOpen,posterior,3,-9.858725185190323,19,-9.806858321634607,EyesOpen,True
sub-044,EyesOpen,posterior,4,-9.804811684460176,19,-9.806858321634607,EyesClosed,False
sub-044,EyesOpen,posterior,5,-9.862982106832305,19,-9.806858321634607,EyesOpen,True
sub-045,EyesClosed,posterior,0,-8.584842931298407,19,-9.234496617746128,EyesClosed,True
sub-045,EyesClosed,posterior,1,-8.63621698439515,19,-9.234496617746128,EyesClosed,True
sub-045,EyesClosed,posterior,2,-8.558567186599678,19,-9.234496617746128,EyesClosed,True
sub-045,EyesClosed,posterior,3,-8.569634400949633,19,-9.234496617746128,EyesClosed,True
sub-045,EyesClosed,posterior,4,-8.788704362356306,19,-9.234496617746128,EyesClosed,True
sub-045,EyesClosed,posterior,5,-8.761811510391418,19,-9.234496617746128,EyesClosed,True
sub-045,EyesOpen,posterior,0,-9.953191402910011,19,-9.234496617746128,EyesOpen,True
sub-045,EyesOpen,posterior,1,-9.68028887313595,19,-9.234496617746128,EyesOpen,True
sub-045,EyesOpen,posterior,2,-9.899643799290127,19,-9.234496617746128,EyesOpen,True
sub-045,EyesOpen,posterior,3,-9.708156947607028,19,-9.234496617746128,EyesOpen,True
sub-045,EyesOpen,posterior,4,-9.817832960198322,19,-9.234496617746128,EyesOpen,True
sub-045,EyesOpen,posterior,5,-9.716403449005835,19,-9.234496617746128,EyesOpen,True
sub-046,EyesClosed,posterior,0,-9.567241216380864,19,-10.374065205967952,EyesClosed,True
sub-046,EyesClosed,posterior,1,-9.621517385392675,19,-10.374065205967952,EyesClosed,True
sub-046,EyesClosed,posterior,2,-9.863372739199734,19,-10.374065205967952,EyesClosed,True
sub-046,EyesClosed,posterior,3,-9.898954139054403,19,-10.374065205967952,EyesClosed,True
sub-046,EyesClosed,posterior,4,-9.931469928810275,19,-10.374065205967952,EyesClosed,True
sub-046,EyesClosed,posterior,5,-10.034550965400848,19,-10.374065205967952,EyesClosed,True
sub-046,EyesOpen,posterior,0,-10.545389879525151,19,-10.374065205967952,EyesOpen,True
sub-046,EyesOpen,posterior,1,-10.550097871827099,19,-10.374065205967952,EyesOpen,True
sub-046,EyesOpen,posterior,2,-10.406196197575179,19,-10.374065205967952,EyesOpen,True
sub-046,EyesOpen,posterior,3,-10.374065205967952,19,-10.374065205967952,EyesOpen,True
sub-046,EyesOpen,posterior,4,-10.574914171575857,19,-10.374065205967952,EyesOpen,True
sub-046,EyesOpen,posterior,5,-10.62989604832367,19,-10.374065205967952,EyesOpen,True
sub-046,EyesOpen,posterior,6,-10.378447167907016,19,-10.374065205967952,EyesOpen,True
sub-047,EyesClosed,posterior,0,-10.749726759726373,19,-10.592393321665199,EyesOpen,False
sub-047,EyesClosed,posterior,1,-10.677156803306543,19,-10.592393321665199,EyesOpen,False
sub-047,EyesClosed,posterior,2,-10.553921418856692,19,-10.592393321665199,EyesClosed,True
sub-047,EyesClosed,posterior,3,-10.330859199806067,19,-10.592393321665199,EyesClosed,True
sub-047,EyesClosed,posterior,4,-10.148400045587474,19,-10.592393321665199,EyesClosed,True
sub-047,EyesClosed,posterior,5,-10.376708372244037,19,-10.592393321665199,EyesClosed,True
sub-047,EyesOpen,posterior,0,-10.629499060751582,19,-10.592393321665199,EyesOpen,True
sub-047,EyesOpen,posterior,1,-10.592053741484317,19,-10.592393321665199,EyesClosed,False
sub-047,EyesOpen,posterior,2,-10.574976822874724,19,-10.592393321665199,EyesClosed,False
sub-047,EyesOpen,posterior,3,-10.607119883449501,19,-10.592393321665199,EyesOpen,True
sub-047,EyesOpen,posterior,4,-10.608735525613303,19,-10.592393321665199,EyesOpen,True
sub-047,EyesOpen,posterior,5,-10.592732901846082,19,-10.592393321665199,EyesOpen,True
sub-048,EyesClosed,posterior,0,-9.65927918335556,19,-9.801159718235851,EyesClosed,True
sub-048,EyesClosed,posterior,1,-9.428287336071582,19,-9.801159718235851,EyesClosed,True
sub-048,EyesClosed,posterior,2,-9.335785348622938,19,-9.801159718235851,EyesClosed,True
sub-048,EyesClosed,posterior,3,-9.342054048157003,19,-9.801159718235851,EyesClosed,True
sub-048,EyesClosed,posterior,4,-9.230488417211864,19,-9.801159718235851,EyesClosed,True
sub-048,EyesClosed,posterior,5,-9.441933429764568,19,-9.801159718235851,EyesClosed,True
sub-048,EyesOpen,posterior,0,-10.34717495723411,19,-9.801159718235851,EyesOpen,True
sub-048,EyesOpen,posterior,1,-10.368153085019175,19,-9.801159718235851,EyesOpen,True
sub-048,EyesOpen,posterior,2,-9.943040253116145,19,-9.801159718235851,EyesOpen,True
sub-048,EyesOpen,posterior,3,-10.009129302865455,19,-9.801159718235851,EyesOpen,True
sub-048,EyesOpen,posterior,4,-10.068378981462157,19,-9.801159718235851,EyesOpen,True
sub-048,EyesOpen,posterior,5,-10.153061318466747,19,-9.801159718235851,EyesOpen,True
sub-049,EyesClosed,posterior,0,-8.816207160981387,19,-8.879786539236841,EyesClosed,True
sub-049,EyesClosed,posterior,1,-8.797853542262162,19,-8.879786539236841,EyesClosed,True
sub-049,EyesClosed,posterior,2,-8.753793793523322,19,-8.879786539236841,EyesClosed,True
sub-049,EyesClosed,posterior,3,-8.750517371668742,19,-8.879786539236841,EyesClosed,True
sub-049,EyesClosed,posterior,4,-8.879786539236841,19,-8.879786539236841,EyesOpen,False
sub-049,EyesClosed,posterior,5,-8.836596629406767,19,-8.879786539236841,EyesClosed,True
sub-049,EyesClosed,posterior,6,-8.725070626998273,19,-8.879786539236841,EyesClosed,True
sub-049,EyesOpen,posterior,0,-9.566413026623522,19,-8.879786539236841,EyesOpen,True
sub-049,EyesOpen,posterior,1,-8.990281935969165,19,-8.879786539236841,EyesOpen,True
sub-049,EyesOpen,posterior,2,-9.20651224019902,19,-8.879786539236841,EyesOpen,True
sub-049,EyesOpen,posterior,3,-9.328384222658203,19,-8.879786539236841,EyesOpen,True
sub-049,EyesOpen,posterior,4,-9.39364394811128,19,-8.879786539236841,EyesOpen,True
sub-049,EyesOpen,posterior,5,-9.27642474598097,19,-8.879786539236841,EyesOpen,True
sub-050,EyesClosed,posterior,0,-10.464044849243788,19,-10.465269484357366,EyesClosed,True
sub-050,EyesClosed,posterior,1,-10.41837184145389,19,-10.465269484357366,EyesClosed,True
sub-050,EyesClosed,posterior,2,-10.42341416419187,19,-10.465269484357366,EyesClosed,True
sub-050,EyesClosed,posterior,3,-10.49174168038635,19,-10.465269484357366,EyesOpen,False
sub-050,EyesClosed,posterior,4,-10.623167313686256,19,-10.465269484357366,EyesOpen,False
sub-050,EyesClosed,posterior,5,-10.417715358394746,19,-10.465269484357366,EyesClosed,True
sub-050,EyesOpen,posterior,0,-10.430742795092677,19,-10.465269484357366,EyesClosed,False
sub-050,EyesOpen,posterior,1,-10.518735649799615,19,-10.465269484357366,EyesOpen,True
sub-050,EyesOpen,posterior,2,-10.586704245329901,19,-10.465269484357366,EyesOpen,True
sub-050,EyesOpen,posterior,3,-10.554108080818319,19,-10.465269484357366,EyesOpen,True
sub-050,EyesOpen,posterior,4,-10.457190462812688,19,-10.465269484357366,EyesClosed,False
sub-050,EyesOpen,posterior,5,-10.466494119470944,19,-10.465269484357366,EyesOpen,True
sub-051,EyesClosed,posterior,0,-9.425529888817607,19,-9.743430382844654,EyesClosed,True
sub-051,EyesClosed,posterior,1,-9.012414939343934,19,-9.743430382844654,EyesClosed,True
sub-051,EyesClosed,posterior,2,-9.3308941678276,19,-9.743430382844654,EyesClosed,True
sub-051,EyesClosed,posterior,3,-8.879105309288752,19,-9.743430382844654,EyesClosed,True
sub-051,EyesClosed,posterior,4,-9.231353263053434,19,-9.743430382844654,EyesClosed,True
sub-051,EyesClosed,posterior,5,-8.712359688578685,19,-9.743430382844654,EyesClosed,True
sub-051,EyesOpen,posterior,0,-10.148282156393849,19,-9.743430382844654,EyesOpen,True
sub-051,EyesOpen,posterior,1,-10.101966129730197,19,-9.743430382844654,EyesOpen,True
sub-051,EyesOpen,posterior,2,-10.425690650699902,19,-9.743430382844654,EyesOpen,True
sub-051,EyesOpen,posterior,3,-10.120947597247199,19,-9.743430382844654,EyesOpen,True
sub-051,EyesOpen,posterior,4,-10.104179754257004,19,-9.743430382844654,EyesOpen,True
sub-051,EyesOpen,posterior,5,-10.061330876871702,19,-9.743430382844654,EyesOpen,True
sub-052,EyesClosed,posterior,0,-9.42300108590472,19,-9.433975704052894,EyesClosed,True
sub-052,EyesClosed,posterior,1,-9.005790148139651,19,-9.433975704052894,EyesClosed,True
sub-052,EyesClosed,posterior,2,-9.011531276053377,19,-9.433975704052894,EyesClosed,True
sub-052,EyesClosed,posterior,3,-9.193817104942557,19,-9.433975704052894,EyesClosed,True
sub-052,EyesClosed,posterior,4,-9.444950322201068,19,-9.433975704052894,EyesOpen,False
sub-052,EyesClosed,posterior,5,-9.321089246963128,19,-9.433975704052894,EyesClosed,True
sub-052,EyesOpen,posterior,0,-10.19698760689257,19,-9.433975704052894,EyesOpen,True
sub-052,EyesOpen,posterior,1,-6.219473100051319,19,-9.433975704052894,EyesClosed,False
sub-052,EyesOpen,posterior,2,-10.209382376580532,19,-9.433975704052894,EyesOpen,True
sub-052,EyesOpen,posterior,3,-10.142846383976334,19,-9.433975704052894,EyesOpen,True
sub-052,EyesOpen,posterior,4,-10.219273474253066,19,-9.433975704052894,EyesOpen,True
sub-052,EyesOpen,posterior,5,-10.081935074063642,19,-9.433975704052894,EyesOpen,True
sub-053,EyesClosed,posterior,0,-10.43326314517409,19,-10.43094338275119,EyesOpen,False
sub-053,EyesClosed,posterior,1,-10.423905224288196,19,-10.43094338275119,EyesClosed,True
sub-053,EyesClosed,posterior,2,-10.478200731880387,19,-10.43094338275119,EyesOpen,False
sub-053,EyesClosed,posterior,3,-9.75715621864891,19,-10.43094338275119,EyesClosed,True
sub-053,EyesClosed,posterior,4,-10.016644896076528,19,-10.43094338275119,EyesClosed,True
sub-053,EyesClosed,posterior,5,-10.121727194031873,19,-10.43094338275119,EyesClosed,True
sub-053,EyesOpen,posterior,0,-10.434456204529482,19,-10.43094338275119,EyesOpen,True
sub-053,EyesOpen,posterior,1,-10.583359782146088,19,-10.43094338275119,EyesOpen,True
sub-053,EyesOpen,posterior,2,-10.491523273263331,19,-10.43094338275119,EyesOpen,True
sub-053,EyesOpen,posterior,3,-10.574156703797977,19,-10.43094338275119,EyesOpen,True
sub-053,EyesOpen,posterior,4,-10.40531125287142,19,-10.43094338275119,EyesClosed,False
sub-053,EyesOpen,posterior,5,-10.42862362032829,19,-10.43094338275119,EyesClosed,False
sub-054,EyesClosed,posterior,0,-9.532845710765505,19,-9.938050975271754,EyesClosed,True
sub-054,EyesClosed,posterior,1,-9.76876378011591,19,-9.938050975271754,EyesClosed,True
sub-054,EyesClosed,posterior,2,-9.483436268952751,19,-9.938050975271754,EyesClosed,True
sub-054,EyesClosed,posterior,3,-9.353201272994946,19,-9.938050975271754,EyesClosed,True
sub-054,EyesClosed,posterior,4,-9.300578203415123,19,-9.938050975271754,EyesClosed,True
sub-054,EyesClosed,posterior,5,-9.372143516168371,19,-9.938050975271754,EyesClosed,True
sub-054,EyesOpen,posterior,0,-10.530234659986661,19,-9.938050975271754,EyesOpen,True
sub-054,EyesOpen,posterior,1,-10.1073381704276,19,-9.938050975271754,EyesOpen,True
sub-054,EyesOpen,posterior,2,-10.318395386779184,19,-9.938050975271754,EyesOpen,True
sub-054,EyesOpen,posterior,3,-10.708015318574901,19,-9.938050975271754,EyesOpen,True
sub-054,EyesOpen,posterior,4,-10.687006962849265,19,-9.938050975271754,EyesOpen,True
sub-054,EyesOpen,posterior,5,-10.56382216073687,19,-9.938050975271754,EyesOpen,True
sub-055,EyesClosed,posterior,0,-10.068203577321098,19,-10.21406656601269,EyesClosed,True
sub-055,EyesClosed,posterior,1,-10.359929554704282,19,-10.21406656601269,EyesOpen,False
sub-055,EyesClosed,posterior,2,-9.951262249060482,19,-10.21406656601269,EyesClosed,True
sub-055,EyesClosed,posterior,3,-9.519137418253607,19,-10.21406656601269,EyesClosed,True
sub-055,EyesClosed,posterior,4,-9.647994082734817,19,-10.21406656601269,EyesClosed,True
sub-055,EyesClosed,posterior,5,-9.586033870148166,19,-10.21406656601269,EyesClosed,True
sub-055,EyesOpen,posterior,0,-10.72119314354339,19,-10.21406656601269,EyesOpen,True
sub-055,EyesOpen,posterior,1,-10.62520313097733,19,-10.21406656601269,EyesOpen,True
sub-055,EyesOpen,posterior,2,-9.878549213184352,19,-10.21406656601269,EyesClosed,False
sub-055,EyesOpen,posterior,3,-10.753454139211957,19,-10.21406656601269,EyesOpen,True
sub-055,EyesOpen,posterior,4,-10.607124450047564,19,-10.21406656601269,EyesOpen,True
sub-055,EyesOpen,posterior,5,-10.605733786729042,19,-10.21406656601269,EyesOpen,True
sub-056,EyesClosed,posterior,0,-10.549055706808767,19,-10.599263479179212,EyesClosed,True
sub-056,EyesClosed,posterior,1,-10.596478942219003,19,-10.599263479179212,EyesClosed,True
sub-056,EyesClosed,posterior,2,-10.504558142796645,19,-10.599263479179212,EyesClosed,True
sub-056,EyesClosed,posterior,3,-10.68473399157673,19,-10.599263479179212,EyesOpen,False
sub-056,EyesClosed,posterior,4,-10.627063473635612,19,-10.599263479179212,EyesOpen,False
sub-056,EyesClosed,posterior,5,-10.663794699077568,19,-10.599263479179212,EyesOpen,False
sub-056,EyesOpen,posterior,0,-10.595104026777076,19,-10.599263479179212,EyesClosed,False
sub-056,EyesOpen,posterior,1,-10.545685117551686,19,-10.599263479179212,EyesClosed,False
sub-056,EyesOpen,posterior,2,-10.797032750130903,19,-10.599263479179212,EyesOpen,True
sub-056,EyesOpen,posterior,3,-10.602048016139422,19,-10.599263479179212,EyesOpen,True
sub-056,EyesOpen,posterior,4,-10.561106358678051,19,-10.599263479179212,EyesClosed,False
sub-056,EyesOpen,posterior,5,-10.611019647077498,19,-10.599263479179212,EyesOpen,True
sub-057,EyesClosed,posterior,0,-10.235002022633417,19,-10.221968638043144,EyesOpen,False
sub-057,EyesClosed,posterior,1,-10.033600261566756,19,-10.221968638043144,EyesClosed,True
sub-057,EyesClosed,posterior,2,-10.185284616936693,19,-10.221968638043144,EyesClosed,True
sub-057,EyesClosed,posterior,3,-10.17031670469792,19,-10.221968638043144,EyesClosed,True
sub-057,EyesClosed,posterior,4,-10.132322040868953,19,-10.221968638043144,EyesClosed,True
sub-057,EyesClosed,posterior,5,-10.155261125298416,19,-10.221968638043144,EyesClosed,True
sub-057,EyesOpen,posterior,0,-10.366350001483733,19,-10.221968638043144,EyesOpen,True
sub-057,EyesOpen,posterior,1,-10.250012102621058,19,-10.221968638043144,EyesOpen,True
sub-057,EyesOpen,posterior,2,-10.208935253452871,19,-10.221968638043144,EyesClosed,False
sub-057,EyesOpen,posterior,3,-10.26887099270694,19,-10.221968638043144,EyesOpen,True
sub-057,EyesOpen,posterior,4,-10.298125161913722,19,-10.221968638043144,EyesOpen,True
sub-057,EyesOpen,posterior,5,-10.416981343977033,19,-10.221968638043144,EyesOpen,True
sub-058,EyesClosed,posterior,0,-10.334165056554072,19,-10.464868383797985,EyesClosed,True
sub-058,EyesClosed,posterior,1,-10.459382894657141,19,-10.464868383797985,EyesClosed,True
sub-058,EyesClosed,posterior,2,-10.370931359338206,19,-10.464868383797985,EyesClosed,True
sub-058,EyesClosed,posterior,3,-10.414455577790449,19,-10.464868383797985,EyesClosed,True
sub-058,EyesClosed,posterior,4,-10.283794667029312,19,-10.464868383797985,EyesClosed,True
sub-058,EyesClosed,posterior,5,-10.376451559775631,19,-10.464868383797985,EyesClosed,True
sub-058,EyesOpen,posterior,0,-10.558540039003448,19,-10.464868383797985,EyesOpen,True
sub-058,EyesOpen,posterior,1,-10.470353872938826,19,-10.464868383797985,EyesOpen,True
sub-058,EyesOpen,posterior,2,-10.505625138579912,19,-10.464868383797985,EyesOpen,True
sub-058,EyesOpen,posterior,3,-10.487822695583144,19,-10.464868383797985,EyesOpen,True
sub-058,EyesOpen,posterior,4,-10.543176969253864,19,-10.464868383797985,EyesOpen,True
sub-058,EyesOpen,posterior,5,-10.565451764269207,19,-10.464868383797985,EyesOpen,True
sub-059,EyesClosed,posterior,0,-9.173981349967114,19,-10.110895997401139,EyesClosed,True
sub-059,EyesClosed,posterior,1,-9.837386213413012,19,-10.110895997401139,EyesClosed,True
sub-059,EyesClosed,posterior,2,-9.73980542841958,19,-10.110895997401139,EyesClosed,True
sub-059,EyesClosed,posterior,3,-9.922402780587102,19,-10.110895997401139,EyesClosed,True
sub-059,EyesClosed,posterior,4,-9.769748860456875,19,-10.110895997401139,EyesClosed,True
sub-059,EyesClosed,posterior,5,-9.517316003010018,19,-10.110895997401139,EyesClosed,True
sub-059,EyesOpen,posterior,0,-10.442473627141014,19,-10.110895997401139,EyesOpen,True
sub-059,EyesOpen,posterior,1,-10.541380493289529,19,-10.110895997401139,EyesOpen,True
sub-059,EyesOpen,posterior,2,-10.48347214335072,19,-10.110895997401139,EyesOpen,True
sub-059,EyesOpen,posterior,3,-10.299389214215175,19,-10.110895997401139,EyesOpen,True
sub-059,EyesOpen,posterior,4,-10.345946111274959,19,-10.110895997401139,EyesOpen,True
sub-059,EyesOpen,posterior,5,-10.498753977015886,19,-10.110895997401139,EyesOpen,True
sub-060,EyesClosed,posterior,0,-9.89206022313935,19,-10.068891837389486,EyesClosed,True
sub-060,EyesClosed,posterior,1,-9.842663804301909,19,-10.068891837389486,EyesClosed,True
sub-060,EyesClosed,posterior,2,-9.812158332091649,19,-10.068891837389486,EyesClosed,True
sub-060,EyesClosed,posterior,3,-9.747275851772654,19,-10.068891837389486,EyesClosed,True
sub-060,EyesClosed,posterior,4,-9.91806857779522,19,-10.068891837389486,EyesClosed,True
sub-060,EyesClosed,posterior,5,-9.833499540135993,19,-10.068891837389486,EyesClosed,True
sub-060,EyesOpen,posterior,0,-10.469940688403268,19,-10.068891837389486,EyesOpen,True
sub-060,EyesOpen,posterior,1,-10.269962356740026,19,-10.068891837389486,EyesOpen,True
sub-060,EyesOpen,posterior,2,-10.523676395307277,19,-10.068891837389486,EyesOpen,True
sub-060,EyesOpen,posterior,3,-10.219715096983755,19,-10.068891837389486,EyesOpen,True
sub-060,EyesOpen,posterior,4,-10.310202189523395,19,-10.068891837389486,EyesOpen,True
sub-060,EyesOpen,posterior,5,-10.513137396352272,19,-10.068891837389486,EyesOpen,True
sub-061,EyesClosed,posterior,0,-8.684480761942725,19,-9.163323108149324,EyesClosed,True
sub-061,EyesClosed,posterior,1,-8.777689856945827,19,-9.163323108149324,EyesClosed,True
sub-061,EyesClosed,posterior,2,-8.875287063294767,19,-9.163323108149324,EyesClosed,True
sub-061,EyesClosed,posterior,3,-8.730669895766251,19,-9.163323108149324,EyesClosed,True
sub-061,EyesClosed,posterior,4,-8.795380791406124,19,-9.163323108149324,EyesClosed,True
sub-061,EyesClosed,posterior,5,-8.736185596963539,19,-9.163323108149324,EyesClosed,True
sub-061,EyesOpen,posterior,0,-9.784969182769899,19,-9.163323108149324,EyesOpen,True
sub-061,EyesOpen,posterior,1,-9.882379238015261,19,-9.163323108149324,EyesOpen,True
sub-061,EyesOpen,posterior,2,-10.111171372651638,19,-9.163323108149324,EyesOpen,True
sub-061,EyesOpen,posterior,3,-9.45135915300388,19,-9.163323108149324,EyesOpen,True
sub-061,EyesOpen,posterior,4,-9.572718022417455,19,-9.163323108149324,EyesOpen,True
sub-061,EyesOpen,posterior,5,-9.686391977692393,19,-9.163323108149324,EyesOpen,True
sub-062,EyesClosed,posterior,0,-10.078144054982996,19,-10.152839245934974,EyesClosed,True
sub-062,EyesClosed,posterior,1,-10.013545021685545,19,-10.152839245934974,EyesClosed,True
sub-062,EyesClosed,posterior,2,-10.059303115507822,19,-10.152839245934974,EyesClosed,True
sub-062,EyesClosed,posterior,3,-10.130887639314029,19,-10.152839245934974,EyesClosed,True
sub-062,EyesClosed,posterior,4,-9.986673728670842,19,-10.152839245934974,EyesClosed,True
sub-062,EyesClosed,posterior,5,-10.04132063679936,19,-10.152839245934974,EyesClosed,True
sub-062,EyesOpen,posterior,0,-10.28798351361925,19,-10.152839245934974,EyesOpen,True
sub-062,EyesOpen,posterior,1,-10.324295475563462,19,-10.152839245934974,EyesOpen,True
sub-062,EyesOpen,posterior,2,-10.17479085255592,19,-10.152839245934974,EyesOpen,True
sub-062,EyesOpen,posterior,3,-10.28578595457322,19,-10.152839245934974,EyesOpen,True
sub-062,EyesOpen,posterior,4,-10.284174939704744,19,-10.152839245934974,EyesOpen,True
sub-062,EyesOpen,posterior,5,-10.220195049605724,19,-10.152839245934974,EyesOpen,True
sub-063,EyesClosed,posterior,0,-8.868044711468913,19,-9.155249949353362,EyesClosed,True
sub-063,EyesClosed,posterior,1,-8.995267746090425,19,-9.155249949353362,EyesClosed,True
sub-063,EyesClosed,posterior,2,-8.879045156421236,19,-9.155249949353362,EyesClosed,True
sub-063,EyesClosed,posterior,3,-8.98725619808587,19,-9.155249949353362,EyesClosed,True
sub-063,EyesClosed,posterior,4,-8.942442454352697,19,-9.155249949353362,EyesClosed,True
sub-063,EyesClosed,posterior,5,-8.953060092223483,19,-9.155249949353362,EyesClosed,True
sub-063,EyesOpen,posterior,0,-9.53651095635647,19,-9.155249949353362,EyesOpen,True
sub-063,EyesOpen,posterior,1,-9.483191417321226,19,-9.155249949353362,EyesOpen,True
sub-063,EyesOpen,posterior,2,-9.433026370539821,19,-9.155249949353362,EyesOpen,True
sub-063,EyesOpen,posterior,3,-9.315232152616296,19,-9.155249949353362,EyesOpen,True
sub-063,EyesOpen,posterior,4,-9.452927394943101,19,-9.155249949353362,EyesOpen,True
sub-063,EyesOpen,posterior,5,-9.457539150877649,19,-9.155249949353362,EyesOpen,True
sub-064,EyesClosed,posterior,0,-9.610406120138842,19,-10.062701649101175,EyesClosed,True
sub-064,EyesClosed,posterior,1,-9.606906256151237,19,-10.062701649101175,EyesClosed,True
sub-064,EyesClosed,posterior,2,-9.58239798574054,19,-10.062701649101175,EyesClosed,True
sub-064,EyesClosed,posterior,3,-9.546344736274396,19,-10.062701649101175,EyesClosed,True
sub-064,EyesClosed,posterior,4,-9.614700469192796,19,-10.062701649101175,EyesClosed,True
sub-064,EyesClosed,posterior,5,-9.608714932571589,19,-10.062701649101175,EyesClosed,True
sub-064,EyesOpen,posterior,0,-10.510702829009555,19,-10.062701649101175,EyesOpen,True
sub-064,EyesOpen,posterior,1,-10.541202270158545,19,-10.062701649101175,EyesOpen,True
sub-064,EyesOpen,posterior,2,-10.640115890240313,19,-10.062701649101175,EyesOpen,True
sub-064,EyesOpen,posterior,3,-10.652093325400914,19,-10.062701649101175,EyesOpen,True
sub-064,EyesOpen,posterior,4,-10.632185967778936,19,-10.062701649101175,EyesOpen,True
sub-064,EyesOpen,posterior,5,-10.529925173103369,19,-10.062701649101175,EyesOpen,True
sub-065,EyesClosed,posterior,0,-9.421656162698326,19,-9.725418430024254,EyesClosed,True
sub-065,EyesClosed,posterior,1,-9.309182064704146,19,-9.725418430024254,EyesClosed,True
sub-065,EyesClosed,posterior,2,-9.05600605415382,19,-9.725418430024254,EyesClosed,True
sub-065,EyesClosed,posterior,3,-9.371692924023645,19,-9.725418430024254,EyesClosed,True
sub-065,EyesClosed,posterior,4,-9.179233260908513,19,-9.725418430024254,EyesClosed,True
sub-065,EyesClosed,posterior,5,-9.182959453991636,19,-9.725418430024254,EyesClosed,True
sub-065,EyesOpen,posterior,0,-10.173008807347754,19,-9.725418430024254,EyesOpen,True
sub-065,EyesOpen,posterior,1,-10.029180697350181,19,-9.725418430024254,EyesOpen,True
sub-065,EyesOpen,posterior,2,-10.29052087669934,19,-9.725418430024254,EyesOpen,True
sub-065,EyesOpen,posterior,3,-10.203471674504419,19,-9.725418430024254,EyesOpen,True
sub-065,EyesOpen,posterior,4,-10.122594790461935,19,-9.725418430024254,EyesOpen,True
sub-065,EyesOpen,posterior,5,-10.103464715827714,19,-9.725418430024254,EyesOpen,True
sub-066,EyesClosed,posterior,0,-8.61003303573599,19,-9.171275626325933,EyesClosed,True
sub-066,EyesClosed,posterior,1,-8.568465159764768,19,-9.171275626325933,EyesClosed,True
sub-066,EyesClosed,posterior,2,-8.581057066007554,19,-9.171275626325933,EyesClosed,True
sub-066,EyesClosed,posterior,3,-8.827443372119491,19,-9.171275626325933,EyesClosed,True
sub-066,EyesClosed,posterior,4,-8.645321628985176,19,-9.171275626325933,EyesClosed,True
sub-066,EyesClosed,posterior,5,-8.66466453367704,19,-9.171275626325933,EyesClosed,True
sub-066,EyesOpen,posterior,0,-10.340945779146791,19,-9.171275626325933,EyesOpen,True
sub-066,EyesOpen,posterior,1,-10.193944815443915,19,-9.171275626325933,EyesOpen,True
sub-066,EyesOpen,posterior,2,-10.118747348796168,19,-9.171275626325933,EyesOpen,True
sub-066,EyesOpen,posterior,3,-10.009817245611249,19,-9.171275626325933,EyesOpen,True
sub-066,EyesOpen,posterior,4,-9.515107880532375,19,-9.171275626325933,EyesOpen,True
sub-066,EyesOpen,posterior,5,-10.09321221632511,19,-9.171275626325933,EyesOpen,True
sub-067,EyesClosed,posterior,0,-9.276872741346995,19,-9.678203963498216,EyesClosed,True
sub-067,EyesClosed,posterior,1,-9.17719778340777,19,-9.678203963498216,EyesClosed,True
sub-067,EyesClosed,posterior,2,-9.505387857903038,19,-9.678203963498216,EyesClosed,True
sub-067,EyesClosed,posterior,3,-9.43528029117152,19,-9.678203963498216,EyesClosed,True
sub-067,EyesClosed,posterior,4,-9.437735088088031,19,-9.678203963498216,EyesClosed,True
sub-067,EyesClosed,posterior,5,-9.446601272305273,19,-9.678203963498216,EyesClosed,True
sub-067,EyesOpen,posterior,0,-10.190295014729488,19,-9.678203963498216,EyesOpen,True
sub-067,EyesOpen,posterior,1,-9.966737471602192,19,-9.678203963498216,EyesOpen,True
sub-067,EyesOpen,posterior,2,-9.851020069093394,19,-9.678203963498216,EyesOpen,True
sub-067,EyesOpen,posterior,3,-10.051433180319577,19,-9.678203963498216,EyesOpen,True
sub-067,EyesOpen,posterior,4,-10.184006610525408,19,-9.678203963498216,EyesOpen,True
sub-067,EyesOpen,posterior,5,-10.261303788590316,19,-9.678203963498216,EyesOpen,True
sub-068,EyesClosed,posterior,0,-9.02474749325973,19,-9.436180685121549,EyesClosed,True
sub-068,EyesClosed,posterior,1,-9.118878331964384,19,-9.436180685121549,EyesClosed,True
sub-068,EyesClosed,posterior,2,-8.941643875421121,19,-9.436180685121549,EyesClosed,True
sub-068,EyesClosed,posterior,3,-9.006303706392963,19,-9.436180685121549,EyesClosed,True
sub-068,EyesClosed,posterior,4,-9.0414749097568,19,-9.436180685121549,EyesClosed,True
sub-068,EyesClosed,posterior,5,-9.045298905620976,19,-9.436180685121549,EyesClosed,True
sub-068,EyesOpen,posterior,0,-10.355237847183252,19,-9.436180685121549,EyesOpen,True
sub-068,EyesOpen,posterior,1,-10.20974713071185,19,-9.436180685121549,EyesOpen,True
sub-068,EyesOpen,posterior,2,-10.452171526072707,19,-9.436180685121549,EyesOpen,True
sub-068,EyesOpen,posterior,3,-10.329114760590997,19,-9.436180685121549,EyesOpen,True
sub-068,EyesOpen,posterior,4,-10.593528102726165,19,-9.436180685121549,EyesOpen,True
sub-068,EyesOpen,posterior,5,-9.753483038278715,19,-9.436180685121549,EyesOpen,True
sub-069,EyesClosed,posterior,0,-10.496010505034956,19,-10.505097520612065,EyesClosed,True
sub-069,EyesClosed,posterior,1,-10.515803609334334,19,-10.505097520612065,EyesOpen,False
sub-069,EyesClosed,posterior,2,-10.532457163951618,19,-10.505097520612065,EyesOpen,False
sub-069,EyesClosed,posterior,3,-10.61507935191515,19,-10.505097520612065,EyesOpen,False
sub-069,EyesClosed,posterior,4,-10.618679709277945,19,-10.505097520612065,EyesOpen,False
sub-069,EyesClosed,posterior,5,-10.667714537567377,19,-10.505097520612065,EyesOpen,False
sub-069,EyesOpen,posterior,0,-10.415796849245224,19,-10.505097520612065,EyesClosed,False
sub-069,EyesOpen,posterior,1,-10.379268737280277,19,-10.505097520612065,EyesClosed,False
sub-069,EyesOpen,posterior,2,-10.41380187121602,19,-10.505097520612065,EyesClosed,False
sub-069,EyesOpen,posterior,3,-10.514184536189175,19,-10.505097520612065,EyesOpen,True
sub-069,EyesOpen,posterior,4,-10.40022029155028,19,-10.505097520612065,EyesClosed,False
sub-069,EyesOpen,posterior,5,-10.47152917369772,19,-10.505097520612065,EyesClosed,False
sub-070,EyesClosed,posterior,0,-9.46365163926319,19,-9.985729780843808,EyesClosed,True
sub-070,EyesClosed,posterior,1,-9.515659781899355,19,-9.985729780843808,EyesClosed,True
sub-070,EyesClosed,posterior,2,-9.455408438523435,19,-9.985729780843808,EyesClosed,True
sub-070,EyesClosed,posterior,3,-9.601876379171078,19,-9.985729780843808,EyesClosed,True
sub-070,EyesClosed,posterior,4,-9.64285137554924,19,-9.985729780843808,EyesClosed,True
sub-070,EyesClosed,posterior,5,-9.697859640434215,19,-9.985729780843808,EyesClosed,True
sub-070,EyesOpen,posterior,0,-10.307840964068847,19,-9.985729780843808,EyesOpen,True
sub-070,EyesOpen,posterior,1,-10.2735999212534,19,-9.985729780843808,EyesOpen,True
sub-070,EyesOpen,posterior,2,-10.398291588357079,19,-9.985729780843808,EyesOpen,True
sub-070,EyesOpen,posterior,3,-10.28135664655244,19,-9.985729780843808,EyesOpen,True
sub-070,EyesOpen,posterior,4,-10.338287092614156,19,-9.985729780843808,EyesOpen,True
sub-070,EyesOpen,posterior,5,-10.327415221979097,19,-9.985729780843808,EyesOpen,True
sub-071,EyesClosed,posterior,0,-9.842084819045088,19,-9.78204574940789,EyesOpen,False
sub-071,EyesClosed,posterior,1,-9.242899162617364,19,-9.78204574940789,EyesClosed,True
sub-071,EyesClosed,posterior,2,-9.10779376940224,19,-9.78204574940789,EyesClosed,True
sub-071,EyesClosed,posterior,3,-9.039019825106383,19,-9.78204574940789,EyesClosed,True
sub-071,EyesClosed,posterior,4,-9.127909342427873,19,-9.78204574940789,EyesClosed,True
sub-071,EyesClosed,posterior,5,-9.437989419463056,19,-9.78204574940789,EyesClosed,True
sub-071,EyesOpen,posterior,0,-10.36640136430744,19,-9.78204574940789,EyesOpen,True
sub-071,EyesOpen,posterior,1,-10.451238271213162,19,-9.78204574940789,EyesOpen,True
sub-071,EyesOpen,posterior,2,-9.722006679770693,19,-9.78204574940789,EyesClosed,False
sub-071,EyesOpen,posterior,3,-10.504191816661956,19,-9.78204574940789,EyesOpen,True
sub-071,EyesOpen,posterior,4,-10.48641421358435,19,-9.78204574940789,EyesOpen,True
sub-071,EyesOpen,posterior,5,-10.369866770385634,19,-9.78204574940789,EyesOpen,True
sub-072,EyesClosed,posterior,0,-9.59143993972931,19,-9.93580602201229,EyesClosed,True
sub-072,EyesClosed,posterior,1,-9.48356383840733,19,-9.93580602201229,EyesClosed,True
sub-072,EyesClosed,posterior,2,-9.51383092362568,19,-9.93580602201229,EyesClosed,True
sub-072,EyesClosed,posterior,3,-9.349576878179006,19,-9.93580602201229,EyesClosed,True
sub-072,EyesClosed,posterior,4,-9.153136719658956,19,-9.93580602201229,EyesClosed,True
sub-072,EyesClosed,posterior,5,-9.297565775218532,19,-9.93580602201229,EyesClosed,True
sub-072,EyesOpen,posterior,0,-10.361761461785738,19,-9.93580602201229,EyesOpen,True
sub-072,EyesOpen,posterior,1,-10.522699452710501,19,-9.93580602201229,EyesOpen,True
sub-072,EyesOpen,posterior,2,-10.310319871226328,19,-9.93580602201229,EyesOpen,True
sub-072,EyesOpen,posterior,3,-10.361185858529002,19,-9.93580602201229,EyesOpen,True
sub-072,EyesOpen,posterior,4,-10.280172104295271,19,-9.93580602201229,EyesOpen,True
sub-072,EyesOpen,posterior,5,-10.401517574622567,19,-9.93580602201229,EyesOpen,True
sub-073,EyesClosed,posterior,0,-9.16946707771418,19,-9.573676676941115,EyesClosed,True
sub-073,EyesClosed,posterior,1,-9.234210881520232,19,-9.573676676941115,EyesClosed,True
sub-073,EyesClosed,posterior,2,-9.366751986012645,19,-9.573676676941115,EyesClosed,True
sub-073,EyesClosed,posterior,3,-9.130882657604252,19,-9.573676676941115,EyesClosed,True
sub-073,EyesClosed,posterior,4,-9.260466149798573,19,-9.573676676941115,EyesClosed,True
sub-073,EyesClosed,posterior,5,-9.033349644826703,19,-9.573676676941115,EyesClosed,True
sub-073,EyesOpen,posterior,0,-10.125784037142491,19,-9.573676676941115,EyesOpen,True
sub-073,EyesOpen,posterior,1,-10.336590096994104,19,-9.573676676941115,EyesOpen,True
sub-073,EyesOpen,posterior,2,-10.35787325475512,19,-9.573676676941115,EyesOpen,True
sub-073,EyesOpen,posterior,3,-9.780601367869588,19,-9.573676676941115,EyesOpen,True
sub-073,EyesOpen,posterior,4,-10.10668496675685,19,-9.573676676941115,EyesOpen,True
sub-073,EyesOpen,posterior,5,-9.90828385008758,19,-9.573676676941115,EyesOpen,True
sub-074,EyesClosed,posterior,0,-8.494804685626022,19,-8.740881508972304,EyesClosed,True
sub-074,EyesClosed,posterior,1,-8.477232994328537,19,-8.740881508972304,EyesClosed,True
sub-074,EyesClosed,posterior,2,-8.524462051216535,19,-8.740881508972304,EyesClosed,True
sub-074,EyesClosed,posterior,3,-8.696281216231739,19,-8.740881508972304,EyesClosed,True
sub-074,EyesClosed,posterior,4,-8.713885327320286,19,-8.740881508972304,EyesClosed,True
sub-074,EyesClosed,posterior,5,-8.627233781019685,19,-8.740881508972304,EyesClosed,True
sub-074,EyesOpen,posterior,0,-9.2875462707533,19,-8.740881508972304,EyesOpen,True
sub-074,EyesOpen,posterior,1,-9.08222873914611,19,-8.740881508972304,EyesOpen,True
sub-074,EyesOpen,posterior,2,-8.921754867011565,19,-8.740881508972304,EyesOpen,True
sub-074,EyesOpen,posterior,3,-8.76787769062432,19,-8.740881508972304,EyesOpen,True
sub-074,EyesOpen,posterior,4,-8.891684704498532,19,-8.740881508972304,EyesOpen,True
sub-074,EyesOpen,posterior,5,-8.817548071658726,19,-8.740881508972304,EyesOpen,True
sub-075,EyesClosed,posterior,0,-10.56596500971562,19,-10.259039066396653,EyesOpen,False
sub-075,EyesClosed,posterior,1,-10.147127824043467,19,-10.259039066396653,EyesClosed,True
sub-075,EyesClosed,posterior,2,-9.88447103309095,19,-10.259039066396653,EyesClosed,True
sub-075,EyesClosed,posterior,3,-9.561908627437381,19,-10.259039066396653,EyesClosed,True
sub-075,EyesClosed,posterior,4,-10.000658890052174,19,-10.259039066396653,EyesClosed,True
sub-075,EyesClosed,posterior,5,-10.27855410690346,19,-10.259039066396653,EyesOpen,False
sub-075,EyesOpen,posterior,0,-10.374030752117278,19,-10.259039066396653,EyesOpen,True
sub-075,EyesOpen,posterior,1,-10.255876977989368,19,-10.259039066396653,EyesClosed,False
sub-075,EyesOpen,posterior,2,-10.26220115480394,19,-10.259039066396653,EyesOpen,True
sub-075,EyesOpen,posterior,3,-10.152940194214718,19,-10.259039066396653,EyesClosed,False
sub-075,EyesOpen,posterior,4,-10.309450229783263,19,-10.259039066396653,EyesOpen,True
sub-075,EyesOpen,posterior,5,-10.356657407316854,19,-10.259039066396653,EyesOpen,True
sub-076,EyesClosed,posterior,0,-9.180046868740904,19,-9.28501648178417,EyesClosed,True
sub-076,EyesClosed,posterior,1,-9.247925232391125,19,-9.28501648178417,EyesClosed,True
sub-076,EyesClosed,posterior,2,-9.219249761634533,19,-9.28501648178417,EyesClosed,True
sub-076,EyesClosed,posterior,3,-9.235821458247663,19,-9.28501648178417,EyesClosed,True
sub-076,EyesClosed,posterior,4,-9.093336522852415,19,-9.28501648178417,EyesClosed,True
sub-076,EyesClosed,posterior,5,-9.07362613253586,19,-9.28501648178417,EyesClosed,True
sub-076,EyesOpen,posterior,0,-10.443427962302177,19,-9.28501648178417,EyesOpen,True
sub-076,EyesOpen,posterior,1,-10.570759594512333,19,-9.28501648178417,EyesOpen,True
sub-076,EyesOpen,posterior,2,-10.392632012766164,19,-9.28501648178417,EyesOpen,True
sub-076,EyesOpen,posterior,3,-9.322107731177216,19,-9.28501648178417,EyesOpen,True
sub-076,EyesOpen,posterior,4,-10.418935660187428,19,-9.28501648178417,EyesOpen,True
sub-076,EyesOpen,posterior,5,-10.478967770693846,19,-9.28501648178417,EyesOpen,True
sub-077,EyesClosed,posterior,0,-9.284215053556757,19,-9.607851594843899,EyesClosed,True
sub-077,EyesClosed,posterior,1,-9.270755062978033,19,-9.607851594843899,EyesClosed,True
sub-077,EyesClosed,posterior,2,-9.374317137085194,19,-9.607851594843899,EyesClosed,True
sub-077,EyesClosed,posterior,3,-9.292944438044287,19,-9.607851594843899,EyesClosed,True
sub-077,EyesClosed,posterior,4,-9.434178566207017,19,-9.607851594843899,EyesClosed,True
sub-077,EyesClosed,posterior,5,-9.280861565680775,19,-9.607851594843899,EyesClosed,True
sub-077,EyesOpen,posterior,0,-10.307853540486825,19,-9.607851594843899,EyesOpen,True
sub-077,EyesOpen,posterior,1,-10.39229175026209,19,-9.607851594843899,EyesOpen,True
sub-077,EyesOpen,posterior,2,-9.781524623480781,19,-9.607851594843899,EyesOpen,True
sub-077,EyesOpen,posterior,3,-10.26141531587937,19,-9.607851594843899,EyesOpen,True
sub-077,EyesOpen,posterior,4,-10.375375422365606,19,-9.607851594843899,EyesOpen,True
sub-077,EyesOpen,posterior,5,-9.923507145964843,19,-9.607851594843899,EyesOpen,True
sub-078,EyesClosed,posterior,0,-8.610442274563587,19,-8.904264129071773,EyesClosed,True
sub-078,EyesClosed,posterior,1,-8.693166482827824,19,-8.904264129071773,EyesClosed,True
sub-078,EyesClosed,posterior,2,-8.679227350964911,19,-8.904264129071773,EyesClosed,True
sub-078,EyesClosed,posterior,3,-8.693355704876582,19,-8.904264129071773,EyesClosed,True
sub-078,EyesClosed,posterior,4,-8.717638600826232,19,-8.904264129071773,EyesClosed,True
sub-078,EyesClosed,posterior,5,-8.73101166449081,19,-8.904264129071773,EyesClosed,True
sub-078,EyesOpen,posterior,0,-9.549320066701206,19,-8.904264129071773,EyesOpen,True
sub-078,EyesOpen,posterior,1,-9.38912103910892,19,-8.904264129071773,EyesOpen,True
sub-078,EyesOpen,posterior,2,-9.326025298816035,19,-8.904264129071773,EyesOpen,True
sub-078,EyesOpen,posterior,3,-9.077516593652739,19,-8.904264129071773,EyesOpen,True
sub-078,EyesOpen,posterior,4,-9.168742113115,19,-8.904264129071773,EyesOpen,True
sub-078,EyesOpen,posterior,5,-9.133643576236555,19,-8.904264129071773,EyesOpen,True
sub-079,EyesClosed,posterior,0,-10.255102194060505,19,-10.121882234043705,EyesOpen,False
sub-079,EyesClosed,posterior,1,-9.933272418634738,19,-10.121882234043705,EyesClosed,True
sub-079,EyesClosed,posterior,2,-10.122050464838637,19,-10.121882234043705,EyesOpen,False
sub-079,EyesClosed,posterior,3,-10.050917138463477,19,-10.121882234043705,EyesClosed,True
sub-079,EyesClosed,posterior,4,-10.005729650232457,19,-10.121882234043705,EyesClosed,True
sub-079,EyesClosed,posterior,5,-10.026243946089798,19,-10.121882234043705,EyesClosed,True
sub-079,EyesOpen,posterior,0,-10.170254344526887,19,-10.121882234043705,EyesOpen,True
sub-079,EyesOpen,posterior,1,-10.135388679786681,19,-10.121882234043705,EyesOpen,True
sub-079,EyesOpen,posterior,2,-10.240856439766329,19,-10.121882234043705,EyesOpen,True
sub-079,EyesOpen,posterior,3,-10.204075944277811,19,-10.121882234043705,EyesOpen,True
sub-079,EyesOpen,posterior,4,-10.093889740845366,19,-10.121882234043705,EyesClosed,False
sub-079,EyesOpen,posterior,5,-10.121714003248773,19,-10.121882234043705,EyesClosed,False
sub-080,EyesClosed,posterior,0,-9.630019662218034,19,-10.154280245581592,EyesClosed,True
sub-080,EyesClosed,posterior,1,-9.41016993372321,19,-10.154280245581592,EyesClosed,True
sub-080,EyesClosed,posterior,2,-9.327098478831,19,-10.154280245581592,EyesClosed,True
sub-080,EyesClosed,posterior,3,-9.611776223821442,19,-10.154280245581592,EyesClosed,True
sub-080,EyesClosed,posterior,4,-9.72718551352554,19,-10.154280245581592,EyesClosed,True
sub-080,EyesClosed,posterior,5,-9.533656976869661,19,-10.154280245581592,EyesClosed,True
sub-080,EyesOpen,posterior,0,-10.65234575682245,19,-10.154280245581592,EyesOpen,True
sub-080,EyesOpen,posterior,1,-10.764349561217339,19,-10.154280245581592,EyesOpen,True
sub-080,EyesOpen,posterior,2,-10.735395838350222,19,-10.154280245581592,EyesOpen,True
sub-080,EyesOpen,posterior,3,-10.69476897173312,19,-10.154280245581592,EyesOpen,True
sub-080,EyesOpen,posterior,4,-10.581374977637646,19,-10.154280245581592,EyesOpen,True
sub-080,EyesOpen,posterior,5,-10.592999391240742,19,-10.154280245581592,EyesOpen,True
sub-081,EyesClosed,posterior,0,-8.845520654551928,19,-9.36348552031926,EyesClosed,True
sub-081,EyesClosed,posterior,1,-8.928451337917625,19,-9.36348552031926,EyesClosed,True
sub-081,EyesClosed,posterior,2,-8.83401535251161,19,-9.36348552031926,EyesClosed,True
sub-081,EyesClosed,posterior,3,-8.933297452983487,19,-9.36348552031926,EyesClosed,True
sub-081,EyesClosed,posterior,4,-8.900907671975723,19,-9.36348552031926,EyesClosed,True
sub-081,EyesClosed,posterior,5,-9.035716233688932,19,-9.36348552031926,EyesClosed,True
sub-081,EyesOpen,posterior,0,-9.932646703439945,19,-9.36348552031926,EyesOpen,True
sub-081,EyesOpen,posterior,1,-10.061420330002349,19,-9.36348552031926,EyesOpen,True
sub-081,EyesOpen,posterior,2,-9.707368246193104,19,-9.36348552031926,EyesOpen,True
sub-081,EyesOpen,posterior,3,-9.691254806949589,19,-9.36348552031926,EyesOpen,True
sub-081,EyesOpen,posterior,4,-9.851883433797761,19,-9.36348552031926,EyesOpen,True
sub-081,EyesOpen,posterior,5,-9.712318022229775,19,-9.36348552031926,EyesOpen,True
sub-082,EyesClosed,posterior,0,-9.334628040102636,19,-9.493744534055775,EyesClosed,True
sub-082,EyesClosed,posterior,1,-8.76063726538813,19,-9.493744534055775,EyesClosed,True
sub-082,EyesClosed,posterior,2,-9.050812839715073,19,-9.493744534055775,EyesClosed,True
sub-082,EyesClosed,posterior,3,-8.83546435173753,19,-9.493744534055775,EyesClosed,True
sub-082,EyesClosed,posterior,4,-8.73413803587081,19,-9.493744534055775,EyesClosed,True
sub-082,EyesClosed,posterior,5,-8.902299718715422,19,-9.493744534055775,EyesClosed,True
sub-082,EyesOpen,posterior,0,-9.838251149446377,19,-9.493744534055775,EyesOpen,True
sub-082,EyesOpen,posterior,1,-9.985755792046664,19,-9.493744534055775,EyesOpen,True
sub-082,EyesOpen,posterior,2,-9.672548391491723,19,-9.493744534055775,EyesOpen,True
sub-082,EyesOpen,posterior,3,-9.710917170471156,19,-9.493744534055775,EyesOpen,True
sub-082,EyesOpen,posterior,4,-9.79701453660741,19,-9.493744534055775,EyesOpen,True
sub-082,EyesOpen,posterior,5,-9.652861028008912,19,-9.493744534055775,EyesOpen,True
sub-083,EyesClosed,posterior,0,-9.629399166288856,19,-9.724266314387828,EyesClosed,True
sub-083,EyesClosed,posterior,1,-9.763314456113209,19,-9.724266314387828,EyesOpen,False
sub-083,EyesClosed,posterior,2,-9.453704220916002,19,-9.724266314387828,EyesClosed,True
sub-083,EyesClosed,posterior,3,-9.327412971853665,19,-9.724266314387828,EyesClosed,True
sub-083,EyesClosed,posterior,4,-9.685218172662447,19,-9.724266314387828,EyesClosed,True
sub-083,EyesClosed,posterior,5,-9.488977312624757,19,-9.724266314387828,EyesClosed,True
sub-083,EyesOpen,posterior,0,-9.839837349877152,19,-9.724266314387828,EyesOpen,True
sub-083,EyesOpen,posterior,1,-10.310113551073249,19,-9.724266314387828,EyesOpen,True
sub-083,EyesOpen,posterior,2,-10.284083045925987,19,-9.724266314387828,EyesOpen,True
sub-083,EyesOpen,posterior,3,-9.675597442374952,19,-9.724266314387828,EyesClosed,False
sub-083,EyesOpen,posterior,4,-10.129369640935115,19,-9.724266314387828,EyesOpen,True
sub-083,EyesOpen,posterior,5,-10.371706369986297,19,-9.724266314387828,EyesOpen,True
sub-084,EyesClosed,posterior,0,-8.93130422562323,19,-9.01048096015494,EyesClosed,True
sub-084,EyesClosed,posterior,1,-8.856745760007257,19,-9.01048096015494,EyesClosed,True
sub-084,EyesClosed,posterior,2,-8.859364599424817,19,-9.01048096015494,EyesClosed,True
sub-084,EyesClosed,posterior,3,-8.930977895728626,19,-9.01048096015494,EyesClosed,True
sub-084,EyesClosed,posterior,4,-8.98724910142847,19,-9.01048096015494,EyesClosed,True
sub-084,EyesClosed,posterior,5,-8.823283190965999,19,-9.01048096015494,EyesClosed,True
sub-084,EyesOpen,posterior,0,-9.373865670010039,19,-9.01048096015494,EyesOpen,True
sub-084,EyesOpen,posterior,1,-9.23309729786023,19,-9.01048096015494,EyesOpen,True
sub-084,EyesOpen,posterior,2,-9.52393339401925,19,-9.01048096015494,EyesOpen,True
sub-084,EyesOpen,posterior,3,-9.03371281888141,19,-9.01048096015494,EyesOpen,True
sub-084,EyesOpen,posterior,4,-9.052161514259158,19,-9.01048096015494,EyesOpen,True
sub-084,EyesOpen,posterior,5,-9.315953151308003,19,-9.01048096015494,EyesOpen,True
sub-085,EyesClosed,posterior,0,-9.658627193539026,19,-9.836878278713531,EyesClosed,True
sub-085,EyesClosed,posterior,1,-9.515816194457534,19,-9.836878278713531,EyesClosed,True
sub-085,EyesClosed,posterior,2,-9.628606959997494,19,-9.836878278713531,EyesClosed,True
sub-085,EyesClosed,posterior,3,-9.673770014089605,19,-9.836878278713531,EyesClosed,True
sub-085,EyesClosed,posterior,4,-9.523651393691969,19,-9.836878278713531,EyesClosed,True
sub-085,EyesClosed,posterior,5,-9.507092335396528,19,-9.836878278713531,EyesClosed,True
sub-085,EyesOpen,posterior,0,-10.103195585052221,19,-9.836878278713531,EyesOpen,True
sub-085,EyesOpen,posterior,1,-10.184526550445055,19,-9.836878278713531,EyesOpen,True
sub-085,EyesOpen,posterior,2,-10.089383296161806,19,-9.836878278713531,EyesOpen,True
sub-085,EyesOpen,posterior,3,-10.206226793335707,19,-9.836878278713531,EyesOpen,True
sub-085,EyesOpen,posterior,4,-10.033614088588454,19,-9.836878278713531,EyesOpen,True
sub-085,EyesOpen,posterior,5,-9.999986543337457,19,-9.836878278713531,EyesOpen,True
sub-086,EyesClosed,posterior,0,-9.379521121819844,19,-9.995566004762303,EyesClosed,True
sub-086,EyesClosed,posterior,1,-9.641960016209284,19,-9.995566004762303,EyesClosed,True
sub-086,EyesClosed,posterior,2,-9.785717295838463,19,-9.995566004762303,EyesClosed,True
sub-086,EyesClosed,posterior,3,-9.780623123854788,19,-9.995566004762303,EyesClosed,True
sub-086,EyesClosed,posterior,4,-9.740753553155512,19,-9.995566004762303,EyesClosed,True
sub-086,EyesClosed,posterior,5,-9.762559930646713,19,-9.995566004762303,EyesClosed,True
sub-086,EyesOpen,posterior,0,-10.475525412361685,19,-9.995566004762303,EyesOpen,True
sub-086,EyesOpen,posterior,1,-10.358583561640028,19,-9.995566004762303,EyesOpen,True
sub-086,EyesOpen,posterior,2,-10.205414713686144,19,-9.995566004762303,EyesOpen,True
sub-086,EyesOpen,posterior,3,-10.301530482230106,19,-9.995566004762303,EyesOpen,True
sub-086,EyesOpen,posterior,4,-10.44165151343002,19,-9.995566004762303,EyesOpen,True
sub-086,EyesOpen,posterior,5,-10.451266347940606,19,-9.995566004762303,EyesOpen,True
sub-087,EyesClosed,posterior,0,-10.443765723277538,19,-10.44220906697813,EyesOpen,False
sub-087,EyesClosed,posterior,1,-10.605374910692563,19,-10.44220906697813,EyesOpen,False
sub-087,EyesClosed,posterior,2,-10.419253038208659,19,-10.44220906697813,EyesClosed,True
sub-087,EyesClosed,posterior,3,-10.282636462832375,19,-10.44220906697813,EyesClosed,True
sub-087,EyesClosed,posterior,4,-10.64461866335476,19,-10.44220906697813,EyesOpen,False
sub-087,EyesClosed,posterior,5,-10.440652410678723,19,-10.44220906697813,EyesClosed,True
sub-087,EyesOpen,posterior,0,-10.552348380081238,19,-10.44220906697813,EyesOpen,True
sub-087,EyesOpen,posterior,1,-10.450950532158812,19,-10.44220906697813,EyesOpen,True
sub-087,EyesOpen,posterior,2,-10.418706774022617,19,-10.44220906697813,EyesClosed,False
sub-087,EyesOpen,posterior,3,-10.498964600194862,19,-10.44220906697813,EyesOpen,True
sub-087,EyesOpen,posterior,4,-10.257708552293225,19,-10.44220906697813,EyesClosed,False
sub-087,EyesOpen,posterior,5,-10.404912824006777,19,-10.44220906697813,EyesClosed,False
sub-088,EyesClosed,posterior,0,-9.584228205197546,19,-9.674236818283216,EyesClosed,True
sub-088,EyesClosed,posterior,1,-9.3531379404682,19,-9.674236818283216,EyesClosed,True
sub-088,EyesClosed,posterior,2,-9.537125740666992,19,-9.674236818283216,EyesClosed,True
sub-088,EyesClosed,posterior,3,-9.214061727157361,19,-9.674236818283216,EyesClosed,True
sub-088,EyesClosed,posterior,4,-9.158414486416175,19,-9.674236818283216,EyesClosed,True
sub-088,EyesClosed,posterior,5,-9.062607739101662,19,-9.674236818283216,EyesClosed,True
sub-088,EyesOpen,posterior,0,-10.499090516473787,19,-9.674236818283216,EyesOpen,True
sub-088,EyesOpen,posterior,1,-10.203881834213133,19,-9.674236818283216,EyesOpen,True
sub-088,EyesOpen,posterior,2,-10.520739276106122,19,-9.674236818283216,EyesOpen,True
sub-088,EyesOpen,posterior,3,-10.410240503940665,19,-9.674236818283216,EyesOpen,True
sub-088,EyesOpen,posterior,4,-10.331546814105481,19,-9.674236818283216,EyesOpen,True
sub-088,EyesOpen,posterior,5,-9.764245431368886,19,-9.674236818283216,EyesOpen,True
sub-089,EyesClosed,posterior,0,-10.051342581937275,19,-9.921848361965505,EyesOpen,False
sub-089,EyesClosed,posterior,1,-9.761949939384866,19,-9.921848361965505,EyesClosed,True
sub-089,EyesClosed,posterior,2,-9.923341138178122,19,-9.921848361965505,EyesOpen,False
sub-089,EyesClosed,posterior,3,-9.930212888628384,19,-9.921848361965505,EyesOpen,False
sub-089,EyesClosed,posterior,4,-9.911328690224275,19,-9.921848361965505,EyesClosed,True
sub-089,EyesClosed,posterior,5,-9.703846738549199,19,-9.921848361965505,EyesClosed,True
sub-089,EyesOpen,posterior,0,-9.92035558575289,19,-9.921848361965505,EyesClosed,False
sub-089,EyesOpen,posterior,1,-10.467810745613235,19,-9.921848361965505,EyesOpen,True
sub-089,EyesOpen,posterior,2,-9.460765416541687,19,-9.921848361965505,EyesClosed,False
sub-089,EyesOpen,posterior,3,-10.081313274265174,19,-9.921848361965505,EyesOpen,True
sub-089,EyesOpen,posterior,4,-10.44808246337511,19,-9.921848361965505,EyesOpen,True
sub-089,EyesOpen,posterior,5,-9.870676879529531,19,-9.921848361965505,EyesClosed,False
sub-090,EyesClosed,posterior,0,-9.823080512168147,19,-10.072983243254729,EyesClosed,True
sub-090,EyesClosed,posterior,1,-9.206745918532894,19,-10.072983243254729,EyesClosed,True
sub-090,EyesClosed,posterior,2,-9.058634535167633,19,-10.072983243254729,EyesClosed,True
sub-090,EyesClosed,posterior,3,-9.010055830155999,19,-10.072983243254729,EyesClosed,True
sub-090,EyesClosed,posterior,4,-9.368019807358095,19,-10.072983243254729,EyesClosed,True
sub-090,EyesClosed,posterior,5,-9.384558843855316,19,-10.072983243254729,EyesClosed,True
sub-090,EyesOpen,posterior,0,-10.422683985417464,19,-10.072983243254729,EyesOpen,True
sub-090,EyesOpen,posterior,1,-10.407860162998732,19,-10.072983243254729,EyesOpen,True
sub-090,EyesOpen,posterior,2,-10.411854114861997,19,-10.072983243254729,EyesOpen,True
sub-090,EyesOpen,posterior,3,-10.428781675787475,19,-10.072983243254729,EyesOpen,True
sub-090,EyesOpen,posterior,4,-10.322885974341311,19,-10.072983243254729,EyesOpen,True
sub-090,EyesOpen,posterior,5,-10.516076170436179,19,-10.072983243254729,EyesOpen,True
sub-091,EyesClosed,posterior,0,-8.74008496133237,19,-9.2224960002908,EyesClosed,True
sub-091,EyesClosed,posterior,1,-8.670257459006926,19,-9.2224960002908,EyesClosed,True
sub-091,EyesClosed,posterior,2,-8.896750195174757,19,-9.2224960002908,EyesClosed,True
sub-091,EyesClosed,posterior,3,-8.62567027623352,19,-9.2224960002908,EyesClosed,True
sub-091,EyesClosed,posterior,4,-8.639898063558194,19,-9.2224960002908,EyesClosed,True
sub-091,EyesClosed,posterior,5,-8.83990935620096,19,-9.2224960002908,EyesClosed,True
sub-091,EyesOpen,posterior,0,-10.107404407834235,19,-9.2224960002908,EyesOpen,True
sub-091,EyesOpen,posterior,1,-9.747429060676733,19,-9.2224960002908,EyesOpen,True
sub-091,EyesOpen,posterior,2,-9.812474286058148,19,-9.2224960002908,EyesOpen,True
sub-091,EyesOpen,posterior,3,-9.54824180540684,19,-9.2224960002908,EyesOpen,True
sub-091,EyesOpen,posterior,4,-9.763550250827867,19,-9.2224960002908,EyesOpen,True
sub-091,EyesOpen,posterior,5,-10.021329588516938,19,-9.2224960002908,EyesOpen,True
sub-092,EyesClosed,posterior,0,-8.867639833081684,19,-9.359917399294396,EyesClosed,True
sub-092,EyesClosed,posterior,1,-8.869024382568451,19,-9.359917399294396,EyesClosed,True
sub-092,EyesClosed,posterior,2,-8.830070345479353,19,-9.359917399294396,EyesClosed,True
sub-092,EyesClosed,posterior,3,-8.788542126707217,19,-9.359917399294396,EyesClosed,True
sub-092,EyesClosed,posterior,4,-8.864968247993264,19,-9.359917399294396,EyesClosed,True
sub-092,EyesClosed,posterior,5,-8.867920007367035,19,-9.359917399294396,EyesClosed,True
sub-092,EyesOpen,posterior,0,-10.006506514566732,19,-9.359917399294396,EyesOpen,True
sub-092,EyesOpen,posterior,1,-9.882587985063713,19,-9.359917399294396,EyesOpen,True
sub-092,EyesOpen,posterior,2,-10.14253346913816,19,-9.359917399294396,EyesOpen,True
sub-092,EyesOpen,posterior,3,-9.850810416020341,19,-9.359917399294396,EyesOpen,True
sub-092,EyesOpen,posterior,4,-9.877602145775715,19,-9.359917399294396,EyesOpen,True
sub-092,EyesOpen,posterior,5,-9.93030053802522,19,-9.359917399294396,EyesOpen,True
sub-093,EyesClosed,posterior,0,-9.81797087045709,19,-10.282154917110669,EyesClosed,True
sub-093,EyesClosed,posterior,1,-10.178708003829255,19,-10.282154917110669,EyesClosed,True
sub-093,EyesClosed,posterior,2,-10.01327618093199,19,-10.282154917110669,EyesClosed,True
sub-093,EyesClosed,posterior,3,-9.887443542174985,19,-10.282154917110669,EyesClosed,True
sub-093,EyesClosed,posterior,4,-10.119162111170889,19,-10.282154917110669,EyesClosed,True
sub-093,EyesClosed,posterior,5,-9.907183294220019,19,-10.282154917110669,EyesClosed,True
sub-093,EyesOpen,posterior,0,-10.467771442410584,19,-10.282154917110669,EyesOpen,True
sub-093,EyesOpen,posterior,1,-10.55294917329472,19,-10.282154917110669,EyesOpen,True
sub-093,EyesOpen,posterior,2,-10.433019461654752,19,-10.282154917110669,EyesOpen,True
sub-093,EyesOpen,posterior,3,-10.468515939548993,19,-10.282154917110669,EyesOpen,True
sub-093,EyesOpen,posterior,4,-10.442005133201565,19,-10.282154917110669,EyesOpen,True
sub-093,EyesOpen,posterior,5,-10.385601830392082,19,-10.282154917110669,EyesOpen,True
sub-094,EyesClosed,posterior,0,-9.204386712528912,19,-9.581037416989394,EyesClosed,True
sub-094,EyesClosed,posterior,1,-9.225558450371182,19,-9.581037416989394,EyesClosed,True
sub-094,EyesClosed,posterior,2,-9.18993418181857,19,-9.581037416989394,EyesClosed,True
sub-094,EyesClosed,posterior,3,-8.974675334827952,19,-9.581037416989394,EyesClosed,True
sub-094,EyesClosed,posterior,4,-9.161543659823653,19,-9.581037416989394,EyesClosed,True
sub-094,EyesClosed,posterior,5,-9.113930400729013,19,-9.581037416989394,EyesClosed,True
sub-094,EyesOpen,posterior,0,-9.933732634641704,19,-9.581037416989394,EyesOpen,True
sub-094,EyesOpen,posterior,1,-9.581037416989394,19,-9.581037416989394,EyesOpen,True
sub-094,EyesOpen,posterior,2,-10.1808302488316,19,-9.581037416989394,EyesOpen,True
sub-094,EyesOpen,posterior,3,-9.83058952863462,19,-9.581037416989394,EyesOpen,True
sub-094,EyesOpen,posterior,4,-9.9259484511637,19,-9.581037416989394,EyesOpen,True
sub-094,EyesOpen,posterior,5,-9.96108151327032,19,-9.581037416989394,EyesOpen,True
sub-094,EyesOpen,posterior,6,-9.64629982382388,19,-9.581037416989394,EyesOpen,True
sub-095,EyesClosed,posterior,0,-9.677575130844625,19,-9.605669848880925,EyesOpen,False
sub-095,EyesClosed,posterior,1,-9.70985499331169,19,-9.605669848880925,EyesOpen,False
sub-095,EyesClosed,posterior,2,-9.420586847133007,19,-9.605669848880925,EyesClosed,True
sub-095,EyesClosed,posterior,3,-9.509881516948294,19,-9.605669848880925,EyesClosed,True
sub-095,EyesClosed,posterior,4,-9.533764566917224,19,-9.605669848880925,EyesClosed,True
sub-095,EyesClosed,posterior,5,-9.866409764990703,19,-9.605669848880925,EyesOpen,False
sub-095,EyesOpen,posterior,0,-9.731135298705023,19,-9.605669848880925,EyesOpen,True
sub-095,EyesOpen,posterior,1,-9.956568330542774,19,-9.605669848880925,EyesOpen,True
sub-095,EyesOpen,posterior,2,-9.890480003230577,19,-9.605669848880925,EyesOpen,True
sub-095,EyesOpen,posterior,3,-9.405802857682989,19,-9.605669848880925,EyesClosed,False
sub-095,EyesOpen,posterior,4,-9.395040126962128,19,-9.605669848880925,EyesClosed,False
sub-095,EyesOpen,posterior,5,-9.365070393686597,19,-9.605669848880925,EyesClosed,False
sub-096,EyesClosed,posterior,0,-10.240766683437123,19,-10.407902273208233,EyesClosed,True
sub-096,EyesClosed,posterior,1,-10.32018711781531,19,-10.407902273208233,EyesClosed,True
sub-096,EyesClosed,posterior,2,-10.12831900975995,19,-10.407902273208233,EyesClosed,True
sub-096,EyesClosed,posterior,3,-10.350838615902278,19,-10.407902273208233,EyesClosed,True
sub-096,EyesClosed,posterior,4,-10.365384400823265,19,-10.407902273208233,EyesClosed,True
sub-096,EyesClosed,posterior,5,-10.30382961343868,19,-10.407902273208233,EyesClosed,True
sub-096,EyesOpen,posterior,0,-10.457798541565543,19,-10.407902273208233,EyesOpen,True
sub-096,EyesOpen,posterior,1,-10.4504201455932,19,-10.407902273208233,EyesOpen,True
sub-096,EyesOpen,posterior,2,-10.50825535234776,19,-10.407902273208233,EyesOpen,True
sub-096,EyesOpen,posterior,3,-10.512383379971588,19,-10.407902273208233,EyesOpen,True
sub-096,EyesOpen,posterior,4,-10.519487507261525,19,-10.407902273208233,EyesOpen,True
sub-096,EyesOpen,posterior,5,-10.556888425224546,19,-10.407902273208233,EyesOpen,True
sub-097,EyesClosed,posterior,0,-9.523606082094267,19,-9.5695726414865,EyesClosed,True
sub-097,EyesClosed,posterior,1,-9.036909844660524,19,-9.5695726414865,EyesClosed,True
sub-097,EyesClosed,posterior,2,-8.854954509598427,19,-9.5695726414865,EyesClosed,True
sub-097,EyesClosed,posterior,3,-8.992755499016912,19,-9.5695726414865,EyesClosed,True
sub-097,EyesClosed,posterior,4,-9.005957653045488,19,-9.5695726414865,EyesClosed,True
sub-097,EyesClosed,posterior,5,-8.920620957509664,19,-9.5695726414865,EyesClosed,True
sub-097,EyesOpen,posterior,0,-10.006965047091983,19,-9.5695726414865,EyesOpen,True
sub-097,EyesOpen,posterior,1,-10.043181520344724,19,-9.5695726414865,EyesOpen,True
sub-097,EyesOpen,posterior,2,-9.875252387675568,19,-9.5695726414865,EyesOpen,True
sub-097,EyesOpen,posterior,3,-9.932021272195827,19,-9.5695726414865,EyesOpen,True
sub-097,EyesOpen,posterior,4,-9.694510479935722,19,-9.5695726414865,EyesOpen,True
sub-097,EyesOpen,posterior,5,-9.615539200878734,19,-9.5695726414865,EyesOpen,True
sub-098,EyesClosed,posterior,0,-8.849297122744773,19,-9.29599750737752,EyesClosed,True
sub-098,EyesClosed,posterior,1,-8.902636698193314,19,-9.29599750737752,EyesClosed,True
sub-098,EyesClosed,posterior,2,-8.98753591422823,19,-9.29599750737752,EyesClosed,True
sub-098,EyesClosed,posterior,3,-8.959053563574365,19,-9.29599750737752,EyesClosed,True
sub-098,EyesClosed,posterior,4,-8.919103151193584,19,-9.29599750737752,EyesClosed,True
sub-098,EyesClosed,posterior,5,-8.850358799525416,19,-9.29599750737752,EyesClosed,True
sub-098,EyesOpen,posterior,0,-10.207977509185891,19,-9.29599750737752,EyesOpen,True
sub-098,EyesOpen,posterior,1,-9.91458147987251,19,-9.29599750737752,EyesOpen,True
sub-098,EyesOpen,posterior,2,-9.84373301603778,19,-9.29599750737752,EyesOpen,True
sub-098,EyesOpen,posterior,3,-9.604459100526809,19,-9.29599750737752,EyesOpen,True
sub-098,EyesOpen,posterior,4,-9.949924580540504,19,-9.29599750737752,EyesOpen,True
sub-098,EyesOpen,posterior,5,-9.734745636045686,19,-9.29599750737752,EyesOpen,True
sub-099,EyesClosed,posterior,0,-9.503274933336003,19,-10.024411237902726,EyesClosed,True
sub-099,EyesClosed,posterior,1,-9.920363706834442,19,-10.024411237902726,EyesClosed,True
sub-099,EyesClosed,posterior,2,-9.72565006041197,19,-10.024411237902726,EyesClosed,True
sub-099,EyesClosed,posterior,3,-9.867176643525728,19,-10.024411237902726,EyesClosed,True
sub-099,EyesClosed,posterior,4,-9.875448787241162,19,-10.024411237902726,EyesClosed,True
sub-099,EyesClosed,posterior,5,-9.834845043252184,19,-10.024411237902726,EyesClosed,True
sub-099,EyesOpen,posterior,0,-10.228992564346166,19,-10.024411237902726,EyesOpen,True
sub-099,EyesOpen,posterior,1,-10.163230905646659,19,-10.024411237902726,EyesOpen,True
sub-099,EyesOpen,posterior,2,-10.160711372474752,19,-10.024411237902726,EyesOpen,True
sub-099,EyesOpen,posterior,3,-10.23804264739231,19,-10.024411237902726,EyesOpen,True
sub-099,EyesOpen,posterior,4,-10.128458768971008,19,-10.024411237902726,EyesOpen,True
sub-099,EyesOpen,posterior,5,-10.259369670040405,19,-10.024411237902726,EyesOpen,True
sub-100,EyesClosed,posterior,0,-10.482331130784923,19,-10.365648152152165,EyesOpen,False
sub-100,EyesClosed,posterior,1,-10.347860061804493,19,-10.365648152152165,EyesClosed,True
sub-100,EyesClosed,posterior,2,-10.339248238904485,19,-10.365648152152165,EyesClosed,True
sub-100,EyesClosed,posterior,3,-10.141848255105229,19,-10.365648152152165,EyesClosed,True
sub-100,EyesClosed,posterior,4,-10.099370925829936,19,-10.365648152152165,EyesClosed,True
sub-100,EyesClosed,posterior,5,-10.221120569118396,19,-10.365648152152165,EyesClosed,True
sub-100,EyesOpen,posterior,0,-10.404329024281559,19,-10.365648152152165,EyesOpen,True
sub-100,EyesOpen,posterior,1,-10.378285889026886,19,-10.365648152152165,EyesOpen,True
sub-100,EyesOpen,posterior,2,-10.452828904612142,19,-10.365648152152165,EyesOpen,True
sub-100,EyesOpen,posterior,3,-10.410159655477038,19,-10.365648152152165,EyesOpen,True
sub-100,EyesOpen,posterior,4,-10.376811410508274,19,-10.365648152152165,EyesOpen,True
sub-100,EyesOpen,posterior,5,-10.354484893796057,19,-10.365648152152165,EyesClosed,False
sub-101,EyesClosed,posterior,0,-9.975745346161814,19,-10.078336740352727,EyesClosed,True
sub-101,EyesClosed,posterior,1,-9.949535189347431,19,-10.078336740352727,EyesClosed,True
sub-101,EyesClosed,posterior,2,-10.000107016083401,19,-10.078336740352727,EyesClosed,True
sub-101,EyesClosed,posterior,3,-10.055619659738799,19,-10.078336740352727,EyesClosed,True
sub-101,EyesClosed,posterior,4,-10.06148382415713,19,-10.078336740352727,EyesClosed,True
sub-101,EyesClosed,posterior,5,-9.921144832716735,19,-10.078336740352727,EyesClosed,True
sub-101,EyesOpen,posterior,0,-10.238130498247445,19,-10.078336740352727,EyesOpen,True
sub-101,EyesOpen,posterior,1,-10.095189656548325,19,-10.078336740352727,EyesOpen,True
sub-101,EyesOpen,posterior,2,-10.148369410806584,19,-10.078336740352727,EyesOpen,True
sub-101,EyesOpen,posterior,3,-10.234966099708029,19,-10.078336740352727,EyesOpen,True
sub-101,EyesOpen,posterior,4,-10.101125899183343,19,-10.078336740352727,EyesOpen,True
sub-101,EyesOpen,posterior,5,-10.193671402751306,19,-10.078336740352727,EyesOpen,True
sub-102,EyesClosed,posterior,0,-9.00051423263776,19,-9.787069150512558,EyesClosed,True
sub-102,EyesClosed,posterior,1,-8.966699994541392,19,-9.787069150512558,EyesClosed,True
sub-102,EyesClosed,posterior,2,-8.755342094058816,19,-9.787069150512558,EyesClosed,True
sub-102,EyesClosed,posterior,3,-9.105662360067829,19,-9.787069150512558,EyesClosed,True
sub-102,EyesClosed,posterior,4,-8.88233410760556,19,-9.787069150512558,EyesClosed,True
sub-102,EyesClosed,posterior,5,-8.874884521905733,19,-9.787069150512558,EyesClosed,True
sub-102,EyesOpen,posterior,0,-10.491425923630276,19,-9.787069150512558,EyesOpen,True
sub-102,EyesOpen,posterior,1,-10.469222012216173,19,-9.787069150512558,EyesOpen,True
sub-102,EyesOpen,posterior,2,-10.468475940957287,19,-9.787069150512558,EyesOpen,True
sub-102,EyesOpen,posterior,3,-10.58245429636055,19,-9.787069150512558,EyesOpen,True
sub-102,EyesOpen,posterior,4,-10.472038967438566,19,-9.787069150512558,EyesOpen,True
sub-102,EyesOpen,posterior,5,-10.592408942782438,19,-9.787069150512558,EyesOpen,True
sub-103,EyesClosed,posterior,0,-9.143656022348981,19,-9.40032482584758,EyesClosed,True
sub-103,EyesClosed,posterior,1,-9.188080235473,19,-9.40032482584758,EyesClosed,True
sub-103,EyesClosed,posterior,2,-9.03085939723616,19,-9.40032482584758,EyesClosed,True
sub-103,EyesClosed,posterior,3,-9.119496763241004,19,-9.40032482584758,EyesClosed,True
sub-103,EyesClosed,posterior,4,-9.13893614102331,19,-9.40032482584758,EyesClosed,True
sub-103,EyesClosed,posterior,5,-9.392312572746437,19,-9.40032482584758,EyesClosed,True
sub-103,EyesOpen,posterior,0,-9.561146318608742,19,-9.40032482584758,EyesOpen,True
sub-103,EyesOpen,posterior,1,-9.534866502569432,19,-9.40032482584758,EyesOpen,True
sub-103,EyesOpen,posterior,2,-9.408337078948724,19,-9.40032482584758,EyesOpen,True
sub-103,EyesOpen,posterior,3,-9.486529885675926,19,-9.40032482584758,EyesOpen,True
sub-103,EyesOpen,posterior,4,-9.840802253902325,19,-9.40032482584758,EyesOpen,True
sub-103,EyesOpen,posterior,5,-9.477235249365204,19,-9.40032482584758,EyesOpen,True
sub-104,EyesClosed,posterior,0,-10.519456618310118,19,-10.567392576034825,EyesClosed,True
sub-104,EyesClosed,posterior,1,-10.431548418708289,19,-10.567392576034825,EyesClosed,True
sub-104,EyesClosed,posterior,2,-10.452317458583503,19,-10.567392576034825,EyesClosed,True
sub-104,EyesClosed,posterior,3,-10.515261055610571,19,-10.567392576034825,EyesClosed,True
sub-104,EyesClosed,posterior,4,-10.452409130371707,19,-10.567392576034825,EyesClosed,True
sub-104,EyesClosed,posterior,5,-10.397469225958977,19,-10.567392576034825,EyesClosed,True
sub-104,EyesOpen,posterior,0,-10.694826273887994,19,-10.567392576034825,EyesOpen,True
sub-104,EyesOpen,posterior,1,-10.615328533759532,19,-10.567392576034825,EyesOpen,True
sub-104,EyesOpen,posterior,2,-10.644835601420713,19,-10.567392576034825,EyesOpen,True
sub-104,EyesOpen,posterior,3,-10.773149886175771,19,-10.567392576034825,EyesOpen,True
sub-104,EyesOpen,posterior,4,-10.702038635732617,19,-10.567392576034825,EyesOpen,True
sub-104,EyesOpen,posterior,5,-10.693716030717162,19,-10.567392576034825,EyesOpen,True
sub-105,EyesClosed,posterior,0,-8.496186379569666,19,-8.677427310365287,EyesClosed,True
sub-105,EyesClosed,posterior,1,-8.677245898732371,19,-8.677427310365287,EyesClosed,True
sub-105,EyesClosed,posterior,2,-8.542788456467676,19,-8.677427310365287,EyesClosed,True
sub-105,EyesClosed,posterior,3,-8.095418161001714,19,-8.677427310365287,EyesClosed,True
sub-105,EyesClosed,posterior,4,-8.677608721998203,19,-8.677427310365287,EyesOpen,False
sub-105,EyesClosed,posterior,5,-8.23960767973015,19,-8.677427310365287,EyesClosed,True
sub-105,EyesOpen,posterior,0,-10.15089116128631,19,-8.677427310365287,EyesOpen,True
sub-105,EyesOpen,posterior,1,-8.801229130268766,19,-8.677427310365287,EyesOpen,True
sub-105,EyesOpen,posterior,2,-8.909823383676649,19,-8.677427310365287,EyesOpen,True
sub-105,EyesOpen,posterior,3,-9.207566375015915,19,-8.677427310365287,EyesOpen,True
sub-105,EyesOpen,posterior,4,-8.732768031992103,19,-8.677427310365287,EyesOpen,True
sub-105,EyesOpen,posterior,5,-8.412306598447772,19,-8.677427310365287,EyesClosed,False
sub-106,EyesClosed,posterior,0,-8.971926536558724,19,-9.718717930341949,EyesClosed,True
sub-106,EyesClosed,posterior,1,-9.281686424479261,19,-9.718717930341949,EyesClosed,True
sub-106,EyesClosed,posterior,2,-9.319741090990302,19,-9.718717930341949,EyesClosed,True
sub-106,EyesClosed,posterior,3,-9.199625202000382,19,-9.718717930341949,EyesClosed,True
sub-106,EyesClosed,posterior,4,-9.326535073143447,19,-9.718717930341949,EyesClosed,True
sub-106,EyesClosed,posterior,5,-9.343924777592367,19,-9.718717930341949,EyesClosed,True
sub-106,EyesOpen,posterior,0,-10.193567067303498,19,-9.718717930341949,EyesOpen,True
sub-106,EyesOpen,posterior,1,-10.09351108309153,19,-9.718717930341949,EyesOpen,True
sub-106,EyesOpen,posterior,2,-10.199117711273685,19,-9.718717930341949,EyesOpen,True
sub-106,EyesOpen,posterior,3,-10.138385271760278,19,-9.718717930341949,EyesOpen,True
sub-106,EyesOpen,posterior,4,-10.203466481844744,19,-9.718717930341949,EyesOpen,True
sub-106,EyesOpen,posterior,5,-10.154767905622409,19,-9.718717930341949,EyesOpen,True
sub-107,EyesClosed,posterior,0,-9.409001241327164,19,-9.355897001893467,EyesOpen,False
sub-107,EyesClosed,posterior,1,-9.333507439200528,19,-9.355897001893467,EyesClosed,True
sub-107,EyesClosed,posterior,2,-9.321106642969868,19,-9.355897001893467,EyesClosed,True
sub-107,EyesClosed,posterior,3,-9.19632354225985,19,-9.355897001893467,EyesClosed,True
sub-107,EyesClosed,posterior,4,-9.307663464567927,19,-9.355897001893467,EyesClosed,True
sub-107,EyesClosed,posterior,5,-9.291488303676841,19,-9.355897001893467,EyesClosed,True
sub-107,EyesOpen,posterior,0,-9.729437298107012,19,-9.355897001893467,EyesOpen,True
sub-107,EyesOpen,posterior,1,-9.268261020447909,19,-9.355897001893467,EyesClosed,False
sub-107,EyesOpen,posterior,2,-9.488566702342244,19,-9.355897001893467,EyesOpen,True
sub-107,EyesOpen,posterior,3,-9.630453131884055,19,-9.355897001893467,EyesOpen,True
sub-107,EyesOpen,posterior,4,-9.378286564586405,19,-9.355897001893467,EyesOpen,True
sub-107,EyesOpen,posterior,5,-9.37848965703106,19,-9.355897001893467,EyesOpen,True
sub-108,EyesClosed,posterior,0,-9.57953406036794,19,-9.815093775578186,EyesClosed,True
sub-108,EyesClosed,posterior,1,-9.258501997653985,19,-9.815093775578186,EyesClosed,True
sub-108,EyesClosed,posterior,2,-9.460360223546852,19,-9.815093775578186,EyesClosed,True
sub-108,EyesClosed,posterior,3,-9.282334965483518,19,-9.815093775578186,EyesClosed,True
sub-108,EyesClosed,posterior,4,-9.049635405414326,19,-9.815093775578186,EyesClosed,True
sub-108,EyesClosed,posterior,5,-9.245613618506704,19,-9.815093775578186,EyesClosed,True
sub-108,EyesOpen,posterior,0,-10.112376185868635,19,-9.815093775578186,EyesOpen,True
sub-108,EyesOpen,posterior,1,-10.138047532681234,19,-9.815093775578186,EyesOpen,True
sub-108,EyesOpen,posterior,2,-10.149055828494662,19,-9.815093775578186,EyesOpen,True
sub-108,EyesOpen,posterior,3,-10.132449813400207,19,-9.815093775578186,EyesOpen,True
sub-108,EyesOpen,posterior,4,-10.171973575681132,19,-9.815093775578186,EyesOpen,True
sub-108,EyesOpen,posterior,5,-10.05065349078843,19,-9.815093775578186,EyesOpen,True
sub-109,EyesClosed,posterior,0,-10.209264098305528,19,-10.211511646146626,EyesClosed,True
sub-109,EyesClosed,posterior,1,-10.06058181479502,19,-10.211511646146626,EyesClosed,True
sub-109,EyesClosed,posterior,2,-10.15559662059749,19,-10.211511646146626,EyesClosed,True
sub-109,EyesClosed,posterior,3,-10.213759193987723,19,-10.211511646146626,EyesOpen,False
sub-109,EyesClosed,posterior,4,-10.168161092767534,19,-10.211511646146626,EyesClosed,True
sub-109,EyesClosed,posterior,5,-10.037255087720878,19,-10.211511646146626,EyesClosed,True
sub-109,EyesOpen,posterior,0,-10.228984921745619,19,-10.211511646146626,EyesOpen,True
sub-109,EyesOpen,posterior,1,-10.1398814919485,19,-10.211511646146626,EyesClosed,False
sub-109,EyesOpen,posterior,2,-10.257425578499248,19,-10.211511646146626,EyesOpen,True
sub-109,EyesOpen,posterior,3,-10.283820709644509,19,-10.211511646146626,EyesOpen,True
sub-109,EyesOpen,posterior,4,-10.443656815699276,19,-10.211511646146626,EyesOpen,True
sub-109,EyesOpen,posterior,5,-10.361792305050711,19,-10.211511646146626,EyesOpen,True
sub-110,EyesClosed,posterior,0,-8.769255985700282,19,-9.509771773561209,EyesClosed,True
sub-110,EyesClosed,posterior,1,-9.006168493856082,19,-9.509771773561209,EyesClosed,True
sub-110,EyesClosed,posterior,2,-9.007363659282648,19,-9.509771773561209,EyesClosed,True
sub-110,EyesClosed,posterior,3,-8.896449180477479,19,-9.509771773561209,EyesClosed,True
sub-110,EyesClosed,posterior,4,-8.836140591407633,19,-9.509771773561209,EyesClosed,True
sub-110,EyesClosed,posterior,5,-9.05276565728214,19,-9.509771773561209,EyesClosed,True
sub-110,EyesOpen,posterior,0,-10.021893667036275,19,-9.509771773561209,EyesOpen,True
sub-110,EyesOpen,posterior,1,-10.206992755943684,19,-9.509771773561209,EyesOpen,True
sub-110,EyesOpen,posterior,2,-10.034596464327086,19,-9.509771773561209,EyesOpen,True
sub-110,EyesOpen,posterior,3,-9.966777889840275,19,-9.509771773561209,EyesOpen,True
sub-110,EyesOpen,posterior,4,-10.072563582663411,19,-9.509771773561209,EyesOpen,True
sub-110,EyesOpen,posterior,5,-10.039131763814076,19,-9.509771773561209,EyesOpen,True
sub-111,EyesClosed,posterior,0,-9.304310932238831,19,-9.5204930660338,EyesClosed,True
sub-111,EyesClosed,posterior,1,-9.188100078111448,19,-9.5204930660338,EyesClosed,True
sub-111,EyesClosed,posterior,2,-9.112762212088656,19,-9.5204930660338,EyesClosed,True
sub-111,EyesClosed,posterior,3,-9.254667930780135,19,-9.5204930660338,EyesClosed,True
sub-111,EyesClosed,posterior,4,-9.206995441785017,19,-9.5204930660338,EyesClosed,True
sub-111,EyesClosed,posterior,5,-9.123682461050068,19,-9.5204930660338,EyesClosed,True
sub-111,EyesOpen,posterior,0,-10.048761771352114,19,-9.5204930660338,EyesOpen,True
sub-111,EyesOpen,posterior,1,-9.808008365226145,19,-9.5204930660338,EyesOpen,True
sub-111,EyesOpen,posterior,2,-9.899948639317337,19,-9.5204930660338,EyesOpen,True
sub-111,EyesOpen,posterior,3,-9.967889947398545,19,-9.5204930660338,EyesOpen,True
sub-111,EyesOpen,posterior,4,-9.863969006483353,19,-9.5204930660338,EyesOpen,True
sub-111,EyesOpen,posterior,5,-9.736675199828769,19,-9.5204930660338,EyesOpen,True
sub-112,EyesClosed,posterior,0,-9.765521960159006,19,-9.994800989850138,EyesClosed,True
sub-112,EyesClosed,posterior,1,-9.077905982398418,19,-9.994800989850138,EyesClosed,True
sub-112,EyesClosed,posterior,2,-9.42218229999166,19,-9.994800989850138,EyesClosed,True
sub-112,EyesClosed,posterior,3,-9.221340651970905,19,-9.994800989850138,EyesClosed,True
sub-112,EyesClosed,posterior,4,-9.146185946827973,19,-9.994800989850138,EyesClosed,True
sub-112,EyesClosed,posterior,5,-9.091208961287876,19,-9.994800989850138,EyesClosed,True
sub-112,EyesOpen,posterior,0,-10.32783385093838,19,-9.994800989850138,EyesOpen,True
sub-112,EyesOpen,posterior,1,-10.334650688400659,19,-9.994800989850138,EyesOpen,True
sub-112,EyesOpen,posterior,2,-10.361152494682507,19,-9.994800989850138,EyesOpen,True
sub-112,EyesOpen,posterior,3,-10.27136179836931,19,-9.994800989850138,EyesOpen,True
sub-112,EyesOpen,posterior,4,-10.22408001954127,19,-9.994800989850138,EyesOpen,True
sub-112,EyesOpen,posterior,5,-10.305895187180194,19,-9.994800989850138,EyesOpen,True
sub-113,EyesClosed,posterior,0,-8.620056404949901,19,-9.026565553522847,EyesClosed,True
sub-113,EyesClosed,posterior,1,-8.815100253273668,19,-9.026565553522847,EyesClosed,True
sub-113,EyesClosed,posterior,2,-8.856447826409537,19,-9.026565553522847,EyesClosed,True
sub-113,EyesClosed,posterior,3,-8.881159382108462,19,-9.026565553522847,EyesClosed,True
sub-113,EyesClosed,posterior,4,-8.898186235010208,19,-9.026565553522847,EyesClosed,True
sub-113,EyesClosed,posterior,5,-8.999742302122705,19,-9.026565553522847,EyesClosed,True
sub-113,EyesOpen,posterior,0,-9.855935141295241,19,-9.026565553522847,EyesOpen,True
sub-113,EyesOpen,posterior,1,-9.05338880492299,19,-9.026565553522847,EyesOpen,True
sub-113,EyesOpen,posterior,2,-10.029109806857708,19,-9.026565553522847,EyesOpen,True
sub-113,EyesOpen,posterior,3,-9.556930675764146,19,-9.026565553522847,EyesOpen,True
sub-113,EyesOpen,posterior,4,-9.73889311781052,19,-9.026565553522847,EyesOpen,True
sub-113,EyesOpen,posterior,5,-9.234072649708397,19,-9.026565553522847,EyesOpen,True
sub-114,EyesClosed,posterior,0,-6.809076995168115,19,-9.82757866697075,EyesClosed,True
sub-114,EyesClosed,posterior,1,-9.536600529317436,19,-9.82757866697075,EyesClosed,True
sub-114,EyesClosed,posterior,2,-9.658838723588813,19,-9.82757866697075,EyesClosed,True
sub-114,EyesClosed,posterior,3,-9.701390353245479,19,-9.82757866697075,EyesClosed,True
sub-114,EyesClosed,posterior,4,-9.546481828312771,19,-9.82757866697075,EyesClosed,True
sub-114,EyesClosed,posterior,5,-9.567009309599417,19,-9.82757866697075,EyesClosed,True
sub-114,EyesOpen,posterior,0,-10.281038485712768,19,-9.82757866697075,EyesOpen,True
sub-114,EyesOpen,posterior,1,-10.23194252548508,19,-9.82757866697075,EyesOpen,True
sub-114,EyesOpen,posterior,2,-10.227159225745929,19,-9.82757866697075,EyesOpen,True
sub-114,EyesOpen,posterior,3,-10.110239656844335,19,-9.82757866697075,EyesOpen,True
sub-114,EyesOpen,posterior,4,-9.95376698069602,19,-9.82757866697075,EyesOpen,True
sub-114,EyesOpen,posterior,5,-10.026596032143248,19,-9.82757866697075,EyesOpen,True
sub-115,EyesClosed,posterior,0,-9.238912866654713,19,-9.877261562681648,EyesClosed,True
sub-115,EyesClosed,posterior,1,-9.224543653161852,19,-9.877261562681648,EyesClosed,True
sub-115,EyesClosed,posterior,2,-9.945968120952235,19,-9.877261562681648,EyesOpen,False
sub-115,EyesClosed,posterior,3,-9.829547250060857,19,-9.877261562681648,EyesClosed,True
sub-115,EyesClosed,posterior,4,-9.72980938095695,19,-9.877261562681648,EyesClosed,True
sub-115,EyesClosed,posterior,5,-9.676580161768005,19,-9.877261562681648,EyesClosed,True
sub-115,EyesOpen,posterior,0,-9.959018085607694,19,-9.877261562681648,EyesOpen,True
sub-115,EyesOpen,posterior,1,-10.189328905225924,19,-9.877261562681648,EyesOpen,True
sub-115,EyesOpen,posterior,2,-10.353647363023732,19,-9.877261562681648,EyesOpen,True
sub-115,EyesOpen,posterior,3,-10.067490948404904,19,-9.877261562681648,EyesOpen,True
sub-115,EyesOpen,posterior,4,-9.924975875302438,19,-9.877261562681648,EyesOpen,True
sub-115,EyesOpen,posterior,5,-9.542765856585271,19,-9.877261562681648,EyesClosed,False
sub-116,EyesClosed,posterior,0,-9.162917984058975,19,-9.756124100959045,EyesClosed,True
sub-116,EyesClosed,posterior,1,-9.415931621442661,19,-9.756124100959045,EyesClosed,True
sub-116,EyesClosed,posterior,2,-9.412546631058548,19,-9.756124100959045,EyesClosed,True
sub-116,EyesClosed,posterior,3,-9.54179544324136,19,-9.756124100959045,EyesClosed,True
sub-116,EyesClosed,posterior,4,-9.391374344324948,19,-9.756124100959045,EyesClosed,True
sub-116,EyesClosed,posterior,5,-9.54532718767,19,-9.756124100959045,EyesClosed,True
sub-116,EyesOpen,posterior,0,-9.96863568882432,19,-9.756124100959045,EyesOpen,True
sub-116,EyesOpen,posterior,1,-9.973760580199844,19,-9.756124100959045,EyesOpen,True
sub-116,EyesOpen,posterior,2,-9.969155432026698,19,-9.756124100959045,EyesOpen,True
sub-116,EyesOpen,posterior,3,-9.96692101424809,19,-9.756124100959045,EyesOpen,True
sub-116,EyesOpen,posterior,4,-10.016828276042059,19,-9.756124100959045,EyesOpen,True
sub-116,EyesOpen,posterior,5,-10.132756011739007,19,-9.756124100959045,EyesOpen,True
sub-117,EyesClosed,posterior,0,-10.232154042234459,19,-10.426621220536061,EyesClosed,True
sub-117,EyesClosed,posterior,1,-10.391320754610707,19,-10.426621220536061,EyesClosed,True
sub-117,EyesClosed,posterior,2,-10.482883852690641,19,-10.426621220536061,EyesOpen,False
sub-117,EyesClosed,posterior,3,-10.426621220536061,19,-10.426621220536061,EyesOpen,False
sub-117,EyesClosed,posterior,4,-10.747761628377225,19,-10.426621220536061,EyesOpen,False
sub-117,EyesClosed,posterior,5,-10.523100314527152,19,-10.426621220536061,EyesOpen,False
sub-117,EyesOpen,posterior,0,-10.39249331886081,19,-10.426621220536061,EyesClosed,False
sub-117,EyesOpen,posterior,1,-10.567951806275659,19,-10.426621220536061,EyesOpen,True
sub-117,EyesOpen,posterior,2,-10.234074615685376,19,-10.426621220536061,EyesClosed,False
sub-117,EyesOpen,posterior,3,-10.62607824444687,19,-10.426621220536061,EyesOpen,True
sub-117,EyesOpen,posterior,4,-10.170395680454691,19,-10.426621220536061,EyesClosed,False
sub-117,EyesOpen,posterior,5,-10.29776700947822,19,-10.426621220536061,EyesClosed,False
sub-117,EyesOpen,posterior,6,-10.530131284976964,19,-10.426621220536061,EyesOpen,True
sub-118,EyesClosed,posterior,0,-8.941024135173832,19,-9.000088778921896,EyesClosed,True
sub-118,EyesClosed,posterior,1,-8.86964640556832,19,-9.000088778921896,EyesClosed,True
sub-118,EyesClosed,posterior,2,-8.854252023206627,19,-9.000088778921896,EyesClosed,True
sub-118,EyesClosed,posterior,3,-8.864572563150293,19,-9.000088778921896,EyesClosed,True
sub-118,EyesClosed,posterior,4,-8.798683487206247,19,-9.000088778921896,EyesClosed,True
sub-118,EyesClosed,posterior,5,-8.8382861751234,19,-9.000088778921896,EyesClosed,True
sub-118,EyesOpen,posterior,0,-10.256940235573541,19,-9.000088778921896,EyesOpen,True
sub-118,EyesOpen,posterior,1,-9.587433797245675,19,-9.000088778921896,EyesOpen,True
sub-118,EyesOpen,posterior,2,-9.250597332022341,19,-9.000088778921896,EyesOpen,True
sub-118,EyesOpen,posterior,3,-9.745965835432237,19,-9.000088778921896,EyesOpen,True
sub-118,EyesOpen,posterior,4,-9.059153422669961,19,-9.000088778921896,EyesOpen,True
sub-118,EyesOpen,posterior,5,-9.430607593669373,19,-9.000088778921896,EyesOpen,True
sub-119,EyesClosed,posterior,0,-8.797268942766312,19,-9.514743902895914,EyesClosed,True
sub-119,EyesClosed,posterior,1,-9.29003876972919,19,-9.514743902895914,EyesClosed,True
sub-119,EyesClosed,posterior,2,-9.040075217450392,19,-9.514743902895914,EyesClosed,True
sub-119,EyesClosed,posterior,3,-9.041728953783826,19,-9.514743902895914,EyesClosed,True
sub-119,EyesClosed,posterior,4,-9.177406532614995,19,-9.514743902895914,EyesClosed,True
sub-119,EyesClosed,posterior,5,-8.95342000905116,19,-9.514743902895914,EyesClosed,True
sub-119,EyesOpen,posterior,0,-10.164480558817484,19,-9.514743902895914,EyesOpen,True
sub-119,EyesOpen,posterior,1,-10.019074206020116,19,-9.514743902895914,EyesOpen,True
sub-119,EyesOpen,posterior,2,-9.767039962288722,19,-9.514743902895914,EyesOpen,True
sub-119,EyesOpen,posterior,3,-10.200373520845345,19,-9.514743902895914,EyesOpen,True
sub-119,EyesOpen,posterior,4,-9.739449036062638,19,-9.514743902895914,EyesOpen,True
sub-119,EyesOpen,posterior,5,-10.09829271064337,19,-9.514743902895914,EyesOpen,True
sub-120,EyesClosed,posterior,0,-10.259820097846248,19,-10.486270125627435,EyesClosed,True
sub-120,EyesClosed,posterior,1,-10.548382753593955,19,-10.486270125627435,EyesOpen,False
sub-120,EyesClosed,posterior,2,-10.603697781351892,19,-10.486270125627435,EyesOpen,False
sub-120,EyesClosed,posterior,3,-10.582125085558852,19,-10.486270125627435,EyesOpen,False
sub-120,EyesClosed,posterior,4,-10.527672264054889,19,-10.486270125627435,EyesOpen,False
sub-120,EyesClosed,posterior,5,-10.571494005812527,19,-10.486270125627435,EyesOpen,False
sub-120,EyesOpen,posterior,0,-10.574181532104125,19,-10.486270125627435,EyesOpen,True
sub-120,EyesOpen,posterior,1,-10.342223415338005,19,-10.486270125627435,EyesClosed,False
sub-120,EyesOpen,posterior,2,-10.401861817229282,19,-10.486270125627435,EyesClosed,False
sub-120,EyesOpen,posterior,3,-10.444867987199983,19,-10.486270125627435,EyesClosed,False
sub-120,EyesOpen,posterior,4,-10.322333219406266,19,-10.486270125627435,EyesClosed,False
sub-120,EyesOpen,posterior,5,-10.430853114641646,19,-10.486270125627435,EyesClosed,False
sub-121,EyesClosed,posterior,0,-8.8085546742581,19,-9.25223206985181,EyesClosed,True
sub-121,EyesClosed,posterior,1,-8.695399452433866,19,-9.25223206985181,EyesClosed,True
sub-121,EyesClosed,posterior,2,-8.713890590882936,19,-9.25223206985181,EyesClosed,True
sub-121,EyesClosed,posterior,3,-8.89326302228418,19,-9.25223206985181,EyesClosed,True
sub-121,EyesClosed,posterior,4,-8.760434319302268,19,-9.25223206985181,EyesClosed,True
sub-121,EyesClosed,posterior,5,-8.581404776538013,19,-9.25223206985181,EyesClosed,True
sub-121,EyesOpen,posterior,0,-9.61120111741944,19,-9.25223206985181,EyesOpen,True
sub-121,EyesOpen,posterior,1,-9.761968226272895,19,-9.25223206985181,EyesOpen,True
sub-121,EyesOpen,posterior,2,-9.747778283884518,19,-9.25223206985181,EyesOpen,True
sub-121,EyesOpen,posterior,3,-10.006208517937706,19,-9.25223206985181,EyesOpen,True
sub-121,EyesOpen,posterior,4,-9.990044510431018,19,-9.25223206985181,EyesOpen,True
sub-121,EyesOpen,posterior,5,-9.771822433531417,19,-9.25223206985181,EyesOpen,True
sub-122,EyesClosed,posterior,0,-10.765331969880691,19,-10.804294080609147,EyesClosed,True
sub-122,EyesClosed,posterior,1,-10.85130340494266,19,-10.804294080609147,EyesOpen,False
sub-122,EyesClosed,posterior,2,-10.755880421184242,19,-10.804294080609147,EyesClosed,True
sub-122,EyesClosed,posterior,3,-10.808221151132077,19,-10.804294080609147,EyesOpen,False
sub-122,EyesClosed,posterior,4,-10.800367010086214,19,-10.804294080609147,EyesClosed,True
sub-122,EyesClosed,posterior,5,-10.878717583228179,19,-10.804294080609147,EyesOpen,False
sub-122,EyesOpen,posterior,0,-10.948499197157512,19,-10.804294080609147,EyesOpen,True
sub-122,EyesOpen,posterior,1,-10.7091245073766,19,-10.804294080609147,EyesClosed,False
sub-122,EyesOpen,posterior,2,-10.827505838794158,19,-10.804294080609147,EyesOpen,True
sub-122,EyesOpen,posterior,3,-10.797222339269181,19,-10.804294080609147,EyesClosed,False
sub-122,EyesOpen,posterior,4,-10.698242712994523,19,-10.804294080609147,EyesClosed,False
sub-122,EyesOpen,posterior,5,-10.869082388845621,19,-10.804294080609147,EyesOpen,True
sub-123,EyesClosed,posterior,0,-10.323110939967348,19,-10.32355981425017,EyesClosed,True
sub-123,EyesClosed,posterior,1,-10.210719135948956,19,-10.32355981425017,EyesClosed,True
sub-123,EyesClosed,posterior,2,-10.151109105189903,19,-10.32355981425017,EyesClosed,True
sub-123,EyesClosed,posterior,3,-10.086346855987115,19,-10.32355981425017,EyesClosed,True
sub-123,EyesClosed,posterior,4,-10.039621958755696,19,-10.32355981425017,EyesClosed,True
sub-123,EyesClosed,posterior,5,-10.058457155610375,19,-10.32355981425017,EyesClosed,True
sub-123,EyesOpen,posterior,0,-10.536365456601846,19,-10.32355981425017,EyesOpen,True
sub-123,EyesOpen,posterior,1,-10.49095247823055,19,-10.32355981425017,EyesOpen,True
sub-123,EyesOpen,posterior,2,-10.324008688532992,19,-10.32355981425017,EyesOpen,True
sub-123,EyesOpen,posterior,3,-10.5280175288204,19,-10.32355981425017,EyesOpen,True
sub-123,EyesOpen,posterior,4,-10.48766614950514,19,-10.32355981425017,EyesOpen,True
sub-123,EyesOpen,posterior,5,-10.349660857413317,19,-10.32355981425017,EyesOpen,True
sub-124,EyesClosed,posterior,0,-10.636895123899532,19,-10.585347840773887,EyesOpen,False
sub-124,EyesClosed,posterior,1,-10.586485582012513,19,-10.585347840773887,EyesOpen,False
sub-124,EyesClosed,posterior,2,-10.608757472192643,19,-10.585347840773887,EyesOpen,False
sub-124,EyesClosed,posterior,3,-10.58782966917239,19,-10.585347840773887,EyesOpen,False
sub-124,EyesClosed,posterior,4,-10.16204188366322,19,-10.585347840773887,EyesClosed,True
sub-124,EyesClosed,posterior,5,-10.461848167189437,19,-10.585347840773887,EyesClosed,True
sub-124,EyesOpen,posterior,0,-10.6017962808195,19,-10.585347840773887,EyesOpen,True
sub-124,EyesOpen,posterior,1,-10.58421009953526,19,-10.585347840773887,EyesClosed,False
sub-124,EyesOpen,posterior,2,-10.576785140949985,19,-10.585347840773887,EyesClosed,False
sub-124,EyesOpen,posterior,3,-10.637194667072409,19,-10.585347840773887,EyesOpen,True
sub-124,EyesOpen,posterior,4,-10.578903120323691,19,-10.585347840773887,EyesClosed,False
sub-124,EyesOpen,posterior,5,-10.487625070577794,19,-10.585347840773887,EyesClosed,False
sub-125,EyesClosed,posterior,0,-10.05376139127095,19,-10.055239115753219,EyesClosed,True
sub-125,EyesClosed,posterior,1,-9.950595407192147,19,-10.055239115753219,EyesClosed,True
sub-125,EyesClosed,posterior,2,-9.861131415111688,19,-10.055239115753219,EyesClosed,True
sub-125,EyesClosed,posterior,3,-10.036333183806578,19,-10.055239115753219,EyesClosed,True
sub-125,EyesClosed,posterior,4,-10.056716840235488,19,-10.055239115753219,EyesOpen,False
sub-125,EyesClosed,posterior,5,-10.045135943569893,19,-10.055239115753219,EyesClosed,True
sub-125,EyesOpen,posterior,0,-10.389219218477372,19,-10.055239115753219,EyesOpen,True
sub-125,EyesOpen,posterior,1,-10.354769624948515,19,-10.055239115753219,EyesOpen,True
sub-125,EyesOpen,posterior,2,-10.319896843752868,19,-10.055239115753219,EyesOpen,True
sub-125,EyesOpen,posterior,3,-10.347727693544746,19,-10.055239115753219,EyesOpen,True
sub-125,EyesOpen,posterior,4,-10.179988871764937,19,-10.055239115753219,EyesOpen,True
sub-125,EyesOpen,posterior,5,-9.777719429967162,19,-10.055239115753219,EyesClosed,False
sub-126,EyesClosed,posterior,0,-9.531618178661223,19,-9.889828675183413,EyesClosed,True
sub-126,EyesClosed,posterior,1,-9.647739455879849,19,-9.889828675183413,EyesClosed,True
sub-126,EyesClosed,posterior,2,-9.484281510485896,19,-9.889828675183413,EyesClosed,True
sub-126,EyesClosed,posterior,3,-9.325297250933705,19,-9.889828675183413,EyesClosed,True
sub-126,EyesClosed,posterior,4,-9.263708311263748,19,-9.889828675183413,EyesClosed,True
sub-126,EyesClosed,posterior,5,-9.47366194630265,19,-9.889828675183413,EyesClosed,True
sub-126,EyesOpen,posterior,0,-10.161408328175616,19,-9.889828675183413,EyesOpen,True
sub-126,EyesOpen,posterior,1,-10.253806658173238,19,-9.889828675183413,EyesOpen,True
sub-126,EyesOpen,posterior,2,-10.131917894486978,19,-9.889828675183413,EyesOpen,True
sub-126,EyesOpen,posterior,3,-10.14678510870975,19,-9.889828675183413,EyesOpen,True
sub-126,EyesOpen,posterior,4,-10.149214002707787,19,-9.889828675183413,EyesOpen,True
sub-126,EyesOpen,posterior,5,-10.142433291959938,19,-9.889828675183413,EyesOpen,True
sub-127,EyesClosed,posterior,0,-10.094880880122844,19,-10.321851225486984,EyesClosed,True
sub-127,EyesClosed,posterior,1,-10.11509817499166,19,-10.321851225486984,EyesClosed,True
sub-127,EyesClosed,posterior,2,-10.226724632079025,19,-10.321851225486984,EyesClosed,True
sub-127,EyesClosed,posterior,3,-10.235851723308375,19,-10.321851225486984,EyesClosed,True
sub-127,EyesClosed,posterior,4,-10.294969786304877,19,-10.321851225486984,EyesClosed,True
sub-127,EyesClosed,posterior,5,-10.287723407805187,19,-10.321851225486984,EyesClosed,True
sub-127,EyesOpen,posterior,0,-10.348732664669093,19,-10.321851225486984,EyesOpen,True
sub-127,EyesOpen,posterior,1,-10.477669228859606,19,-10.321851225486984,EyesOpen,True
sub-127,EyesOpen,posterior,2,-10.459444497601375,19,-10.321851225486984,EyesOpen,True
sub-127,EyesOpen,posterior,3,-10.526050126266327,19,-10.321851225486984,EyesOpen,True
sub-127,EyesOpen,posterior,4,-10.574473247237004,19,-10.321851225486984,EyesOpen,True
sub-127,EyesOpen,posterior,5,-10.420758632307512,19,-10.321851225486984,EyesOpen,True
sub-128,EyesClosed,posterior,0,-10.067753912329549,19,-10.1170753660505,EyesClosed,True
sub-128,EyesClosed,posterior,1,-10.054544563623287,19,-10.1170753660505,EyesClosed,True
sub-128,EyesClosed,posterior,2,-10.034548583084982,19,-10.1170753660505,EyesClosed,True
sub-128,EyesClosed,posterior,3,-10.029567823278608,19,-10.1170753660505,EyesClosed,True
sub-128,EyesClosed,posterior,4,-10.009045904748007,19,-10.1170753660505,EyesClosed,True
sub-128,EyesClosed,posterior,5,-10.114841846711956,19,-10.1170753660505,EyesClosed,True
sub-128,EyesOpen,posterior,0,-10.119308885389042,19,-10.1170753660505,EyesOpen,True
sub-128,EyesOpen,posterior,1,-10.18889698238826,19,-10.1170753660505,EyesOpen,True
sub-128,EyesOpen,posterior,2,-10.148191842590288,19,-10.1170753660505,EyesOpen,True
sub-128,EyesOpen,posterior,3,-10.12069164861414,19,-10.1170753660505,EyesOpen,True
sub-128,EyesOpen,posterior,4,-10.232735791745167,19,-10.1170753660505,EyesOpen,True
sub-128,EyesOpen,posterior,5,-10.273860652362378,19,-10.1170753660505,EyesOpen,True
sub-129,EyesClosed,posterior,0,-9.236503661036599,19,-9.60401569282089,EyesClosed,True
sub-129,EyesClosed,posterior,1,-9.040393337153683,19,-9.60401569282089,EyesClosed,True
sub-129,EyesClosed,posterior,2,-9.051115414742451,19,-9.60401569282089,EyesClosed,True
sub-129,EyesClosed,posterior,3,-9.19188942318746,19,-9.60401569282089,EyesClosed,True
sub-129,EyesClosed,posterior,4,-9.094417860829257,19,-9.60401569282089,EyesClosed,True
sub-129,EyesClosed,posterior,5,-8.909192984677514,19,-9.60401569282089,EyesClosed,True
sub-129,EyesOpen,posterior,0,-10.24478163059205,19,-9.60401569282089,EyesOpen,True
sub-129,EyesOpen,posterior,1,-10.235676134302244,19,-9.60401569282089,EyesOpen,True
sub-129,EyesOpen,posterior,2,-9.999594938811349,19,-9.60401569282089,EyesOpen,True
sub-129,EyesOpen,posterior,3,-9.971527724605181,19,-9.60401569282089,EyesOpen,True
sub-129,EyesOpen,posterior,4,-9.999081319479872,19,-9.60401569282089,EyesOpen,True
sub-129,EyesOpen,posterior,5,-10.279858847629143,19,-9.60401569282089,EyesOpen,True
sub-130,EyesClosed,posterior,0,-9.08427992226608,19,-9.321275252399111,EyesClosed,True
sub-130,EyesClosed,posterior,1,-9.047672214768856,19,-9.321275252399111,EyesClosed,True
sub-130,EyesClosed,posterior,2,-9.048190435354583,19,-9.321275252399111,EyesClosed,True
sub-130,EyesClosed,posterior,3,-9.106234490702427,19,-9.321275252399111,EyesClosed,True
sub-130,EyesClosed,posterior,4,-9.049254699186145,19,-9.321275252399111,EyesClosed,True
sub-130,EyesClosed,posterior,5,-8.968366761191975,19,-9.321275252399111,EyesClosed,True
sub-130,EyesOpen,posterior,0,-9.822345376952919,19,-9.321275252399111,EyesOpen,True
sub-130,EyesOpen,posterior,1,-9.559600978703935,19,-9.321275252399111,EyesOpen,True
sub-130,EyesOpen,posterior,2,-9.60426728931477,19,-9.321275252399111,EyesOpen,True
sub-130,EyesOpen,posterior,3,-9.710951412768871,19,-9.321275252399111,EyesOpen,True
sub-130,EyesOpen,posterior,4,-9.74226939649098,19,-9.321275252399111,EyesOpen,True
sub-130,EyesOpen,posterior,5,-9.536316014095796,19,-9.321275252399111,EyesOpen,True
sub-131,EyesClosed,posterior,0,-8.441655061721987,19,-9.048471990473113,EyesClosed,True
sub-131,EyesClosed,posterior,1,-8.701800323738572,19,-9.048471990473113,EyesClosed,True
sub-131,EyesClosed,posterior,2,-8.411773954519118,19,-9.048471990473113,EyesClosed,True
sub-131,EyesClosed,posterior,3,-8.46056102261762,19,-9.048471990473113,EyesClosed,True
sub-131,EyesClosed,posterior,4,-8.679190147126487,19,-9.048471990473113,EyesClosed,True
sub-131,EyesClosed,posterior,5,-8.455073091613643,19,-9.048471990473113,EyesClosed,True
sub-131,EyesOpen,posterior,0,-9.657233501666218,19,-9.048471990473113,EyesOpen,True
sub-131,EyesOpen,posterior,1,-9.563082751777179,19,-9.048471990473113,EyesOpen,True
sub-131,EyesOpen,posterior,2,-9.576249449599239,19,-9.048471990473113,EyesOpen,True
sub-131,EyesOpen,posterior,3,-9.513138385984059,19,-9.048471990473113,EyesOpen,True
sub-131,EyesOpen,posterior,4,-9.395143657207653,19,-9.048471990473113,EyesOpen,True
sub-131,EyesOpen,posterior,5,-9.440946390610106,19,-9.048471990473113,EyesOpen,True
sub-132,EyesClosed,posterior,0,-8.613884803685892,19,-8.846999067454623,EyesClosed,True
sub-132,EyesClosed,posterior,1,-8.717144663918429,19,-8.846999067454623,EyesClosed,True
sub-132,EyesClosed,posterior,2,-8.716688628109821,19,-8.846999067454623,EyesClosed,True
sub-132,EyesClosed,posterior,3,-8.638173274987468,19,-8.846999067454623,EyesClosed,True
sub-132,EyesClosed,posterior,4,-8.801362707550949,19,-8.846999067454623,EyesClosed,True
sub-132,EyesClosed,posterior,5,-8.65932991282366,19,-8.846999067454623,EyesClosed,True
sub-132,EyesOpen,posterior,0,-9.408091725608175,19,-8.846999067454623,EyesOpen,True
sub-132,EyesOpen,posterior,1,-9.4722437941753,19,-8.846999067454623,EyesOpen,True
sub-132,EyesOpen,posterior,2,-9.251326686487463,19,-8.846999067454623,EyesOpen,True
sub-132,EyesOpen,posterior,3,-9.328809061896013,19,-8.846999067454623,EyesOpen,True
sub-132,EyesOpen,posterior,4,-9.12699972364823,19,-8.846999067454623,EyesOpen,True
sub-132,EyesOpen,posterior,5,-8.892635427358298,19,-8.846999067454623,EyesOpen,True
sub-133,EyesClosed,posterior,0,-10.449066308672569,19,-10.372163572170216,EyesOpen,False
sub-133,EyesClosed,posterior,1,-10.463700015706284,19,-10.372163572170216,EyesOpen,False
sub-133,EyesClosed,posterior,2,-10.350364826443196,19,-10.372163572170216,EyesClosed,True
sub-133,EyesClosed,posterior,3,-10.469483004557299,19,-10.372163572170216,EyesOpen,False
sub-133,EyesClosed,posterior,4,-10.484240356322946,19,-10.372163572170216,EyesOpen,False
sub-133,EyesClosed,posterior,5,-10.254865379280362,19,-10.372163572170216,EyesClosed,True
sub-133,EyesOpen,posterior,0,-10.339411280637766,19,-10.372163572170216,EyesClosed,False
sub-133,EyesOpen,posterior,1,-10.354506527370592,19,-10.372163572170216,EyesClosed,False
sub-133,EyesOpen,posterior,2,-10.388480988455708,19,-10.372163572170216,EyesOpen,True
sub-133,EyesOpen,posterior,3,-10.448590678444456,19,-10.372163572170216,EyesOpen,True
sub-133,EyesOpen,posterior,4,-10.28784007431142,19,-10.372163572170216,EyesClosed,False
sub-133,EyesOpen,posterior,5,-10.355846155884725,19,-10.372163572170216,EyesClosed,False
sub-134,EyesClosed,posterior,0,-9.04794205640036,19,-9.350752690360638,EyesClosed,True
sub-134,EyesClosed,posterior,1,-9.107116647928393,19,-9.350752690360638,EyesClosed,True
sub-134,EyesClosed,posterior,2,-9.14059540672717,19,-9.350752690360638,EyesClosed,True
sub-134,EyesClosed,posterior,3,-9.228160683405722,19,-9.350752690360638,EyesClosed,True
sub-134,EyesClosed,posterior,4,-9.134624904955718,19,-9.350752690360638,EyesClosed,True
sub-134,EyesClosed,posterior,5,-9.10633378624936,19,-9.350752690360638,EyesClosed,True
sub-134,EyesOpen,posterior,0,-10.05156805197704,19,-9.350752690360638,EyesOpen,True
sub-134,EyesOpen,posterior,1,-10.05117396020671,19,-9.350752690360638,EyesOpen,True
sub-134,EyesOpen,posterior,2,-9.812362963003533,19,-9.350752690360638,EyesOpen,True
sub-134,EyesOpen,posterior,3,-9.616780221941921,19,-9.350752690360638,EyesOpen,True
sub-134,EyesOpen,posterior,4,-9.513957837435802,19,-9.350752690360638,EyesOpen,True
sub-134,EyesOpen,posterior,5,-9.473344697315554,19,-9.350752690360638,EyesOpen,True
sub-135,EyesClosed,posterior,0,-9.159899930922146,19,-9.45747611660413,EyesClosed,True
sub-135,EyesClosed,posterior,1,-9.193864038939388,19,-9.45747611660413,EyesClosed,True
sub-135,EyesClosed,posterior,2,-9.187559949692302,19,-9.45747611660413,EyesClosed,True
sub-135,EyesClosed,posterior,3,-9.192448392370283,19,-9.45747611660413,EyesClosed,True
sub-135,EyesClosed,posterior,4,-9.27451362078697,19,-9.45747611660413,EyesClosed,True
sub-135,EyesClosed,posterior,5,-9.310567686894144,19,-9.45747611660413,EyesClosed,True
sub-135,EyesOpen,posterior,0,-9.635065091027924,19,-9.45747611660413,EyesOpen,True
sub-135,EyesOpen,posterior,1,-9.921645380963223,19,-9.45747611660413,EyesOpen,True
sub-135,EyesOpen,posterior,2,-9.649346281767594,19,-9.45747611660413,EyesOpen,True
sub-135,EyesOpen,posterior,3,-9.604384546314115,19,-9.45747611660413,EyesOpen,True
sub-135,EyesOpen,posterior,4,-9.775222047039504,19,-9.45747611660413,EyesOpen,True
sub-135,EyesOpen,posterior,5,-9.689025291509996,19,-9.45747611660413,EyesOpen,True
sub-136,EyesClosed,posterior,0,-8.408568368515025,19,-8.886020795087909,EyesClosed,True
sub-136,EyesClosed,posterior,1,-8.385772573030396,19,-8.886020795087909,EyesClosed,True
sub-136,EyesClosed,posterior,2,-8.394222391274216,19,-8.886020795087909,EyesClosed,True
sub-136,EyesClosed,posterior,3,-8.33567710246027,19,-8.886020795087909,EyesClosed,True
sub-136,EyesClosed,posterior,4,-8.429114553016422,19,-8.886020795087909,EyesClosed,True
sub-136,EyesClosed,posterior,5,-8.374571318051533,19,-8.886020795087909,EyesClosed,True
sub-136,EyesOpen,posterior,0,-9.582928260584286,19,-8.886020795087909,EyesOpen,True
sub-136,EyesOpen,posterior,1,-9.541777787665735,19,-8.886020795087909,EyesOpen,True
sub-136,EyesOpen,posterior,2,-9.724720106411477,19,-8.886020795087909,EyesOpen,True
sub-136,EyesOpen,posterior,3,-9.459517426010384,19,-8.886020795087909,EyesOpen,True
sub-136,EyesOpen,posterior,4,-9.397806872032236,19,-8.886020795087909,EyesOpen,True
sub-136,EyesOpen,posterior,5,-9.342927037159397,19,-8.886020795087909,EyesOpen,True
sub-137,EyesClosed,posterior,0,-9.03614077995447,19,-9.233943875644604,EyesClosed,True
sub-137,EyesClosed,posterior,1,-9.088385240309263,19,-9.233943875644604,EyesClosed,True
sub-137,EyesClosed,posterior,2,-9.141243301858172,19,-9.233943875644604,EyesClosed,True
sub-137,EyesClosed,posterior,3,-9.02498885750059,19,-9.233943875644604,EyesClosed,True
sub-137,EyesClosed,posterior,4,-9.071285755368853,19,-9.233943875644604,EyesClosed,True
sub-137,EyesClosed,posterior,5,-9.079093322574453,19,-9.233943875644604,EyesClosed,True
sub-137,EyesOpen,posterior,0,-9.579977368379303,19,-9.233943875644604,EyesOpen,True
sub-137,EyesOpen,posterior,1,-9.326644449431036,19,-9.233943875644604,EyesOpen,True
sub-137,EyesOpen,posterior,2,-9.56045364909935,19,-9.233943875644604,EyesOpen,True
sub-137,EyesOpen,posterior,3,-9.638106321917013,19,-9.233943875644604,EyesOpen,True
sub-137,EyesOpen,posterior,4,-9.535167745840656,19,-9.233943875644604,EyesOpen,True
sub-137,EyesOpen,posterior,5,-9.486688344314208,19,-9.233943875644604,EyesOpen,True
sub-138,EyesClosed,posterior,0,-8.91006290635771,19,-9.573899217203882,EyesClosed,True
sub-138,EyesClosed,posterior,1,-8.902798681746598,19,-9.573899217203882,EyesClosed,True
sub-138,EyesClosed,posterior,2,-9.110073587432188,19,-9.573899217203882,EyesClosed,True
sub-138,EyesClosed,posterior,3,-8.99795398407129,19,-9.573899217203882,EyesClosed,True
sub-138,EyesClosed,posterior,4,-9.110471616555179,19,-9.573899217203882,EyesClosed,True
sub-138,EyesClosed,posterior,5,-9.024733346443734,19,-9.573899217203882,EyesClosed,True
sub-138,EyesOpen,posterior,0,-10.356784969360323,19,-9.573899217203882,EyesOpen,True
sub-138,EyesOpen,posterior,1,-10.25028756739928,19,-9.573899217203882,EyesOpen,True
sub-138,EyesOpen,posterior,2,-10.4228200538521,19,-9.573899217203882,EyesOpen,True
sub-138,EyesOpen,posterior,3,-10.331544001395963,19,-9.573899217203882,EyesOpen,True
sub-138,EyesOpen,posterior,4,-10.037326817852586,19,-9.573899217203882,EyesOpen,True
sub-138,EyesOpen,posterior,5,-10.267306038510945,19,-9.573899217203882,EyesOpen,True
sub-139,EyesClosed,posterior,0,-10.63804717345495,19,-10.39421964293934,EyesOpen,False
sub-139,EyesClosed,posterior,1,-10.340743932641635,19,-10.39421964293934,EyesClosed,True
sub-139,EyesClosed,posterior,2,-9.854427640153025,19,-10.39421964293934,EyesClosed,True
sub-139,EyesClosed,posterior,3,-10.039288059780407,19,-10.39421964293934,EyesClosed,True
sub-139,EyesClosed,posterior,4,-10.319717798342339,19,-10.39421964293934,EyesClosed,True
sub-139,EyesClosed,posterior,5,-10.0961370319862,19,-10.39421964293934,EyesClosed,True
sub-139,EyesOpen,posterior,0,-10.405647667585205,19,-10.39421964293934,EyesOpen,True
sub-139,EyesOpen,posterior,1,-10.518891862676687,19,-10.39421964293934,EyesOpen,True
sub-139,EyesOpen,posterior,2,-10.523348234352508,19,-10.39421964293934,EyesOpen,True
sub-139,EyesOpen,posterior,3,-10.382791618293474,19,-10.39421964293934,EyesClosed,False
sub-139,EyesOpen,posterior,4,-10.628201549934776,19,-10.39421964293934,EyesOpen,True
sub-139,EyesOpen,posterior,5,-10.594063056487638,19,-10.39421964293934,EyesOpen,True
sub-140,EyesClosed,posterior,0,-10.414691577495434,19,-10.441506144433117,EyesClosed,True
sub-140,EyesClosed,posterior,1,-10.423999455253723,19,-10.441506144433117,EyesClosed,True
sub-140,EyesClosed,posterior,2,-10.468192170416108,19,-10.441506144433117,EyesOpen,False
sub-140,EyesClosed,posterior,3,-10.529933488769947,19,-10.441506144433117,EyesOpen,False
sub-140,EyesClosed,posterior,4,-10.34035881680912,19,-10.441506144433117,EyesClosed,True
sub-140,EyesClosed,posterior,5,-10.370545335392796,19,-10.441506144433117,EyesClosed,True
sub-140,EyesOpen,posterior,0,-10.533841323856777,19,-10.441506144433117,EyesOpen,True
sub-140,EyesOpen,posterior,1,-10.460910761892062,19,-10.441506144433117,EyesOpen,True
sub-140,EyesOpen,posterior,2,-10.457489882396994,19,-10.441506144433117,EyesOpen,True
sub-140,EyesOpen,posterior,3,-10.42552240646924,19,-10.441506144433117,EyesClosed,False
sub-140,EyesOpen,posterior,4,-10.46840964663301,19,-10.441506144433117,EyesOpen,True
sub-140,EyesOpen,posterior,5,-10.415114994654283,19,-10.441506144433117,EyesClosed,False
sub-141,EyesClosed,posterior,0,-10.003082030680211,19,-10.166778042354073,EyesClosed,True
sub-141,EyesClosed,posterior,1,-10.22978422584977,19,-10.166778042354073,EyesOpen,False
sub-141,EyesClosed,posterior,2,-9.858782346680476,19,-10.166778042354073,EyesClosed,True
sub-141,EyesClosed,posterior,3,-9.82882506318523,19,-10.166778042354073,EyesClosed,True
sub-141,EyesClosed,posterior,4,-9.920548751147537,19,-10.166778042354073,EyesClosed,True
sub-141,EyesClosed,posterior,5,-9.835506487612898,19,-10.166778042354073,EyesClosed,True
sub-141,EyesOpen,posterior,0,-10.378749030247839,19,-10.166778042354073,EyesOpen,True
sub-141,EyesOpen,posterior,1,-10.103771858858376,19,-10.166778042354073,EyesClosed,False
sub-141,EyesOpen,posterior,2,-10.248658206711285,19,-10.166778042354073,EyesOpen,True
sub-141,EyesOpen,posterior,3,-10.344194894609736,19,-10.166778042354073,EyesOpen,True
sub-141,EyesOpen,posterior,4,-10.263883158517121,19,-10.166778042354073,EyesOpen,True
sub-141,EyesOpen,posterior,5,-10.264041622824212,19,-10.166778042354073,EyesOpen,True
sub-142,EyesClosed,posterior,0,-10.120013059806999,19,-10.384953888066576,EyesClosed,True
sub-142,EyesClosed,posterior,1,-10.15689789214616,19,-10.384953888066576,EyesClosed,True
sub-142,EyesClosed,posterior,2,-10.01074545767587,19,-10.384953888066576,EyesClosed,True
sub-142,EyesClosed,posterior,3,-10.176290884741169,19,-10.384953888066576,EyesClosed,True
sub-142,EyesClosed,posterior,4,-10.263217080191916,19,-10.384953888066576,EyesClosed,True
sub-142,EyesClosed,posterior,5,-10.4163807079251,19,-10.384953888066576,EyesOpen,False
sub-142,EyesOpen,posterior,0,-10.488835917395397,19,-10.384953888066576,EyesOpen,True
sub-142,EyesOpen,posterior,1,-10.54690612395577,19,-10.384953888066576,EyesOpen,True
sub-142,EyesOpen,posterior,2,-10.407641283573874,19,-10.384953888066576,EyesOpen,True
sub-142,EyesOpen,posterior,3,-10.37832779746489,19,-10.384953888066576,EyesClosed,False
sub-142,EyesOpen,posterior,4,-10.400596773825912,19,-10.384953888066576,EyesOpen,True
sub-142,EyesOpen,posterior,5,-10.391579978668263,19,-10.384953888066576,EyesOpen,True
sub-143,EyesClosed,posterior,0,-8.937253865536897,19,-9.452240218950408,EyesClosed,True
sub-143,EyesClosed,posterior,1,-9.126695310327944,19,-9.452240218950408,EyesClosed,True
sub-143,EyesClosed,posterior,2,-9.02853348847031,19,-9.452240218950408,EyesClosed,True
sub-143,EyesClosed,posterior,3,-9.20628333763689,19,-9.452240218950408,EyesClosed,True
sub-143,EyesClosed,posterior,4,-8.994791285936023,19,-9.452240218950408,EyesClosed,True
sub-143,EyesClosed,posterior,5,-9.37076298036555,19,-9.452240218950408,EyesClosed,True
sub-143,EyesOpen,posterior,0,-9.9141892488332,19,-9.452240218950408,EyesOpen,True
sub-143,EyesOpen,posterior,1,-9.753259326972854,19,-9.452240218950408,EyesOpen,True
sub-143,EyesOpen,posterior,2,-9.906112012805668,19,-9.452240218950408,EyesOpen,True
sub-143,EyesOpen,posterior,3,-9.772191790075283,19,-9.452240218950408,EyesOpen,True
sub-143,EyesOpen,posterior,4,-9.533717457535268,19,-9.452240218950408,EyesOpen,True
sub-143,EyesOpen,posterior,5,-9.671934214191502,19,-9.452240218950408,EyesOpen,True
sub-144,EyesClosed,posterior,0,-9.849455583687375,19,-10.043676417631708,EyesClosed,True
sub-144,EyesClosed,posterior,1,-9.667791924750915,19,-10.043676417631708,EyesClosed,True
sub-144,EyesClosed,posterior,2,-9.62971800996227,19,-10.043676417631708,EyesClosed,True
sub-144,EyesClosed,posterior,3,-9.962666243952132,19,-10.043676417631708,EyesClosed,True
sub-144,EyesClosed,posterior,4,-9.615635384773945,19,-10.043676417631708,EyesClosed,True
sub-144,EyesClosed,posterior,5,-9.74451701927255,19,-10.043676417631708,EyesClosed,True
sub-144,EyesOpen,posterior,0,-10.32076944445058,19,-10.043676417631708,EyesOpen,True
sub-144,EyesOpen,posterior,1,-10.429747090590377,19,-10.043676417631708,EyesOpen,True
sub-144,EyesOpen,posterior,2,-10.34697853509736,19,-10.043676417631708,EyesOpen,True
sub-144,EyesOpen,posterior,3,-10.305183340508886,19,-10.043676417631708,EyesOpen,True
sub-144,EyesOpen,posterior,4,-10.24670674632201,19,-10.043676417631708,EyesOpen,True
sub-144,EyesOpen,posterior,5,-10.124686591311283,19,-10.043676417631708,EyesOpen,True
sub-145,EyesClosed,posterior,0,-9.657440353872612,19,-9.991383407771355,EyesClosed,True
sub-145,EyesClosed,posterior,1,-9.690136712411936,19,-9.991383407771355,EyesClosed,True
sub-145,EyesClosed,posterior,2,-9.63937615463448,19,-9.991383407771355,EyesClosed,True
sub-145,EyesClosed,posterior,3,-9.680379662901833,19,-9.991383407771355,EyesClosed,True
sub-145,EyesClosed,posterior,4,-9.814204787715983,19,-9.991383407771355,EyesClosed,True
sub-145,EyesClosed,posterior,5,-9.700048672987897,19,-9.991383407771355,EyesClosed,True
sub-145,EyesOpen,posterior,0,-10.217402177261175,19,-9.991383407771355,EyesOpen,True
sub-145,EyesOpen,posterior,1,-10.253431662481919,19,-9.991383407771355,EyesOpen,True
sub-145,EyesOpen,posterior,2,-10.168562027826725,19,-9.991383407771355,EyesOpen,True
sub-145,EyesOpen,posterior,3,-10.293360866449312,19,-9.991383407771355,EyesOpen,True
sub-145,EyesOpen,posterior,4,-10.205118300082201,19,-9.991383407771355,EyesOpen,True
sub-145,EyesOpen,posterior,5,-10.276640455570444,19,-9.991383407771355,EyesOpen,True
sub-146,EyesClosed,posterior,0,-9.443238951419044,19,-9.70249343743426,EyesClosed,True
sub-146,EyesClosed,posterior,1,-9.455972015349797,19,-9.70249343743426,EyesClosed,True
sub-146,EyesClosed,posterior,2,-9.171833339496642,19,-9.70249343743426,EyesClosed,True
sub-146,EyesClosed,posterior,3,-8.93647726273504,19,-9.70249343743426,EyesClosed,True
sub-146,EyesClosed,posterior,4,-8.915386621899874,19,-9.70249343743426,EyesClosed,True
sub-146,EyesClosed,posterior,5,-8.9822467781633,19,-9.70249343743426,EyesClosed,True
sub-146,EyesOpen,posterior,0,-10.203863256489553,19,-9.70249343743426,EyesOpen,True
sub-146,EyesOpen,posterior,1,-10.202050922901751,19,-9.70249343743426,EyesOpen,True
sub-146,EyesOpen,posterior,2,-10.1012498618669,19,-9.70249343743426,EyesOpen,True
sub-146,EyesOpen,posterior,3,-10.135956723663305,19,-9.70249343743426,EyesOpen,True
sub-146,EyesOpen,posterior,4,-9.949014859518725,19,-9.70249343743426,EyesOpen,True
sub-146,EyesOpen,posterior,5,-10.14544626047466,19,-9.70249343743426,EyesOpen,True
sub-147,EyesClosed,posterior,0,-9.24459072481794,19,-9.939673600601424,EyesClosed,True
sub-147,EyesClosed,posterior,1,-9.611939095276437,19,-9.939673600601424,EyesClosed,True
sub-147,EyesClosed,posterior,2,-9.508957376792011,19,-9.939673600601424,EyesClosed,True
sub-147,EyesClosed,posterior,3,-9.290615990036319,19,-9.939673600601424,EyesClosed,True
sub-147,EyesClosed,posterior,4,-9.280350452334714,19,-9.939673600601424,EyesClosed,True
sub-147,EyesClosed,posterior,5,-9.358063797286698,19,-9.939673600601424,EyesClosed,True
sub-147,EyesOpen,posterior,0,-10.572217540941578,19,-9.939673600601424,EyesOpen,True
sub-147,EyesOpen,posterior,1,-10.570422520525801,19,-9.939673600601424,EyesOpen,True
sub-147,EyesOpen,posterior,2,-10.344715062066264,19,-9.939673600601424,EyesOpen,True
sub-147,EyesOpen,posterior,3,-10.319925967071816,19,-9.939673600601424,EyesOpen,True
sub-147,EyesOpen,posterior,4,-10.409328935910278,19,-9.939673600601424,EyesOpen,True
sub-147,EyesOpen,posterior,5,-10.267408105926412,19,-9.939673600601424,EyesOpen,True
sub-148,EyesClosed,posterior,0,-8.917553668742539,19,-9.102033694574239,EyesClosed,True
sub-148,EyesClosed,posterior,1,-8.292026637961682,19,-9.102033694574239,EyesClosed,True
sub-148,EyesClosed,posterior,2,-8.358626707297505,19,-9.102033694574239,EyesClosed,True
sub-148,EyesClosed,posterior,3,-8.382650275570724,19,-9.102033694574239,EyesClosed,True
sub-148,EyesClosed,posterior,4,-8.36418839277339,19,-9.102033694574239,EyesClosed,True
sub-148,EyesClosed,posterior,5,-8.361259214675577,19,-9.102033694574239,EyesClosed,True
sub-148,EyesOpen,posterior,0,-10.14350506407094,19,-9.102033694574239,EyesOpen,True
sub-148,EyesOpen,posterior,1,-9.813133333171526,19,-9.102033694574239,EyesOpen,True
sub-148,EyesOpen,posterior,2,-9.390489947855869,19,-9.102033694574239,EyesOpen,True
sub-148,EyesOpen,posterior,3,-9.28651372040594,19,-9.102033694574239,EyesOpen,True
sub-148,EyesOpen,posterior,4,-9.636654455672254,19,-9.102033694574239,EyesOpen,True
sub-148,EyesOpen,posterior,5,-9.915064299673734,19,-9.102033694574239,EyesOpen,True
sub-149,EyesClosed,posterior,0,-8.902541840289052,19,-9.449203347200477,EyesClosed,True
sub-149,EyesClosed,posterior,1,-9.094848205190637,19,-9.449203347200477,EyesClosed,True
sub-149,EyesClosed,posterior,2,-9.186695467728628,19,-9.449203347200477,EyesClosed,True
sub-149,EyesClosed,posterior,3,-9.265488474492184,19,-9.449203347200477,EyesClosed,True
sub-149,EyesClosed,posterior,4,-9.201396947392436,19,-9.449203347200477,EyesClosed,True
sub-149,EyesClosed,posterior,5,-9.08863274150267,19,-9.449203347200477,EyesClosed,True
sub-149,EyesOpen,posterior,0,-9.790083339485774,19,-9.449203347200477,EyesOpen,True
sub-149,EyesOpen,posterior,1,-9.632918219908769,19,-9.449203347200477,EyesOpen,True
sub-149,EyesOpen,posterior,2,-9.878615148054974,19,-9.449203347200477,EyesOpen,True
sub-149,EyesOpen,posterior,3,-9.771003122154756,19,-9.449203347200477,EyesOpen,True
sub-149,EyesOpen,posterior,4,-9.669679998098218,19,-9.449203347200477,EyesOpen,True
sub-149,EyesOpen,posterior,5,-9.732157178701222,19,-9.449203347200477,EyesOpen,True
sub-150,EyesClosed,posterior,0,-10.723240634828874,19,-10.67852887260915,EyesOpen,False
sub-150,EyesClosed,posterior,1,-10.761642529195129,19,-10.67852887260915,EyesOpen,False
sub-150,EyesClosed,posterior,2,-10.711033803897418,19,-10.67852887260915,EyesOpen,False
sub-150,EyesClosed,posterior,3,-10.682047960365074,19,-10.67852887260915,EyesOpen,False
sub-150,EyesClosed,posterior,4,-10.707838627946263,19,-10.67852887260915,EyesOpen,False
sub-150,EyesClosed,posterior,5,-10.610131834892924,19,-10.67852887260915,EyesClosed,True
sub-150,EyesOpen,posterior,0,-10.66975725081954,19,-10.67852887260915,EyesClosed,False
sub-150,EyesOpen,posterior,1,-10.609482299163563,19,-10.67852887260915,EyesClosed,False
sub-150,EyesOpen,posterior,2,-10.61830222410731,19,-10.67852887260915,EyesClosed,False
sub-150,EyesOpen,posterior,3,-10.675009784853223,19,-10.67852887260915,EyesClosed,False
sub-150,EyesOpen,posterior,4,-10.64269678567575,19,-10.67852887260915,EyesClosed,False
sub-150,EyesOpen,posterior,5,-10.739081001540791,19,-10.67852887260915,EyesOpen,True
sub-151,EyesClosed,posterior,0,-9.24144429672658,19,-9.730224929149866,EyesClosed,True
sub-151,EyesClosed,posterior,1,-9.533711036645775,19,-9.730224929149866,EyesClosed,True
sub-151,EyesClosed,posterior,2,-9.335269322650456,19,-9.730224929149866,EyesClosed,True
sub-151,EyesClosed,posterior,3,-9.432072282336241,19,-9.730224929149866,EyesClosed,True
sub-151,EyesClosed,posterior,4,-9.24992144717574,19,-9.730224929149866,EyesClosed,True
sub-151,EyesClosed,posterior,5,-9.403956476481614,19,-9.730224929149866,EyesClosed,True
sub-151,EyesOpen,posterior,0,-10.082949226973287,19,-9.730224929149866,EyesOpen,True
sub-151,EyesOpen,posterior,1,-10.049166420284427,19,-9.730224929149866,EyesOpen,True
sub-151,EyesOpen,posterior,2,-9.959568965549018,19,-9.730224929149866,EyesOpen,True
sub-151,EyesOpen,posterior,3,-9.92673882165396,19,-9.730224929149866,EyesOpen,True
sub-151,EyesOpen,posterior,4,-10.019783151656167,19,-9.730224929149866,EyesOpen,True
sub-151,EyesOpen,posterior,5,-9.932413671323472,19,-9.730224929149866,EyesOpen,True
sub-152,EyesClosed,posterior,0,-9.875584625237224,19,-9.761092134667528,EyesOpen,False
sub-152,EyesClosed,posterior,1,-9.79466630072567,19,-9.761092134667528,EyesOpen,False
sub-152,EyesClosed,posterior,2,-9.887197795784951,19,-9.761092134667528,EyesOpen,False
sub-152,EyesClosed,posterior,3,-9.779046682442065,19,-9.761092134667528,EyesOpen,False
sub-152,EyesClosed,posterior,4,-9.819917055480802,19,-9.761092134667528,EyesOpen,False
sub-152,EyesClosed,posterior,5,-9.743137586892992,19,-9.761092134667528,EyesClosed,True
sub-152,EyesOpen,posterior,0,-10.005746369811026,19,-9.761092134667528,EyesOpen,True
sub-152,EyesOpen,posterior,1,-9.40219875928041,19,-9.761092134667528,EyesClosed,False
sub-152,EyesOpen,posterior,2,-9.562032741120145,19,-9.761092134667528,EyesClosed,False
sub-152,EyesOpen,posterior,3,-9.372716991045285,19,-9.761092134667528,EyesClosed,False
sub-152,EyesOpen,posterior,4,-9.68165209056464,19,-9.761092134667528,EyesClosed,False
sub-152,EyesOpen,posterior,5,-9.483963389516706,19,-9.761092134667528,EyesClosed,False
sub-153,EyesClosed,posterior,0,-10.013470106798804,19,-10.036827849102389,EyesClosed,True
sub-153,EyesClosed,posterior,1,-10.032282081172426,19,-10.036827849102389,EyesClosed,True
sub-153,EyesClosed,posterior,2,-9.751412891574939,19,-10.036827849102389,EyesClosed,True
sub-153,EyesClosed,posterior,3,-9.683017928854113,19,-10.036827849102389,EyesClosed,True
sub-153,EyesClosed,posterior,4,-9.756346500020731,19,-10.036827849102389,EyesClosed,True
sub-153,EyesClosed,posterior,5,-10.005517855832588,19,-10.036827849102389,EyesClosed,True
sub-153,EyesOpen,posterior,0,-10.396385355818081,19,-10.036827849102389,EyesOpen,True
sub-153,EyesOpen,posterior,1,-10.195375012265947,19,-10.036827849102389,EyesOpen,True
sub-153,EyesOpen,posterior,2,-10.359749117924089,19,-10.036827849102389,EyesOpen,True
sub-153,EyesOpen,posterior,3,-10.196139739424126,19,-10.036827849102389,EyesOpen,True
sub-153,EyesOpen,posterior,4,-10.095167910917596,19,-10.036827849102389,EyesOpen,True
sub-153,EyesOpen,posterior,5,-10.041373617032352,19,-10.036827849102389,EyesOpen,True
sub-154,EyesClosed,posterior,0,-9.829858797923068,19,-9.827097738262273,EyesOpen,False
sub-154,EyesClosed,posterior,1,-9.927449623038706,19,-9.827097738262273,EyesOpen,False
sub-154,EyesClosed,posterior,2,-9.675947602033217,19,-9.827097738262273,EyesClosed,True
sub-154,EyesClosed,posterior,3,-9.414156781481536,19,-9.827097738262273,EyesClosed,True
sub-154,EyesClosed,posterior,4,-9.64580114979509,19,-9.827097738262273,EyesClosed,True
sub-154,EyesClosed,posterior,5,-9.429421229702987,19,-9.827097738262273,EyesClosed,True
sub-154,EyesOpen,posterior,0,-10.283736251813764,19,-9.827097738262273,EyesOpen,True
sub-154,EyesOpen,posterior,1,-9.831792367051692,19,-9.827097738262273,EyesOpen,True
sub-154,EyesOpen,posterior,2,-9.777113831184794,19,-9.827097738262273,EyesClosed,False
sub-154,EyesOpen,posterior,3,-9.99706503567319,19,-9.827097738262273,EyesOpen,True
sub-154,EyesOpen,posterior,4,-9.824336678601478,19,-9.827097738262273,EyesClosed,False
sub-154,EyesOpen,posterior,5,-10.070267232431325,19,-9.827097738262273,EyesOpen,True
sub-155,EyesClosed,posterior,0,-9.574560324604219,19,-9.72976036460306,EyesClosed,True
sub-155,EyesClosed,posterior,1,-9.622469527829612,19,-9.72976036460306,EyesClosed,True
sub-155,EyesClosed,posterior,2,-9.556951944034983,19,-9.72976036460306,EyesClosed,True
sub-155,EyesClosed,posterior,3,-9.439958297048134,19,-9.72976036460306,EyesClosed,True
sub-155,EyesClosed,posterior,4,-9.532592817860403,19,-9.72976036460306,EyesClosed,True
sub-155,EyesClosed,posterior,5,-9.643246633168854,19,-9.72976036460306,EyesClosed,True
sub-155,EyesOpen,posterior,0,-9.929781313958392,19,-9.72976036460306,EyesOpen,True
sub-155,EyesOpen,posterior,1,-9.87083053058357,19,-9.72976036460306,EyesOpen,True
sub-155,EyesOpen,posterior,2,-9.875951939850218,19,-9.72976036460306,EyesOpen,True
sub-155,EyesOpen,posterior,3,-9.816274096037263,19,-9.72976036460306,EyesOpen,True
sub-155,EyesOpen,posterior,4,-10.046108845261513,19,-9.72976036460306,EyesOpen,True
sub-155,EyesOpen,posterior,5,-10.499155771512992,19,-9.72976036460306,EyesOpen,True
sub-156,EyesClosed,posterior,0,-9.098921043324827,19,-9.201143646878194,EyesClosed,True
sub-156,EyesClosed,posterior,1,-9.016885412532885,19,-9.201143646878194,EyesClosed,True
sub-156,EyesClosed,posterior,2,-9.079982892238835,19,-9.201143646878194,EyesClosed,True
sub-156,EyesClosed,posterior,3,-9.034303380089574,19,-9.201143646878194,EyesClosed,True
sub-156,EyesClosed,posterior,4,-9.080014940062526,19,-9.201143646878194,EyesClosed,True
sub-156,EyesClosed,posterior,5,-9.117299736076038,19,-9.201143646878194,EyesClosed,True
sub-156,EyesOpen,posterior,0,-9.425448279371826,19,-9.201143646878194,EyesOpen,True
sub-156,EyesOpen,posterior,1,-9.284987557680351,19,-9.201143646878194,EyesOpen,True
sub-156,EyesOpen,posterior,2,-9.28518926006072,19,-9.201143646878194,EyesOpen,True
sub-156,EyesOpen,posterior,3,-9.62396910071125,19,-9.201143646878194,EyesOpen,True
sub-156,EyesOpen,posterior,4,-9.375687372328017,19,-9.201143646878194,EyesOpen,True
sub-156,EyesOpen,posterior,5,-9.370132908219595,19,-9.201143646878194,EyesOpen,True
sub-157,EyesClosed,posterior,0,-10.362584207683913,19,-10.382805369463444,EyesClosed,True
sub-157,EyesClosed,posterior,1,-10.101239895448456,19,-10.382805369463444,EyesClosed,True
sub-157,EyesClosed,posterior,2,-9.99941833565027,19,-10.382805369463444,EyesClosed,True
sub-157,EyesClosed,posterior,3,-9.797704859985155,19,-10.382805369463444,EyesClosed,True
sub-157,EyesClosed,posterior,4,-10.238895415603494,19,-10.382805369463444,EyesClosed,True
sub-157,EyesClosed,posterior,5,-9.525203095225043,19,-10.382805369463444,EyesClosed,True
sub-157,EyesOpen,posterior,0,-10.449889575687118,19,-10.382805369463444,EyesOpen,True
sub-157,EyesOpen,posterior,1,-10.403026531242975,19,-10.382805369463444,EyesOpen,True
sub-157,EyesOpen,posterior,2,-10.429603422395147,19,-10.382805369463444,EyesOpen,True
sub-157,EyesOpen,posterior,3,-10.49317925162152,19,-10.382805369463444,EyesOpen,True
sub-157,EyesOpen,posterior,4,-10.424744014152067,19,-10.382805369463444,EyesOpen,True
sub-157,EyesOpen,posterior,5,-10.551144837750195,19,-10.382805369463444,EyesOpen,True
sub-158,EyesClosed,posterior,0,-9.638998838425442,19,-9.603431170835448,EyesOpen,False
sub-158,EyesClosed,posterior,1,-9.47077650247124,19,-9.603431170835448,EyesClosed,True
sub-158,EyesClosed,posterior,2,-9.638295063146396,19,-9.603431170835448,EyesOpen,False
sub-158,EyesClosed,posterior,3,-9.548332132783987,19,-9.603431170835448,EyesClosed,True
sub-158,EyesClosed,posterior,4,-9.619687596218615,19,-9.603431170835448,EyesOpen,False
sub-158,EyesClosed,posterior,5,-9.482675448209093,19,-9.603431170835448,EyesClosed,True
sub-158,EyesOpen,posterior,0,-9.872862067673692,19,-9.603431170835448,EyesOpen,True
sub-158,EyesOpen,posterior,1,-9.876959329967924,19,-9.603431170835448,EyesOpen,True
sub-158,EyesOpen,posterior,2,-9.31150114285903,19,-9.603431170835448,EyesClosed,False
sub-158,EyesOpen,posterior,3,-9.647711732975162,19,-9.603431170835448,EyesOpen,True
sub-158,EyesOpen,posterior,4,-9.544675824790707,19,-9.603431170835448,EyesClosed,False
sub-158,EyesOpen,posterior,5,-9.58717474545228,19,-9.603431170835448,EyesClosed,False
sub-159,EyesClosed,posterior,0,-8.984888128402044,19,-9.110500635200971,EyesClosed,True
sub-159,EyesClosed,posterior,1,-8.972100166104632,19,-9.110500635200971,EyesClosed,True
sub-159,EyesClosed,posterior,2,-8.936147833561844,19,-9.110500635200971,EyesClosed,True
sub-159,EyesClosed,posterior,3,-8.967487034391786,19,-9.110500635200971,EyesClosed,True
sub-159,EyesClosed,posterior,4,-8.925666701911702,19,-9.110500635200971,EyesClosed,True
sub-159,EyesClosed,posterior,5,-8.914503599841286,19,-9.110500635200971,EyesClosed,True
sub-159,EyesOpen,posterior,0,-9.536177223902683,19,-9.110500635200971,EyesOpen,True
sub-159,EyesOpen,posterior,1,-9.49834177523548,19,-9.110500635200971,EyesOpen,True
sub-159,EyesOpen,posterior,2,-9.353487496570233,19,-9.110500635200971,EyesOpen,True
sub-159,EyesOpen,posterior,3,-9.594164583378129,19,-9.110500635200971,EyesOpen,True
sub-159,EyesOpen,posterior,4,-9.2361131419999,19,-9.110500635200971,EyesOpen,True
sub-159,EyesOpen,posterior,5,-9.367540668060784,19,-9.110500635200971,EyesOpen,True
sub-160,EyesClosed,posterior,0,-10.514848223696385,19,-10.552566973830931,EyesClosed,True
sub-160,EyesClosed,posterior,1,-10.374425712508497,19,-10.552566973830931,EyesClosed,True
sub-160,EyesClosed,posterior,2,-10.249195153331737,19,-10.552566973830931,EyesClosed,True
sub-160,EyesClosed,posterior,3,-10.140219389692072,19,-10.552566973830931,EyesClosed,True
sub-160,EyesClosed,posterior,4,-10.074166685881128,19,-10.552566973830931,EyesClosed,True
sub-160,EyesClosed,posterior,5,-10.201230846561865,19,-10.552566973830931,EyesClosed,True
sub-160,EyesOpen,posterior,0,-10.608080462914538,19,-10.552566973830931,EyesOpen,True
sub-160,EyesOpen,posterior,1,-10.59028572396548,19,-10.552566973830931,EyesOpen,True
sub-160,EyesOpen,posterior,2,-10.728683914613539,19,-10.552566973830931,EyesOpen,True
sub-160,EyesOpen,posterior,3,-10.627939406289862,19,-10.552566973830931,EyesOpen,True
sub-160,EyesOpen,posterior,4,-10.681225430321039,19,-10.552566973830931,EyesOpen,True
sub-160,EyesOpen,posterior,5,-10.652475832641159,19,-10.552566973830931,EyesOpen,True
sub-161,EyesClosed,posterior,0,-9.139149772938499,19,-9.364591419410408,EyesClosed,True
sub-161,EyesClosed,posterior,1,-8.805582562186839,19,-9.364591419410408,EyesClosed,True
sub-161,EyesClosed,posterior,2,-8.911711245349034,19,-9.364591419410408,EyesClosed,True
sub-161,EyesClosed,posterior,3,-8.906252948861978,19,-9.364591419410408,EyesClosed,True
sub-161,EyesClosed,posterior,4,-8.815541343129524,19,-9.364591419410408,EyesClosed,True
sub-161,EyesClosed,posterior,5,-8.976196121939289,19,-9.364591419410408,EyesClosed,True
sub-161,EyesOpen,posterior,0,-9.73220041480755,19,-9.364591419410408,EyesOpen,True
sub-161,EyesOpen,posterior,1,-9.855562257405538,19,-9.364591419410408,EyesOpen,True
sub-161,EyesOpen,posterior,2,-9.92892495069904,19,-9.364591419410408,EyesOpen,True
sub-161,EyesOpen,posterior,3,-10.01866806225753,19,-9.364591419410408,EyesOpen,True
sub-161,EyesOpen,posterior,4,-9.590033065882317,19,-9.364591419410408,EyesOpen,True
sub-161,EyesOpen,posterior,5,-10.000405831521894,19,-9.364591419410408,EyesOpen,True
sub-162,EyesClosed,posterior,0,-10.439873983888967,19,-10.298141824392838,EyesOpen,False
sub-162,EyesClosed,posterior,1,-10.04177847353514,19,-10.298141824392838,EyesClosed,True
sub-162,EyesClosed,posterior,2,-9.726455644014315,19,-10.298141824392838,EyesClosed,True
sub-162,EyesClosed,posterior,3,-9.720443780151998,19,-10.298141824392838,EyesClosed,True
sub-162,EyesClosed,posterior,4,-9.364789882211277,19,-10.298141824392838,EyesClosed,True
sub-162,EyesClosed,posterior,5,-9.311001351071525,19,-10.298141824392838,EyesClosed,True
sub-162,EyesOpen,posterior,0,-10.421159902613772,19,-10.298141824392838,EyesOpen,True
sub-162,EyesOpen,posterior,1,-10.322843817690508,19,-10.298141824392838,EyesOpen,True
sub-162,EyesOpen,posterior,2,-10.286942847621264,19,-10.298141824392838,EyesClosed,False
sub-162,EyesOpen,posterior,3,-10.309340801164412,19,-10.298141824392838,EyesOpen,True
sub-162,EyesOpen,posterior,4,-10.374261459268181,19,-10.298141824392838,EyesOpen,True
sub-162,EyesOpen,posterior,5,-10.3352789355922,19,-10.298141824392838,EyesOpen,True
sub-163,EyesClosed,posterior,0,-8.919737291553924,19,-9.129479997981443,EyesClosed,True
sub-163,EyesClosed,posterior,1,-8.982897308975408,19,-9.129479997981443,EyesClosed,True
sub-163,EyesClosed,posterior,2,-8.960921094515168,19,-9.129479997981443,EyesClosed,True
sub-163,EyesClosed,posterior,3,-9.015958234437047,19,-9.129479997981443,EyesClosed,True
sub-163,EyesClosed,posterior,4,-8.912810014791146,19,-9.129479997981443,EyesClosed,True
sub-163,EyesClosed,posterior,5,-8.902014318172256,19,-9.129479997981443,EyesClosed,True
sub-163,EyesOpen,posterior,0,-9.24300176152584,19,-9.129479997981443,EyesOpen,True
sub-163,EyesOpen,posterior,1,-9.396739844806715,19,-9.129479997981443,EyesOpen,True
sub-163,EyesOpen,posterior,2,-9.440753697281592,19,-9.129479997981443,EyesOpen,True
sub-163,EyesOpen,posterior,3,-9.539997923803673,19,-9.129479997981443,EyesOpen,True
sub-163,EyesOpen,posterior,4,-9.455859576949175,19,-9.129479997981443,EyesOpen,True
sub-163,EyesOpen,posterior,5,-9.483851930413891,19,-9.129479997981443,EyesOpen,True
sub-164,EyesClosed,posterior,0,-10.098199975644636,19,-10.069246595511343,EyesOpen,False
sub-164,EyesClosed,posterior,1,-10.03731192479917,19,-10.069246595511343,EyesClosed,True
sub-164,EyesClosed,posterior,2,-9.889243674448648,19,-10.069246595511343,EyesClosed,True
sub-164,EyesClosed,posterior,3,-10.05857239379024,19,-10.069246595511343,EyesClosed,True
sub-164,EyesClosed,posterior,4,-10.057550109724477,19,-10.069246595511343,EyesClosed,True
sub-164,EyesClosed,posterior,5,-9.944679772976865,19,-10.069246595511343,EyesClosed,True
sub-164,EyesOpen,posterior,0,-10.377043733859013,19,-10.069246595511343,EyesOpen,True
sub-164,EyesOpen,posterior,1,-10.329260510130524,19,-10.069246595511343,EyesOpen,True
sub-164,EyesOpen,posterior,2,-10.079920797232447,19,-10.069246595511343,EyesOpen,True
sub-164,EyesOpen,posterior,3,-10.042471843964595,19,-10.069246595511343,EyesClosed,False
sub-164,EyesOpen,posterior,4,-10.17075732427569,19,-10.069246595511343,EyesOpen,True
sub-164,EyesOpen,posterior,5,-10.28033823412583,19,-10.069246595511343,EyesOpen,True
sub-165,EyesClosed,posterior,0,-9.10024880643325,19,-9.492401018623092,EyesClosed,True
sub-165,EyesClosed,posterior,1,-9.218085964653087,19,-9.492401018623092,EyesClosed,True
sub-165,EyesClosed,posterior,2,-9.102723950079445,19,-9.492401018623092,EyesClosed,True
sub-165,EyesClosed,posterior,3,-9.17053802939994,19,-9.492401018623092,EyesClosed,True
sub-165,EyesClosed,posterior,4,-9.098851148292109,19,-9.492401018623092,EyesClosed,True
sub-165,EyesClosed,posterior,5,-9.077205810705488,19,-9.492401018623092,EyesClosed,True
sub-165,EyesOpen,posterior,0,-10.071302450218738,19,-9.492401018623092,EyesOpen,True
sub-165,EyesOpen,posterior,1,-9.805317660054222,19,-9.492401018623092,EyesOpen,True
sub-165,EyesOpen,posterior,2,-10.037026321831569,19,-9.492401018623092,EyesOpen,True
sub-165,EyesOpen,posterior,3,-9.833156026698981,19,-9.492401018623092,EyesOpen,True
sub-165,EyesOpen,posterior,4,-9.766716072593095,19,-9.492401018623092,EyesOpen,True
sub-165,EyesOpen,posterior,5,-9.791134438007935,19,-9.492401018623092,EyesOpen,True
sub-166,EyesClosed,posterior,0,-9.598887572610893,19,-9.696534893054402,EyesClosed,True
sub-166,EyesClosed,posterior,1,-9.434336261943535,19,-9.696534893054402,EyesClosed,True
sub-166,EyesClosed,posterior,2,-9.675242171912483,19,-9.696534893054402,EyesClosed,True
sub-166,EyesClosed,posterior,3,-9.550841038424663,19,-9.696534893054402,EyesClosed,True
sub-166,EyesClosed,posterior,4,-9.705977900249545,19,-9.696534893054402,EyesOpen,False
sub-166,EyesClosed,posterior,5,-9.302809627116101,19,-9.696534893054402,EyesClosed,True
sub-166,EyesOpen,posterior,0,-10.162342489437078,19,-9.696534893054402,EyesOpen,True
sub-166,EyesOpen,posterior,1,-10.002893782205607,19,-9.696534893054402,EyesOpen,True
sub-166,EyesOpen,posterior,2,-9.85058595295359,19,-9.696534893054402,EyesOpen,True
sub-166,EyesOpen,posterior,3,-9.687091885859259,19,-9.696534893054402,EyesClosed,False
sub-166,EyesOpen,posterior,4,-9.723548985145266,19,-9.696534893054402,EyesOpen,True
sub-166,EyesOpen,posterior,5,-9.920633216875732,19,-9.696534893054402,EyesOpen,True
sub-167,EyesClosed,posterior,0,-10.013307137581583,19,-10.10713225281361,EyesClosed,True
sub-167,EyesClosed,posterior,1,-9.573566791534427,19,-10.10713225281361,EyesClosed,True
sub-167,EyesClosed,posterior,2,-9.58753652767633,19,-10.10713225281361,EyesClosed,True
sub-167,EyesClosed,posterior,3,-9.5009409907428,19,-10.10713225281361,EyesClosed,True
sub-167,EyesClosed,posterior,4,-9.398770254702875,19,-10.10713225281361,EyesClosed,True
sub-167,EyesClosed,posterior,5,-9.610598710744407,19,-10.10713225281361,EyesClosed,True
sub-167,EyesOpen,posterior,0,-10.200957368045636,19,-10.10713225281361,EyesOpen,True
sub-167,EyesOpen,posterior,1,-10.294123313779576,19,-10.10713225281361,EyesOpen,True
sub-167,EyesOpen,posterior,2,-10.277656628122804,19,-10.10713225281361,EyesOpen,True
sub-167,EyesOpen,posterior,3,-10.226845008499176,19,-10.10713225281361,EyesOpen,True
sub-167,EyesOpen,posterior,4,-10.328636686425757,19,-10.10713225281361,EyesOpen,True
sub-167,EyesOpen,posterior,5,-10.302558202202915,19,-10.10713225281361,EyesOpen,True
sub-168,EyesClosed,posterior,0,-9.354988303922893,19,-9.909310746706376,EyesClosed,True
sub-168,EyesClosed,posterior,1,-9.403998751126654,19,-9.909310746706376,EyesClosed,True
sub-168,EyesClosed,posterior,2,-9.308282588770215,19,-9.909310746706376,EyesClosed,True
sub-168,EyesClosed,posterior,3,-9.298666712357525,19,-9.909310746706376,EyesClosed,True
sub-168,EyesClosed,posterior,4,-9.25998404728736,19,-9.909310746706376,EyesClosed,True
sub-168,EyesClosed,posterior,5,-9.30081977607762,19,-9.909310746706376,EyesClosed,True
sub-168,EyesOpen,posterior,0,-10.591342004516521,19,-9.909310746706376,EyesOpen,True
sub-168,EyesOpen,posterior,1,-10.580048432485112,19,-9.909310746706376,EyesOpen,True
sub-168,EyesOpen,posterior,2,-10.43618454167566,19,-9.909310746706376,EyesOpen,True
sub-168,EyesOpen,posterior,3,-10.414622742286099,19,-9.909310746706376,EyesOpen,True
sub-168,EyesOpen,posterior,4,-10.440943140621057,19,-9.909310746706376,EyesOpen,True
sub-168,EyesOpen,posterior,5,-10.591073506688332,19,-9.909310746706376,EyesOpen,True
sub-169,EyesClosed,posterior,0,-8.811700921852974,19,-9.37607441842648,EyesClosed,True
sub-169,EyesClosed,posterior,1,-9.200369949057924,19,-9.37607441842648,EyesClosed,True
sub-169,EyesClosed,posterior,2,-8.964024060585816,19,-9.37607441842648,EyesClosed,True
sub-169,EyesClosed,posterior,3,-9.107215885133247,19,-9.37607441842648,EyesClosed,True
sub-169,EyesClosed,posterior,4,-9.21282823359582,19,-9.37607441842648,EyesClosed,True
sub-169,EyesClosed,posterior,5,-8.976963907301853,19,-9.37607441842648,EyesClosed,True
sub-169,EyesOpen,posterior,0,-9.892659584777954,19,-9.37607441842648,EyesOpen,True
sub-169,EyesOpen,posterior,1,-10.08746941169747,19,-9.37607441842648,EyesOpen,True
sub-169,EyesOpen,posterior,2,-10.021584847195518,19,-9.37607441842648,EyesOpen,True
sub-169,EyesOpen,posterior,3,-9.777435604433261,19,-9.37607441842648,EyesOpen,True
sub-169,EyesOpen,posterior,4,-9.871983417637532,19,-9.37607441842648,EyesOpen,True
sub-169,EyesOpen,posterior,5,-9.539320603257138,19,-9.37607441842648,EyesOpen,True
sub-170,EyesClosed,posterior,0,-9.144032666265216,19,-9.355706826253092,EyesClosed,True
sub-170,EyesClosed,posterior,1,-9.213569404193738,19,-9.355706826253092,EyesClosed,True
sub-170,EyesClosed,posterior,2,-8.83589523376819,19,-9.355706826253092,EyesClosed,True
sub-170,EyesClosed,posterior,3,-8.886601836348317,19,-9.355706826253092,EyesClosed,True
sub-170,EyesClosed,posterior,4,-8.808550317291719,19,-9.355706826253092,EyesClosed,True
sub-170,EyesClosed,posterior,5,-8.671162088852002,19,-9.355706826253092,EyesClosed,True
sub-170,EyesOpen,posterior,0,-9.92010338798048,19,-9.355706826253092,EyesOpen,True
sub-170,EyesOpen,posterior,1,-9.497844248312447,19,-9.355706826253092,EyesOpen,True
sub-170,EyesOpen,posterior,2,-9.946398455814522,19,-9.355706826253092,EyesOpen,True
sub-170,EyesOpen,posterior,3,-9.884256287196504,19,-9.355706826253092,EyesOpen,True
sub-170,EyesOpen,posterior,4,-9.795709266902657,19,-9.355706826253092,EyesOpen,True
sub-170,EyesOpen,posterior,5,-9.822684553347397,19,-9.355706826253092,EyesOpen,True
sub-171,EyesClosed,posterior,0,-9.04846432046691,19,-9.26314101496752,EyesClosed,True
sub-171,EyesClosed,posterior,1,-8.807178330090712,19,-9.26314101496752,EyesClosed,True
sub-171,EyesClosed,posterior,2,-9.076483123460433,19,-9.26314101496752,EyesClosed,True
sub-171,EyesClosed,posterior,3,-8.802602237997439,19,-9.26314101496752,EyesClosed,True
sub-171,EyesClosed,posterior,4,-8.89949455811001,19,-9.26314101496752,EyesClosed,True
sub-171,EyesClosed,posterior,5,-8.970573120699548,19,-9.26314101496752,EyesClosed,True
sub-171,EyesOpen,posterior,0,-9.80829609434922,19,-9.26314101496752,EyesOpen,True
sub-171,EyesOpen,posterior,1,-9.703238003204312,19,-9.26314101496752,EyesOpen,True
sub-171,EyesOpen,posterior,2,-9.75479125878041,19,-9.26314101496752,EyesOpen,True
sub-171,EyesOpen,posterior,3,-9.691279803771044,19,-9.26314101496752,EyesOpen,True
sub-171,EyesOpen,posterior,4,-9.873713667159569,19,-9.26314101496752,EyesOpen,True
sub-171,EyesOpen,posterior,5,-9.449798906474609,19,-9.26314101496752,EyesOpen,True
sub-172,EyesClosed,posterior,0,-10.08708399062856,19,-10.11326006900077,EyesClosed,True
sub-172,EyesClosed,posterior,1,-10.074544002335186,19,-10.11326006900077,EyesClosed,True
sub-172,EyesClosed,posterior,2,-10.01497198024816,19,-10.11326006900077,EyesClosed,True
sub-172,EyesClosed,posterior,3,-9.945730744446069,19,-10.11326006900077,EyesClosed,True
sub-172,EyesClosed,posterior,4,-9.925864501900982,19,-10.11326006900077,EyesClosed,True
sub-172,EyesClosed,posterior,5,-10.144469130141387,19,-10.11326006900077,EyesOpen,False
sub-172,EyesOpen,posterior,0,-10.315065988846603,19,-10.11326006900077,EyesOpen,True
sub-172,EyesOpen,posterior,1,-10.187096691934514,19,-10.11326006900077,EyesOpen,True
sub-172,EyesOpen,posterior,2,-10.122171555598873,19,-10.11326006900077,EyesOpen,True
sub-172,EyesOpen,posterior,3,-10.104348582402665,19,-10.11326006900077,EyesClosed,False
sub-172,EyesOpen,posterior,4,-10.174913393984935,19,-10.11326006900077,EyesOpen,True
sub-172,EyesOpen,posterior,5,-10.204120822093314,19,-10.11326006900077,EyesOpen,True
sub-173,EyesClosed,posterior,0,-10.235461649660678,19,-10.262934829166708,EyesClosed,True
sub-173,EyesClosed,posterior,1,-9.489486327883595,19,-10.262934829166708,EyesClosed,True
sub-173,EyesClosed,posterior,2,-9.648579318588974,19,-10.262934829166708,EyesClosed,True
sub-173,EyesClosed,posterior,3,-9.364074688919372,19,-10.262934829166708,EyesClosed,True
sub-173,EyesClosed,posterior,4,-9.359712694818656,19,-10.262934829166708,EyesClosed,True
sub-173,EyesClosed,posterior,5,-9.147607948645039,19,-10.262934829166708,EyesClosed,True
sub-173,EyesOpen,posterior,0,-10.315503507306056,19,-10.262934829166708,EyesOpen,True
sub-173,EyesOpen,posterior,1,-10.290408008672738,19,-10.262934829166708,EyesOpen,True
sub-173,EyesOpen,posterior,2,-10.297382071765476,19,-10.262934829166708,EyesOpen,True
sub-173,EyesOpen,posterior,3,-10.359285725100602,19,-10.262934829166708,EyesOpen,True
sub-173,EyesOpen,posterior,4,-10.395664359493473,19,-10.262934829166708,EyesOpen,True
sub-173,EyesOpen,posterior,5,-10.340290010897418,19,-10.262934829166708,EyesOpen,True
sub-174,EyesClosed,posterior,0,-8.966415586701284,19,-9.1637143113021,EyesClosed,True
sub-174,EyesClosed,posterior,1,-8.831999234278742,19,-9.1637143113021,EyesClosed,True
sub-174,EyesClosed,posterior,2,-8.897207099010593,19,-9.1637143113021,EyesClosed,True
sub-174,EyesClosed,posterior,3,-8.92848227686417,19,-9.1637143113021,EyesClosed,True
sub-174,EyesClosed,posterior,4,-8.896671923039575,19,-9.1637143113021,EyesClosed,True
sub-174,EyesClosed,posterior,5,-8.841966960991936,19,-9.1637143113021,EyesClosed,True
sub-174,EyesOpen,posterior,0,-9.53361848458783,19,-9.1637143113021,EyesOpen,True
sub-174,EyesOpen,posterior,1,-9.635944580570074,19,-9.1637143113021,EyesOpen,True
sub-174,EyesOpen,posterior,2,-9.385722959130046,19,-9.1637143113021,EyesOpen,True
sub-174,EyesOpen,posterior,3,-9.673010592857985,19,-9.1637143113021,EyesOpen,True
sub-174,EyesOpen,posterior,4,-9.607539048596898,19,-9.1637143113021,EyesOpen,True
sub-174,EyesOpen,posterior,5,-9.361013035902914,19,-9.1637143113021,EyesOpen,True
sub-175,EyesClosed,posterior,0,-9.371475471933321,19,-9.613701360022652,EyesClosed,True
sub-175,EyesClosed,posterior,1,-9.634744498422675,19,-9.613701360022652,EyesOpen,False
sub-175,EyesClosed,posterior,2,-9.439169683014313,19,-9.613701360022652,EyesClosed,True
sub-175,EyesClosed,posterior,3,-9.30977905905983,19,-9.613701360022652,EyesClosed,True
sub-175,EyesClosed,posterior,4,-9.521772613201225,19,-9.613701360022652,EyesClosed,True
sub-175,EyesClosed,posterior,5,-9.749739795911692,19,-9.613701360022652,EyesOpen,False
sub-175,EyesOpen,posterior,0,-10.27183608991519,19,-9.613701360022652,EyesOpen,True
sub-175,EyesOpen,posterior,1,-9.735607138876569,19,-9.613701360022652,EyesOpen,True
sub-175,EyesOpen,posterior,2,-9.35477100086622,19,-9.613701360022652,EyesClosed,False
sub-175,EyesOpen,posterior,3,-10.004330326556348,19,-9.613701360022652,EyesOpen,True
sub-175,EyesOpen,posterior,4,-9.59265822162263,19,-9.613701360022652,EyesClosed,False
sub-175,EyesOpen,posterior,5,-9.694604641540517,19,-9.613701360022652,EyesOpen,True
sub-176,EyesClosed,posterior,0,-9.26225069645849,19,-9.929819602876009,EyesClosed,True
sub-176,EyesClosed,posterior,1,-9.312892131960256,19,-9.929819602876009,EyesClosed,True
sub-176,EyesClosed,posterior,2,-9.665899255590233,19,-9.929819602876009,EyesClosed,True
sub-176,EyesClosed,posterior,3,-9.429331975513374,19,-9.929819602876009,EyesClosed,True
sub-176,EyesClosed,posterior,4,-9.432915509270979,19,-9.929819602876009,EyesClosed,True
sub-176,EyesClosed,posterior,5,-9.592641680784567,19,-9.929819602876009,EyesClosed,True
sub-176,EyesOpen,posterior,0,-10.193739950161785,19,-9.929819602876009,EyesOpen,True
sub-176,EyesOpen,posterior,1,-10.390411282629476,19,-9.929819602876009,EyesOpen,True
sub-176,EyesOpen,posterior,2,-10.34843051913483,19,-9.929819602876009,EyesOpen,True
sub-176,EyesOpen,posterior,3,-10.389228107705094,19,-9.929819602876009,EyesOpen,True
sub-176,EyesOpen,posterior,4,-10.33479910547497,19,-9.929819602876009,EyesOpen,True
sub-176,EyesOpen,posterior,5,-10.378824216541444,19,-9.929819602876009,EyesOpen,True
sub-177,EyesClosed,posterior,0,-8.65109506404199,19,-9.574662478422061,EyesClosed,True
sub-177,EyesClosed,posterior,1,-8.752046590037134,19,-9.574662478422061,EyesClosed,True
sub-177,EyesClosed,posterior,2,-9.221063037768092,19,-9.574662478422061,EyesClosed,True
sub-177,EyesClosed,posterior,3,-8.75722013602708,19,-9.574662478422061,EyesClosed,True
sub-177,EyesClosed,posterior,4,-8.739976346809053,19,-9.574662478422061,EyesClosed,True
sub-177,EyesClosed,posterior,5,-8.851135950756147,19,-9.574662478422061,EyesClosed,True
sub-177,EyesOpen,posterior,0,-10.298761964545271,19,-9.574662478422061,EyesOpen,True
sub-177,EyesOpen,posterior,1,-10.099076661834571,19,-9.574662478422061,EyesOpen,True
sub-177,EyesOpen,posterior,2,-10.134530466938603,19,-9.574662478422061,EyesOpen,True
sub-177,EyesOpen,posterior,3,-10.136559991360725,19,-9.574662478422061,EyesOpen,True
sub-177,EyesOpen,posterior,4,-9.92826191907603,19,-9.574662478422061,EyesOpen,True
sub-177,EyesOpen,posterior,5,-10.220778054840359,19,-9.574662478422061,EyesOpen,True
sub-178,EyesClosed,posterior,0,-9.714626458383949,19,-9.948947404877218,EyesClosed,True
sub-178,EyesClosed,posterior,1,-10.005135631427581,19,-9.948947404877218,EyesOpen,False
sub-178,EyesClosed,posterior,2,-9.79916817124016,19,-9.948947404877218,EyesClosed,True
sub-178,EyesClosed,posterior,3,-9.926274162715787,19,-9.948947404877218,EyesClosed,True
sub-178,EyesClosed,posterior,4,-9.821686980112874,19,-9.948947404877218,EyesClosed,True
sub-178,EyesClosed,posterior,5,-9.97528566494685,19,-9.948947404877218,EyesOpen,False
sub-178,EyesOpen,posterior,0,-10.095759623280811,19,-9.948947404877218,EyesOpen,True
sub-178,EyesOpen,posterior,1,-10.051367961352328,19,-9.948947404877218,EyesOpen,True
sub-178,EyesOpen,posterior,2,-9.954683701742633,19,-9.948947404877218,EyesOpen,True
sub-178,EyesOpen,posterior,3,-9.808586015231105,19,-9.948947404877218,EyesClosed,False
sub-178,EyesOpen,posterior,4,-9.943211108011804,19,-9.948947404877218,EyesClosed,False
sub-178,EyesOpen,posterior,5,-10.084565157094687,19,-9.948947404877218,EyesOpen,True
sub-179,EyesClosed,posterior,0,-8.498299827409403,19,-8.97711280090945,EyesClosed,True
sub-179,EyesClosed,posterior,1,-8.58888501101093,19,-8.97711280090945,EyesClosed,True
sub-179,EyesClosed,posterior,2,-8.55449988285383,19,-8.97711280090945,EyesClosed,True
sub-179,EyesClosed,posterior,3,-8.616794328715908,19,-8.97711280090945,EyesClosed,True
sub-179,EyesClosed,posterior,4,-8.779945989544808,19,-8.97711280090945,EyesClosed,True
sub-179,EyesClosed,posterior,5,-8.73693739671125,19,-8.97711280090945,EyesClosed,True
sub-179,EyesOpen,posterior,0,-9.545403767250784,19,-8.97711280090945,EyesOpen,True
sub-179,EyesOpen,posterior,1,-9.204549386095625,19,-8.97711280090945,EyesOpen,True
sub-179,EyesOpen,posterior,2,-9.23578815967177,19,-8.97711280090945,EyesOpen,True
sub-179,EyesOpen,posterior,3,-9.174279612274093,19,-8.97711280090945,EyesOpen,True
sub-179,EyesOpen,posterior,4,-9.19963542449837,19,-8.97711280090945,EyesOpen,True
sub-179,EyesOpen,posterior,5,-9.2084370682206,19,-8.97711280090945,EyesOpen,True
sub-180,EyesClosed,posterior,0,-9.274422115401986,19,-9.413383092800066,EyesClosed,True
sub-180,EyesClosed,posterior,1,-9.052398727383755,19,-9.413383092800066,EyesClosed,True
sub-180,EyesClosed,posterior,2,-9.039246810300913,19,-9.413383092800066,EyesClosed,True
sub-180,EyesClosed,posterior,3,-8.923326801093353,19,-9.413383092800066,EyesClosed,True
sub-180,EyesClosed,posterior,4,-8.914541852003417,19,-9.413383092800066,EyesClosed,True
sub-180,EyesClosed,posterior,5,-8.974080567956614,19,-9.413383092800066,EyesClosed,True
sub-180,EyesOpen,posterior,0,-9.734300487620112,19,-9.413383092800066,EyesOpen,True
sub-180,EyesOpen,posterior,1,-9.552344070198146,19,-9.413383092800066,EyesOpen,True
sub-180,EyesOpen,posterior,2,-10.018672423349448,19,-9.413383092800066,EyesOpen,True
sub-180,EyesOpen,posterior,3,-10.259525399083023,19,-9.413383092800066,EyesOpen,True
sub-180,EyesOpen,posterior,4,-9.61493882511573,19,-9.413383092800066,EyesOpen,True
sub-180,EyesOpen,posterior,5,-9.641232716446439,19,-9.413383092800066,EyesOpen,True
sub-181,EyesClosed,posterior,0,-9.275493091494912,19,-9.861856218749038,EyesClosed,True
sub-181,EyesClosed,posterior,1,-9.414107745155194,19,-9.861856218749038,EyesClosed,True
sub-181,EyesClosed,posterior,2,-9.190528510209942,19,-9.861856218749038,EyesClosed,True
sub-181,EyesClosed,posterior,3,-9.463157217466252,19,-9.861856218749038,EyesClosed,True
sub-181,EyesClosed,posterior,4,-9.278668139149113,19,-9.861856218749038,EyesClosed,True
sub-181,EyesClosed,posterior,5,-9.44458963355247,19,-9.861856218749038,EyesClosed,True
sub-181,EyesOpen,posterior,0,-10.553880545438286,19,-9.861856218749038,EyesOpen,True
sub-181,EyesOpen,posterior,1,-10.260555220031824,19,-9.861856218749038,EyesOpen,True
sub-181,EyesOpen,posterior,2,-10.46626714339316,19,-9.861856218749038,EyesOpen,True
sub-181,EyesOpen,posterior,3,-10.426509203385988,19,-9.861856218749038,EyesOpen,True
sub-181,EyesOpen,posterior,4,-10.38781600408643,19,-9.861856218749038,EyesOpen,True
sub-181,EyesOpen,posterior,5,-10.573952943702231,19,-9.861856218749038,EyesOpen,True
sub-182,EyesClosed,posterior,0,-9.528690689267421,19,-9.60346835336566,EyesClosed,True
sub-182,EyesClosed,posterior,1,-9.036593509535976,19,-9.60346835336566,EyesClosed,True
sub-182,EyesClosed,posterior,2,-9.140759584694965,19,-9.60346835336566,EyesClosed,True
sub-182,EyesClosed,posterior,3,-9.09396605086321,19,-9.60346835336566,EyesClosed,True
sub-182,EyesClosed,posterior,4,-9.128652068133961,19,-9.60346835336566,EyesClosed,True
sub-182,EyesClosed,posterior,5,-9.207203408310326,19,-9.60346835336566,EyesClosed,True
sub-182,EyesOpen,posterior,0,-10.368734567745722,19,-9.60346835336566,EyesOpen,True
sub-182,EyesOpen,posterior,1,-10.092037083684732,19,-9.60346835336566,EyesOpen,True
sub-182,EyesOpen,posterior,2,-10.07115528365012,19,-9.60346835336566,EyesOpen,True
sub-182,EyesOpen,posterior,3,-10.19644487205021,19,-9.60346835336566,EyesOpen,True
sub-182,EyesOpen,posterior,4,-9.769872563590967,19,-9.60346835336566,EyesOpen,True
sub-182,EyesOpen,posterior,5,-9.678246017463898,19,-9.60346835336566,EyesOpen,True
sub-183,EyesClosed,posterior,0,-10.27165793048784,19,-10.429876993750979,EyesClosed,True
sub-183,EyesClosed,posterior,1,-10.275400885000966,19,-10.429876993750979,EyesClosed,True
sub-183,EyesClosed,posterior,2,-10.112760608372435,19,-10.429876993750979,EyesClosed,True
sub-183,EyesClosed,posterior,3,-10.107207833550634,19,-10.429876993750979,EyesClosed,True
sub-183,EyesClosed,posterior,4,-9.627684989772096,19,-10.429876993750979,EyesClosed,True
sub-183,EyesClosed,posterior,5,-9.75176383405506,19,-10.429876993750979,EyesClosed,True
sub-183,EyesOpen,posterior,0,-10.779124974609067,19,-10.429876993750979,EyesOpen,True
sub-183,EyesOpen,posterior,1,-10.707458614993469,19,-10.429876993750979,EyesOpen,True
sub-183,EyesOpen,posterior,2,-10.662602512363119,19,-10.429876993750979,EyesOpen,True
sub-183,EyesOpen,posterior,3,-10.734565615150188,19,-10.429876993750979,EyesOpen,True
sub-183,EyesOpen,posterior,4,-10.754150258747984,19,-10.429876993750979,EyesOpen,True
sub-183,EyesOpen,posterior,5,-10.584353102500991,19,-10.429876993750979,EyesOpen,True
sub-184,EyesClosed,posterior,0,-9.592005727259677,19,-9.775679548498866,EyesClosed,True
sub-184,EyesClosed,posterior,1,-9.477059682925637,19,-9.775679548498866,EyesClosed,True
sub-184,EyesClosed,posterior,2,-9.489066719408362,19,-9.775679548498866,EyesClosed,True
sub-184,EyesClosed,posterior,3,-9.457490414106076,19,-9.775679548498866,EyesClosed,True
sub-184,EyesClosed,posterior,4,-9.506799375164192,19,-9.775679548498866,EyesClosed,True
sub-184,EyesClosed,posterior,5,-9.60863193731832,19,-9.775679548498866,EyesClosed,True
sub-184,EyesOpen,posterior,0,-10.158482494822065,19,-9.775679548498866,EyesOpen,True
sub-184,EyesOpen,posterior,1,-10.070812535701029,19,-9.775679548498866,EyesOpen,True
sub-184,EyesOpen,posterior,2,-10.062260176511979,19,-9.775679548498866,EyesOpen,True
sub-184,EyesOpen,posterior,3,-10.282510228147231,19,-9.775679548498866,EyesOpen,True
sub-184,EyesOpen,posterior,4,-9.942727159679412,19,-9.775679548498866,EyesOpen,True
sub-184,EyesOpen,posterior,5,-10.195393470435025,19,-9.775679548498866,EyesOpen,True
sub-185,EyesClosed,posterior,0,-8.974245305215074,19,-9.151630260862259,EyesClosed,True
sub-185,EyesClosed,posterior,1,-9.0938845140286,19,-9.151630260862259,EyesClosed,True
sub-185,EyesClosed,posterior,2,-9.151630260862259,19,-9.151630260862259,EyesOpen,False
sub-185,EyesClosed,posterior,3,-8.857854332272302,19,-9.151630260862259,EyesClosed,True
sub-185,EyesClosed,posterior,4,-9.104981813864667,19,-9.151630260862259,EyesClosed,True
sub-185,EyesClosed,posterior,5,-8.948932424135226,19,-9.151630260862259,EyesClosed,True
sub-185,EyesClosed,posterior,6,-8.972861508529117,19,-9.151630260862259,EyesClosed,True
sub-185,EyesOpen,posterior,0,-9.784240543218221,19,-9.151630260862259,EyesOpen,True
sub-185,EyesOpen,posterior,1,-9.426973148231996,19,-9.151630260862259,EyesOpen,True
sub-185,EyesOpen,posterior,2,-9.232852544175618,19,-9.151630260862259,EyesOpen,True
sub-185,EyesOpen,posterior,3,-9.228399102164648,19,-9.151630260862259,EyesOpen,True
sub-185,EyesOpen,posterior,4,-10.073996233301788,19,-9.151630260862259,EyesOpen,True
sub-185,EyesOpen,posterior,5,-10.050252153856798,19,-9.151630260862259,EyesOpen,True
sub-186,EyesClosed,posterior,0,-10.508916021420568,19,-10.55398297100723,EyesClosed,True
sub-186,EyesClosed,posterior,1,-10.401391523361868,19,-10.55398297100723,EyesClosed,True
sub-186,EyesClosed,posterior,2,-10.250060447123715,19,-10.55398297100723,EyesClosed,True
sub-186,EyesClosed,posterior,3,-10.487990873681904,19,-10.55398297100723,EyesClosed,True
sub-186,EyesClosed,posterior,4,-10.36363720759733,19,-10.55398297100723,EyesClosed,True
sub-186,EyesClosed,posterior,5,-10.566919437932764,19,-10.55398297100723,EyesOpen,False
sub-186,EyesOpen,posterior,0,-10.59107402784324,19,-10.55398297100723,EyesOpen,True
sub-186,EyesOpen,posterior,1,-10.58062050675188,19,-10.55398297100723,EyesOpen,True
sub-186,EyesOpen,posterior,2,-10.586723078141565,19,-10.55398297100723,EyesOpen,True
sub-186,EyesOpen,posterior,3,-10.638236855537466,19,-10.55398297100723,EyesOpen,True
sub-186,EyesOpen,posterior,4,-10.541046504081695,19,-10.55398297100723,EyesClosed,False
sub-186,EyesOpen,posterior,5,-10.601886039524501,19,-10.55398297100723,EyesOpen,True
sub-187,EyesClosed,posterior,0,-8.49511175222834,19,-9.353745897589787,EyesClosed,True
sub-187,EyesClosed,posterior,1,-8.846677587378087,19,-9.353745897589787,EyesClosed,True
sub-187,EyesClosed,posterior,2,-8.923220911347034,19,-9.353745897589787,EyesClosed,True
sub-187,EyesClosed,posterior,3,-8.815731673568095,19,-9.353745897589787,EyesClosed,True
sub-187,EyesClosed,posterior,4,-9.168194083478658,19,-9.353745897589787,EyesClosed,True
sub-187,EyesClosed,posterior,5,-9.120543646542432,19,-9.353745897589787,EyesClosed,True
sub-187,EyesOpen,posterior,0,-9.95534638186111,19,-9.353745897589787,EyesOpen,True
sub-187,EyesOpen,posterior,1,-10.040982815333383,19,-9.353745897589787,EyesOpen,True
sub-187,EyesOpen,posterior,2,-10.053254110237882,19,-9.353745897589787,EyesOpen,True
sub-187,EyesOpen,posterior,3,-9.803094682131237,19,-9.353745897589787,EyesOpen,True
sub-187,EyesOpen,posterior,4,-9.871437713475943,19,-9.353745897589787,EyesOpen,True
sub-187,EyesOpen,posterior,5,-9.539297711700916,19,-9.353745897589787,EyesOpen,True
sub-188,EyesClosed,posterior,0,-9.360089394108815,19,-9.93313484499841,EyesClosed,True
sub-188,EyesClosed,posterior,1,-9.481701786845216,19,-9.93313484499841,EyesClosed,True
sub-188,EyesClosed,posterior,2,-9.33624814940184,19,-9.93313484499841,EyesClosed,True
sub-188,EyesClosed,posterior,3,-9.297852062069824,19,-9.93313484499841,EyesClosed,True
sub-188,EyesClosed,posterior,4,-9.29102028786812,19,-9.93313484499841,EyesClosed,True
sub-188,EyesClosed,posterior,5,-9.459490663654217,19,-9.93313484499841,EyesClosed,True
sub-188,EyesOpen,posterior,0,-10.46509175725764,19,-9.93313484499841,EyesOpen,True
sub-188,EyesOpen,posterior,1,-10.384567903151606,19,-9.93313484499841,EyesOpen,True
sub-188,EyesOpen,posterior,2,-10.448924860057563,19,-9.93313484499841,EyesOpen,True
sub-188,EyesOpen,posterior,3,-10.43631011057742,19,-9.93313484499841,EyesOpen,True
sub-188,EyesOpen,posterior,4,-10.440622611199577,19,-9.93313484499841,EyesOpen,True
sub-188,EyesOpen,posterior,5,-10.509733661689609,19,-9.93313484499841,EyesOpen,True
sub-189,EyesClosed,posterior,0,-9.974287995583527,19,-10.082489036562134,EyesClosed,True
sub-189,EyesClosed,posterior,1,-9.82613576581145,19,-10.082489036562134,EyesClosed,True
sub-189,EyesClosed,posterior,2,-9.901651078885738,19,-10.082489036562134,EyesClosed,True
sub-189,EyesClosed,posterior,3,-9.725663847710504,19,-10.082489036562134,EyesClosed,True
sub-189,EyesClosed,posterior,4,-9.803707567115193,19,-10.082489036562134,EyesClosed,True
sub-189,EyesClosed,posterior,5,-9.86568760411846,19,-10.082489036562134,EyesClosed,True
sub-189,EyesOpen,posterior,0,-10.407869781651396,19,-10.082489036562134,EyesOpen,True
sub-189,EyesOpen,posterior,1,-10.335588626247517,19,-10.082489036562134,EyesOpen,True
sub-189,EyesOpen,posterior,2,-10.209053364044124,19,-10.082489036562134,EyesOpen,True
sub-189,EyesOpen,posterior,3,-10.190690077540742,19,-10.082489036562134,EyesOpen,True
sub-189,EyesOpen,posterior,4,-10.27311990650052,19,-10.082489036562134,EyesOpen,True
sub-189,EyesOpen,posterior,5,-10.313708922515698,19,-10.082489036562134,EyesOpen,True
sub-190,EyesClosed,posterior,0,-9.882623178398742,19,-10.118462408936946,EyesClosed,True
sub-190,EyesClosed,posterior,1,-9.77176653471589,19,-10.118462408936946,EyesClosed,True
sub-190,EyesClosed,posterior,2,-9.663140381860428,19,-10.118462408936946,EyesClosed,True
sub-190,EyesClosed,posterior,3,-9.71181254190659,19,-10.118462408936946,EyesClosed,True
sub-190,EyesClosed,posterior,4,-9.564643688572396,19,-10.118462408936946,EyesClosed,True
sub-190,EyesClosed,posterior,5,-9.609796364636884,19,-10.118462408936946,EyesClosed,True
sub-190,EyesOpen,posterior,0,-10.451251574244116,19,-10.118462408936946,EyesOpen,True
sub-190,EyesOpen,posterior,1,-10.384562012301073,19,-10.118462408936946,EyesOpen,True
sub-190,EyesOpen,posterior,2,-10.354301639475148,19,-10.118462408936946,EyesOpen,True
sub-190,EyesOpen,posterior,3,-10.417141953466343,19,-10.118462408936946,EyesOpen,True
sub-190,EyesOpen,posterior,4,-10.469681548702438,19,-10.118462408936946,EyesOpen,True
sub-190,EyesOpen,posterior,5,-10.43867235330999,19,-10.118462408936946,EyesOpen,True
sub-191,EyesClosed,posterior,0,-8.94502410426395,19,-9.262987513335258,EyesClosed,True
sub-191,EyesClosed,posterior,1,-8.670502902054757,19,-9.262987513335258,EyesClosed,True
sub-191,EyesClosed,posterior,2,-8.734765910725754,19,-9.262987513335258,EyesClosed,True
sub-191,EyesClosed,posterior,3,-8.740761062076208,19,-9.262987513335258,EyesClosed,True
sub-191,EyesClosed,posterior,4,-8.728509269330806,19,-9.262987513335258,EyesClosed,True
sub-191,EyesClosed,posterior,5,-8.842881810675124,19,-9.262987513335258,EyesClosed,True
sub-191,EyesOpen,posterior,0,-10.10210749883316,19,-9.262987513335258,EyesOpen,True
sub-191,EyesOpen,posterior,1,-9.754517444607204,19,-9.262987513335258,EyesOpen,True
sub-191,EyesOpen,posterior,2,-9.582672724600352,19,-9.262987513335258,EyesOpen,True
sub-191,EyesOpen,posterior,3,-9.630723829084635,19,-9.262987513335258,EyesOpen,True
sub-191,EyesOpen,posterior,4,-9.580950922406563,19,-9.262987513335258,EyesOpen,True
sub-191,EyesOpen,posterior,5,-9.727128289704481,19,-9.262987513335258,EyesOpen,True
sub-192,EyesClosed,posterior,0,-8.866268818968,19,-9.198053761144045,EyesClosed,True
sub-192,EyesClosed,posterior,1,-8.902239306616922,19,-9.198053761144045,EyesClosed,True
sub-192,EyesClosed,posterior,2,-8.757606682336405,19,-9.198053761144045,EyesClosed,True
sub-192,EyesClosed,posterior,3,-8.812628931281475,19,-9.198053761144045,EyesClosed,True
sub-192,EyesClosed,posterior,4,-8.93290690797222,19,-9.198053761144045,EyesClosed,True
sub-192,EyesClosed,posterior,5,-8.904426729688334,19,-9.198053761144045,EyesClosed,True
sub-192,EyesOpen,posterior,0,-10.070551869619294,19,-9.198053761144045,EyesOpen,True
sub-192,EyesOpen,posterior,1,-9.684747621642998,19,-9.198053761144045,EyesOpen,True
sub-192,EyesOpen,posterior,2,-9.575239944280725,19,-9.198053761144045,EyesOpen,True
sub-192,EyesOpen,posterior,3,-9.617851443853155,19,-9.198053761144045,EyesOpen,True
sub-192,EyesOpen,posterior,4,-9.84065932920827,19,-9.198053761144045,EyesOpen,True
sub-192,EyesOpen,posterior,5,-9.463200614315872,19,-9.198053761144045,EyesOpen,True
sub-193,EyesClosed,posterior,0,-8.804052859715933,19,-9.112934752399628,EyesClosed,True
sub-193,EyesClosed,posterior,1,-8.775889569348255,19,-9.112934752399628,EyesClosed,True
sub-193,EyesClosed,posterior,2,-8.810097516129664,19,-9.112934752399628,EyesClosed,True
sub-193,EyesClosed,posterior,3,-8.893191981262168,19,-9.112934752399628,EyesClosed,True
sub-193,EyesClosed,posterior,4,-8.778868650934156,19,-9.112934752399628,EyesClosed,True
sub-193,EyesClosed,posterior,5,-8.752040541181442,19,-9.112934752399628,EyesClosed,True
sub-193,EyesOpen,posterior,0,-9.864823584930352,19,-9.112934752399628,EyesOpen,True
sub-193,EyesOpen,posterior,1,-9.546502975386892,19,-9.112934752399628,EyesOpen,True
sub-193,EyesOpen,posterior,2,-9.803693243440065,19,-9.112934752399628,EyesOpen,True
sub-193,EyesOpen,posterior,3,-9.515916440309931,19,-9.112934752399628,EyesOpen,True
sub-193,EyesOpen,posterior,4,-9.545272663221574,19,-9.112934752399628,EyesOpen,True
sub-193,EyesOpen,posterior,5,-9.332677523537086,19,-9.112934752399628,EyesOpen,True
sub-194,EyesClosed,posterior,0,-10.326857133881107,19,-10.326126605308133,EyesOpen,False
sub-194,EyesClosed,posterior,1,-10.319625537989143,19,-10.326126605308133,EyesClosed,True
sub-194,EyesClosed,posterior,2,-10.421381356041916,19,-10.326126605308133,EyesOpen,False
sub-194,EyesClosed,posterior,3,-10.23549245787224,19,-10.326126605308133,EyesClosed,True
sub-194,EyesClosed,posterior,4,-10.089336048575257,19,-10.326126605308133,EyesClosed,True
sub-194,EyesClosed,posterior,5,-10.172881593585243,19,-10.326126605308133,EyesClosed,True
sub-194,EyesOpen,posterior,0,-10.414577399804974,19,-10.326126605308133,EyesOpen,True
sub-194,EyesOpen,posterior,1,-10.325396076735156,19,-10.326126605308133,EyesClosed,False
sub-194,EyesOpen,posterior,2,-10.273939988077435,19,-10.326126605308133,EyesClosed,False
sub-194,EyesOpen,posterior,3,-10.339471139507097,19,-10.326126605308133,EyesOpen,True
sub-194,EyesOpen,posterior,4,-10.40527709443635,19,-10.326126605308133,EyesOpen,True
sub-194,EyesOpen,posterior,5,-10.493332791540531,19,-10.326126605308133,EyesOpen,True
sub-195,EyesClosed,posterior,0,-9.089905228083758,19,-9.374949539059287,EyesClosed,True
sub-195,EyesClosed,posterior,1,-8.847382270699267,19,-9.374949539059287,EyesClosed,True
sub-195,EyesClosed,posterior,2,-8.871811046735909,19,-9.374949539059287,EyesClosed,True
sub-195,EyesClosed,posterior,3,-8.763196960591866,19,-9.374949539059287,EyesClosed,True
sub-195,EyesClosed,posterior,4,-8.682978798506003,19,-9.374949539059287,EyesClosed,True
sub-195,EyesClosed,posterior,5,-8.674781055949573,19,-9.374949539059287,EyesClosed,True
sub-195,EyesOpen,posterior,0,-9.831029576911728,19,-9.374949539059287,EyesOpen,True
sub-195,EyesOpen,posterior,1,-9.846571691008947,19,-9.374949539059287,EyesOpen,True
sub-195,EyesOpen,posterior,2,-9.886556752162377,19,-9.374949539059287,EyesOpen,True
sub-195,EyesOpen,posterior,3,-9.76409372021607,19,-9.374949539059287,EyesOpen,True
sub-195,EyesOpen,posterior,4,-9.659993850034814,19,-9.374949539059287,EyesOpen,True
sub-195,EyesOpen,posterior,5,-9.896541087853668,19,-9.374949539059287,EyesOpen,True
sub-196,EyesClosed,posterior,0,-9.356583700635035,19,-9.68018482500679,EyesClosed,True
sub-196,EyesClosed,posterior,1,-9.397480871420846,19,-9.68018482500679,EyesClosed,True
sub-196,EyesClosed,posterior,2,-9.146350233456872,19,-9.68018482500679,EyesClosed,True
sub-196,EyesClosed,posterior,3,-9.098657525125606,19,-9.68018482500679,EyesClosed,True
sub-196,EyesClosed,posterior,4,-9.32506941596883,19,-9.68018482500679,EyesClosed,True
sub-196,EyesClosed,posterior,5,-9.064700938706299,19,-9.68018482500679,EyesClosed,True
sub-196,EyesOpen,posterior,0,-9.962888778592736,19,-9.68018482500679,EyesOpen,True
sub-196,EyesOpen,posterior,1,-10.276589447734654,19,-9.68018482500679,EyesOpen,True
sub-196,EyesOpen,posterior,2,-10.0733708364157,19,-9.68018482500679,EyesOpen,True
sub-196,EyesOpen,posterior,3,-10.548541051540713,19,-9.68018482500679,EyesOpen,True
sub-196,EyesOpen,posterior,4,-10.281258828904727,19,-9.68018482500679,EyesOpen,True
sub-196,EyesOpen,posterior,5,-10.360880664036717,19,-9.68018482500679,EyesOpen,True
sub-197,EyesClosed,posterior,0,-9.997536158411293,19,-9.919803686645416,EyesOpen,False
sub-197,EyesClosed,posterior,1,-9.818771049162311,19,-9.919803686645416,EyesClosed,True
sub-197,EyesClosed,posterior,2,-9.883208719749113,19,-9.919803686645416,EyesClosed,True
sub-197,EyesClosed,posterior,3,-9.925602063337319,19,-9.919803686645416,EyesOpen,False
sub-197,EyesClosed,posterior,4,-9.778442798836663,19,-9.919803686645416,EyesClosed,True
sub-197,EyesClosed,posterior,5,-9.884892607992752,19,-9.919803686645416,EyesClosed,True
sub-197,EyesOpen,posterior,0,-10.083666116806109,19,-9.919803686645416,EyesOpen,True
sub-197,EyesOpen,posterior,1,-10.068619193210845,19,-9.919803686645416,EyesOpen,True
sub-197,EyesOpen,posterior,2,-10.104334995381947,19,-9.919803686645416,EyesOpen,True
sub-197,EyesOpen,posterior,3,-9.914005309953511,19,-9.919803686645416,EyesClosed,False
sub-197,EyesOpen,posterior,4,-9.804854030913383,19,-9.919803686645416,EyesClosed,False
sub-197,EyesOpen,posterior,5,-10.138790931206673,19,-9.919803686645416,EyesOpen,True
sub-198,EyesClosed,posterior,0,-9.788939552174556,19,-9.96365367037425,EyesClosed,True
sub-198,EyesClosed,posterior,1,-9.791205016578544,19,-9.96365367037425,EyesClosed,True
sub-198,EyesClosed,posterior,2,-9.887070949056774,19,-9.96365367037425,EyesClosed,True
sub-198,EyesClosed,posterior,3,-9.865939178432336,19,-9.96365367037425,EyesClosed,True
sub-198,EyesClosed,posterior,4,-9.849182092556447,19,-9.96365367037425,EyesClosed,True
sub-198,EyesClosed,posterior,5,-9.856870351384243,19,-9.96365367037425,EyesClosed,True
sub-198,EyesOpen,posterior,0,-10.040236391691725,19,-9.96365367037425,EyesOpen,True
sub-198,EyesOpen,posterior,1,-10.298245355209724,19,-9.96365367037425,EyesOpen,True
sub-198,EyesOpen,posterior,2,-10.244358787097532,19,-9.96365367037425,EyesOpen,True
sub-198,EyesOpen,posterior,3,-10.196528070432718,19,-9.96365367037425,EyesOpen,True
sub-198,EyesOpen,posterior,4,-10.206068490748791,19,-9.96365367037425,EyesOpen,True
sub-198,EyesOpen,posterior,5,-10.350736577509863,19,-9.96365367037425,EyesOpen,True
sub-199,EyesClosed,posterior,0,-10.039995660987804,19,-10.238084444591488,EyesClosed,True
sub-199,EyesClosed,posterior,1,-10.066474225040663,19,-10.238084444591488,EyesClosed,True
sub-199,EyesClosed,posterior,2,-10.148276561161572,19,-10.238084444591488,EyesClosed,True
sub-199,EyesClosed,posterior,3,-10.124082179883466,19,-10.238084444591488,EyesClosed,True
sub-199,EyesClosed,posterior,4,-10.21053724340403,19,-10.238084444591488,EyesClosed,True
sub-199,EyesClosed,posterior,5,-10.2240192380232,19,-10.238084444591488,EyesClosed,True
sub-199,EyesOpen,posterior,0,-10.304300293035336,19,-10.238084444591488,EyesOpen,True
sub-199,EyesOpen,posterior,1,-10.338968453834687,19,-10.238084444591488,EyesOpen,True
sub-199,EyesOpen,posterior,2,-10.252149651159776,19,-10.238084444591488,EyesOpen,True
sub-199,EyesOpen,posterior,3,-10.25910670547178,19,-10.238084444591488,EyesOpen,True
sub-199,EyesOpen,posterior,4,-10.301520678890231,19,-10.238084444591488,EyesOpen,True
sub-199,EyesOpen,posterior,5,-10.321869174547393,19,-10.238084444591488,EyesOpen,True
sub-200,EyesClosed,posterior,0,-10.139790042054262,19,-9.982895441071609,EyesOpen,False
sub-200,EyesClosed,posterior,1,-9.986712444981633,19,-9.982895441071609,EyesOpen,False
sub-200,EyesClosed,posterior,2,-9.875772667283265,19,-9.982895441071609,EyesClosed,True
sub-200,EyesClosed,posterior,3,-9.765571424538821,19,-9.982895441071609,EyesClosed,True
sub-200,EyesClosed,posterior,4,-9.965820240583097,19,-9.982895441071609,EyesClosed,True
sub-200,EyesClosed,posterior,5,-9.874716007390997,19,-9.982895441071609,EyesClosed,True
sub-200,EyesOpen,posterior,0,-10.12289740580238,19,-9.982895441071609,EyesOpen,True
sub-200,EyesOpen,posterior,1,-10.042736269532815,19,-9.982895441071609,EyesOpen,True
sub-200,EyesOpen,posterior,2,-9.979078437161585,19,-9.982895441071609,EyesClosed,False
sub-200,EyesOpen,posterior,3,-10.036703239416962,19,-9.982895441071609,EyesOpen,True
sub-200,EyesOpen,posterior,4,-10.07604945625436,19,-9.982895441071609,EyesOpen,True
sub-200,EyesOpen,posterior,5,-9.929916209191612,19,-9.982895441071609,EyesClosed,False
sub-201,EyesClosed,posterior,0,-10.358304140242902,19,-10.23742617258987,EyesOpen,False
sub-201,EyesClosed,posterior,1,-10.456551882745842,19,-10.23742617258987,EyesOpen,False
sub-201,EyesClosed,posterior,2,-10.09875745395594,19,-10.23742617258987,EyesClosed,True
sub-201,EyesClosed,posterior,3,-10.131015081922422,19,-10.23742617258987,EyesClosed,True
sub-201,EyesClosed,posterior,4,-10.234857842459778,19,-10.23742617258987,EyesClosed,True
sub-201,EyesClosed,posterior,5,-10.239994502719965,19,-10.23742617258987,EyesOpen,False
sub-201,EyesOpen,posterior,0,-10.41677667056868,19,-10.23742617258987,EyesOpen,True
sub-201,EyesOpen,posterior,1,-10.132873484981307,19,-10.23742617258987,EyesClosed,False
sub-201,EyesOpen,posterior,2,-10.307653452094817,19,-10.23742617258987,EyesOpen,True
sub-201,EyesOpen,posterior,3,-10.112290631183743,19,-10.23742617258987,EyesClosed,False
sub-201,EyesOpen,posterior,4,-10.250168003461662,19,-10.23742617258987,EyesOpen,True
sub-201,EyesOpen,posterior,5,-9.959281126714782,19,-10.23742617258987,EyesClosed,False
sub-202,EyesClosed,posterior,0,-9.337285069410882,19,-9.44240977475092,EyesClosed,True
sub-202,EyesClosed,posterior,1,-9.321776112335701,19,-9.44240977475092,EyesClosed,True
sub-202,EyesClosed,posterior,2,-9.42643796179143,19,-9.44240977475092,EyesClosed,True
sub-202,EyesClosed,posterior,3,-9.081971273581612,19,-9.44240977475092,EyesClosed,True
sub-202,EyesClosed,posterior,4,-9.2611784219103,19,-9.44240977475092,EyesClosed,True
sub-202,EyesClosed,posterior,5,-9.143540635135963,19,-9.44240977475092,EyesClosed,True
sub-202,EyesOpen,posterior,0,-9.599739670383672,19,-9.44240977475092,EyesOpen,True
sub-202,EyesOpen,posterior,1,-9.489276625606147,19,-9.44240977475092,EyesOpen,True
sub-202,EyesOpen,posterior,2,-9.550993460710155,19,-9.44240977475092,EyesOpen,True
sub-202,EyesOpen,posterior,3,-9.519846298908007,19,-9.44240977475092,EyesOpen,True
sub-202,EyesOpen,posterior,4,-9.45838158771041,19,-9.44240977475092,EyesOpen,True
sub-202,EyesOpen,posterior,5,-9.739152674660248,19,-9.44240977475092,EyesOpen,True
sub-203,EyesClosed,posterior,0,-10.629314617862853,19,-10.480422900624124,EyesOpen,False
sub-203,EyesClosed,posterior,1,-10.61011457082331,19,-10.480422900624124,EyesOpen,False
sub-203,EyesClosed,posterior,2,-10.530068073399178,19,-10.480422900624124,EyesOpen,False
sub-203,EyesClosed,posterior,3,-10.556028424625545,19,-10.480422900624124,EyesOpen,False
sub-203,EyesClosed,posterior,4,-10.595740530563184,19,-10.480422900624124,EyesOpen,False
sub-203,EyesClosed,posterior,5,-10.52821771001569,19,-10.480422900624124,EyesOpen,False
sub-203,EyesOpen,posterior,0,-10.311867798774506,19,-10.480422900624124,EyesClosed,False
sub-203,EyesOpen,posterior,1,-10.284842090677355,19,-10.480422900624124,EyesClosed,False
sub-203,EyesOpen,posterior,2,-10.401218418155407,19,-10.480422900624124,EyesClosed,False
sub-203,EyesOpen,posterior,3,-10.432628091232557,19,-10.480422900624124,EyesClosed,False
sub-203,EyesOpen,posterior,4,-10.344013178283376,19,-10.480422900624124,EyesClosed,False
sub-203,EyesOpen,posterior,5,-10.314241828019883,19,-10.480422900624124,EyesClosed,False
sub-204,EyesClosed,posterior,0,-10.306157388125937,19,-10.24602350773051,EyesOpen,False
sub-204,EyesClosed,posterior,1,-9.674844360066192,19,-10.24602350773051,EyesClosed,True
sub-204,EyesClosed,posterior,2,-9.752868600686734,19,-10.24602350773051,EyesClosed,True
sub-204,EyesClosed,posterior,3,-9.827151570788713,19,-10.24602350773051,EyesClosed,True
sub-204,EyesClosed,posterior,4,-9.869131174260762,19,-10.24602350773051,EyesClosed,True
sub-204,EyesClosed,posterior,5,-9.81306233916683,19,-10.24602350773051,EyesClosed,True
sub-204,EyesOpen,posterior,0,-10.754618810890685,19,-10.24602350773051,EyesOpen,True
sub-204,EyesOpen,posterior,1,-10.263828960907448,19,-10.24602350773051,EyesOpen,True
sub-204,EyesOpen,posterior,2,-10.606612590741367,19,-10.24602350773051,EyesOpen,True
sub-204,EyesOpen,posterior,3,-10.607246800147008,19,-10.24602350773051,EyesOpen,True
sub-204,EyesOpen,posterior,4,-10.471738192016838,19,-10.24602350773051,EyesOpen,True
sub-204,EyesOpen,posterior,5,-10.228218054553569,19,-10.24602350773051,EyesClosed,False
sub-205,EyesClosed,posterior,0,-8.681391561081922,19,-9.095386418335202,EyesClosed,True
sub-205,EyesClosed,posterior,1,-8.780098033531852,19,-9.095386418335202,EyesClosed,True
sub-205,EyesClosed,posterior,2,-8.696055811868527,19,-9.095386418335202,EyesClosed,True
sub-205,EyesClosed,posterior,3,-8.670129507665925,19,-9.095386418335202,EyesClosed,True
sub-205,EyesClosed,posterior,4,-8.719008513459174,19,-9.095386418335202,EyesClosed,True
sub-205,EyesClosed,posterior,5,-8.705105247964402,19,-9.095386418335202,EyesClosed,True
sub-205,EyesOpen,posterior,0,-10.289101626483385,19,-9.095386418335202,EyesOpen,True
sub-205,EyesOpen,posterior,1,-9.785409992703554,19,-9.095386418335202,EyesOpen,True
sub-205,EyesOpen,posterior,2,-9.867524966222417,19,-9.095386418335202,EyesOpen,True
sub-205,EyesOpen,posterior,3,-9.701054857057803,19,-9.095386418335202,EyesOpen,True
sub-205,EyesOpen,posterior,4,-9.410674803138555,19,-9.095386418335202,EyesOpen,True
sub-205,EyesOpen,posterior,5,-9.786498717093595,19,-9.095386418335202,EyesOpen,True
sub-206,EyesClosed,posterior,0,-8.163442325627901,19,-9.55159447507606,EyesClosed,True
sub-206,EyesClosed,posterior,1,-6.107956377648587,19,-9.55159447507606,EyesClosed,True
sub-206,EyesClosed,posterior,2,-9.55159447507606,19,-9.55159447507606,EyesOpen,False
sub-206,EyesClosed,posterior,3,-9.540326755825463,19,-9.55159447507606,EyesClosed,True
sub-206,EyesClosed,posterior,4,-9.41487409204779,19,-9.55159447507606,EyesClosed,True
sub-206,EyesClosed,posterior,5,-9.409642846321427,19,-9.55159447507606,EyesClosed,True
sub-206,EyesClosed,posterior,6,-9.387423099692677,19,-9.55159447507606,EyesClosed,True
sub-206,EyesOpen,posterior,0,-10.306979828828974,19,-9.55159447507606,EyesOpen,True
sub-206,EyesOpen,posterior,1,-10.348370268503313,19,-9.55159447507606,EyesOpen,True
sub-206,EyesOpen,posterior,2,-10.14518042838001,19,-9.55159447507606,EyesOpen,True
sub-206,EyesOpen,posterior,3,-10.229438031092572,19,-9.55159447507606,EyesOpen,True
sub-206,EyesOpen,posterior,4,-10.172508476880205,19,-9.55159447507606,EyesOpen,True
sub-206,EyesOpen,posterior,5,-10.288784004670937,19,-9.55159447507606,EyesOpen,True
sub-207,EyesClosed,posterior,0,-10.494293334171905,19,-10.534008766751981,EyesClosed,True
sub-207,EyesClosed,posterior,1,-10.376464112347412,19,-10.534008766751981,EyesClosed,True
sub-207,EyesClosed,posterior,2,-10.370299005681664,19,-10.534008766751981,EyesClosed,True
sub-207,EyesClosed,posterior,3,-10.265467899764342,19,-10.534008766751981,EyesClosed,True
sub-207,EyesClosed,posterior,4,-10.204817005554549,19,-10.534008766751981,EyesClosed,True
sub-207,EyesClosed,posterior,5,-10.289489879312656,19,-10.534008766751981,EyesClosed,True
sub-207,EyesOpen,posterior,0,-10.642303226221944,19,-10.534008766751981,EyesOpen,True
sub-207,EyesOpen,posterior,1,-10.573724199332057,19,-10.534008766751981,EyesOpen,True
sub-207,EyesOpen,posterior,2,-10.612670714534397,19,-10.534008766751981,EyesOpen,True
sub-207,EyesOpen,posterior,3,-10.608261937029004,19,-10.534008766751981,EyesOpen,True
sub-207,EyesOpen,posterior,4,-10.578883905731685,19,-10.534008766751981,EyesOpen,True
sub-207,EyesOpen,posterior,5,-10.608210234720444,19,-10.534008766751981,EyesOpen,True
sub-208,EyesClosed,posterior,0,-8.66002566570808,19,-8.99126921379425,EyesClosed,True
sub-208,EyesClosed,posterior,1,-8.8873486892763,19,-8.99126921379425,EyesClosed,True
sub-208,EyesClosed,posterior,2,-8.64408299979512,19,-8.99126921379425,EyesClosed,True
sub-208,EyesClosed,posterior,3,-9.107610339487175,19,-8.99126921379425,EyesOpen,False
sub-208,EyesClosed,posterior,4,-8.996631253822281,19,-8.99126921379425,EyesOpen,False
sub-208,EyesClosed,posterior,5,-8.955934790105466,19,-8.99126921379425,EyesClosed,True
sub-208,EyesOpen,posterior,0,-9.626674055432808,19,-8.99126921379425,EyesOpen,True
sub-208,EyesOpen,posterior,1,-8.985907173766222,19,-8.99126921379425,EyesClosed,False
sub-208,EyesOpen,posterior,2,-9.350542493295784,19,-8.99126921379425,EyesOpen,True
sub-208,EyesOpen,posterior,3,-8.968571274941782,19,-8.99126921379425,EyesClosed,False
sub-208,EyesOpen,posterior,4,-8.99842679648327,19,-8.99126921379425,EyesOpen,True
sub-208,EyesOpen,posterior,5,-9.407441560951902,19,-8.99126921379425,EyesOpen,True
sub-209,EyesClosed,posterior,0,-9.614350064108487,19,-9.797437404556984,EyesClosed,True
sub-209,EyesClosed,posterior,1,-9.735059738184798,19,-9.797437404556984,EyesClosed,True
sub-209,EyesClosed,posterior,2,-9.878593799656544,19,-9.797437404556984,EyesOpen,False
sub-209,EyesClosed,posterior,3,-9.580652759192436,19,-9.797437404556984,EyesClosed,True
sub-209,EyesClosed,posterior,4,-9.794424971941593,19,-9.797437404556984,EyesClosed,True
sub-209,EyesClosed,posterior,5,-9.800449837172376,19,-9.797437404556984,EyesOpen,False
sub-209,EyesOpen,posterior,0,-9.82020425488729,19,-9.797437404556984,EyesOpen,True
sub-209,EyesOpen,posterior,1,-9.75769018763218,19,-9.797437404556984,EyesClosed,False
sub-209,EyesOpen,posterior,2,-9.723645010168548,19,-9.797437404556984,EyesClosed,False
sub-209,EyesOpen,posterior,3,-9.847026841510079,19,-9.797437404556984,EyesOpen,True
sub-209,EyesOpen,posterior,4,-9.920518135298343,19,-9.797437404556984,EyesOpen,True
sub-209,EyesOpen,posterior,5,-9.872491611720884,19,-9.797437404556984,EyesOpen,True
sub-210,EyesClosed,posterior,0,-9.854122732552703,19,-10.141328604222759,EyesClosed,True
sub-210,EyesClosed,posterior,1,-9.993066414457859,19,-10.141328604222759,EyesClosed,True
sub-210,EyesClosed,posterior,2,-10.124590495714502,19,-10.141328604222759,EyesClosed,True
sub-210,EyesClosed,posterior,3,-10.014156038239234,19,-10.141328604222759,EyesClosed,True
sub-210,EyesClosed,posterior,4,-10.031032368413022,19,-10.141328604222759,EyesClosed,True
sub-210,EyesClosed,posterior,5,-9.833533093453052,19,-10.141328604222759,EyesClosed,True
sub-210,EyesOpen,posterior,0,-10.328664947965088,19,-10.141328604222759,EyesOpen,True
sub-210,EyesOpen,posterior,1,-10.34330262880685,19,-10.141328604222759,EyesOpen,True
sub-210,EyesOpen,posterior,2,-10.200099122204938,19,-10.141328604222759,EyesOpen,True
sub-210,EyesOpen,posterior,3,-10.420898440244496,19,-10.141328604222759,EyesOpen,True
sub-210,EyesOpen,posterior,4,-10.158066712731015,19,-10.141328604222759,EyesOpen,True
sub-210,EyesOpen,posterior,5,-10.531215850367339,19,-10.141328604222759,EyesOpen,True
sub-211,EyesClosed,posterior,0,-8.864856689595367,19,-9.414508884502272,EyesClosed,True
sub-211,EyesClosed,posterior,1,-9.039803437171814,19,-9.414508884502272,EyesClosed,True
sub-211,EyesClosed,posterior,2,-8.805338027933004,19,-9.414508884502272,EyesClosed,True
sub-211,EyesClosed,posterior,3,-9.371506805419783,19,-9.414508884502272,EyesClosed,True
sub-211,EyesClosed,posterior,4,-9.101781708667355,19,-9.414508884502272,EyesClosed,True
sub-211,EyesClosed,posterior,5,-9.221249310754247,19,-9.414508884502272,EyesClosed,True
sub-211,EyesOpen,posterior,0,-9.533328680693451,19,-9.414508884502272,EyesOpen,True
sub-211,EyesOpen,posterior,1,-9.64789132831056,19,-9.414508884502272,EyesOpen,True
sub-211,EyesOpen,posterior,2,-9.568794519942802,19,-9.414508884502272,EyesOpen,True
sub-211,EyesOpen,posterior,3,-9.511377894480127,19,-9.414508884502272,EyesOpen,True
sub-211,EyesOpen,posterior,4,-9.45751096358476,19,-9.414508884502272,EyesOpen,True
sub-211,EyesOpen,posterior,5,-9.780050255337626,19,-9.414508884502272,EyesOpen,True
sub-212,EyesClosed,posterior,0,-9.344071047465182,19,-9.919144608862654,EyesClosed,True
sub-212,EyesClosed,posterior,1,-9.443725728496187,19,-9.919144608862654,EyesClosed,True
sub-212,EyesClosed,posterior,2,-9.521210703350944,19,-9.919144608862654,EyesClosed,True
sub-212,EyesClosed,posterior,3,-9.446692560999987,19,-9.919144608862654,EyesClosed,True
sub-212,EyesClosed,posterior,4,-9.524927650417384,19,-9.919144608862654,EyesClosed,True
sub-212,EyesClosed,posterior,5,-9.509101704372464,19,-9.919144608862654,EyesClosed,True
sub-212,EyesOpen,posterior,0,-10.41750219890871,19,-9.919144608862654,EyesOpen,True
sub-212,EyesOpen,posterior,1,-10.35870804711473,19,-9.919144608862654,EyesOpen,True
sub-212,EyesOpen,posterior,2,-10.416717031685538,19,-9.919144608862654,EyesOpen,True
sub-212,EyesOpen,posterior,3,-10.42049481564241,19,-9.919144608862654,EyesOpen,True
sub-212,EyesOpen,posterior,4,-10.313361567307924,19,-9.919144608862654,EyesOpen,True
sub-212,EyesOpen,posterior,5,-10.358371145951653,19,-9.919144608862654,EyesOpen,True
sub-213,EyesClosed,posterior,0,-10.372695953584204,19,-10.502727442934807,EyesClosed,True
sub-213,EyesClosed,posterior,1,-10.519450208009735,19,-10.502727442934807,EyesOpen,False
sub-213,EyesClosed,posterior,2,-10.486588913766445,19,-10.502727442934807,EyesClosed,True
sub-213,EyesClosed,posterior,3,-10.461898348117927,19,-10.502727442934807,EyesClosed,True
sub-213,EyesClosed,posterior,4,-10.294425456577448,19,-10.502727442934807,EyesClosed,True
sub-213,EyesClosed,posterior,5,-10.158039796032693,19,-10.502727442934807,EyesClosed,True
sub-213,EyesOpen,posterior,0,-10.63780149604988,19,-10.502727442934807,EyesOpen,True
sub-213,EyesOpen,posterior,1,-10.498687505710077,19,-10.502727442934807,EyesClosed,False
sub-213,EyesOpen,posterior,2,-10.524009390582982,19,-10.502727442934807,EyesOpen,True
sub-213,EyesOpen,posterior,3,-10.610524934130163,19,-10.502727442934807,EyesOpen,True
sub-213,EyesOpen,posterior,4,-10.664121463231174,19,-10.502727442934807,EyesOpen,True
sub-213,EyesOpen,posterior,5,-10.506767380159538,19,-10.502727442934807,EyesOpen,True
sub-214,EyesClosed,posterior,0,-10.335940522672724,19,-10.166315950369576,EyesOpen,False
sub-214,EyesClosed,posterior,1,-10.036950635025187,19,-10.166315950369576,EyesClosed,True
sub-214,EyesClosed,posterior,2,-10.166315950369576,19,-10.166315950369576,EyesOpen,False
sub-214,EyesClosed,posterior,3,-10.159376419873485,19,-10.166315950369576,EyesClosed,True
sub-214,EyesClosed,posterior,4,-10.085301857587183,19,-10.166315950369576,EyesClosed,True
sub-214,EyesClosed,posterior,5,-10.09220228093869,19,-10.166315950369576,EyesClosed,True
sub-214,EyesClosed,posterior,6,-10.16188728412474,19,-10.166315950369576,EyesClosed,True
sub-214,EyesClosed,posterior,7,-10.340100091209566,19,-10.166315950369576,EyesOpen,False
sub-214,EyesClosed,posterior,8,-10.239807656745738,19,-10.166315950369576,EyesOpen,False
sub-214,EyesOpen,posterior,0,-10.257925325793162,19,-10.166315950369576,EyesOpen,True
sub-214,EyesOpen,posterior,1,-10.15543717506715,19,-10.166315950369576,EyesClosed,False
sub-214,EyesOpen,posterior,2,-10.235270454444668,19,-10.166315950369576,EyesOpen,True
sub-214,EyesOpen,posterior,3,-10.349678143585514,19,-10.166315950369576,EyesOpen,True
sub-214,EyesOpen,posterior,4,-10.351405243177998,19,-10.166315950369576,EyesOpen,True
sub-214,EyesOpen,posterior,5,-10.059953218772009,19,-10.166315950369576,EyesClosed,False
sub-215,EyesClosed,posterior,0,-10.008290124521437,19,-10.083941304467984,EyesClosed,True
sub-215,EyesClosed,posterior,1,-9.677960731811584,19,-10.083941304467984,EyesClosed,True
sub-215,EyesClosed,posterior,2,-9.150748193745953,19,-10.083941304467984,EyesClosed,True
sub-215,EyesClosed,posterior,3,-8.945497538728853,19,-10.083941304467984,EyesClosed,True
sub-215,EyesClosed,posterior,4,-9.360478382787273,19,-10.083941304467984,EyesClosed,True
sub-215,EyesClosed,posterior,5,-9.236375570314493,19,-10.083941304467984,EyesClosed,True
sub-215,EyesOpen,posterior,0,-10.174311901611324,19,-10.083941304467984,EyesOpen,True
sub-215,EyesOpen,posterior,1,-10.185841136595519,19,-10.083941304467984,EyesOpen,True
sub-215,EyesOpen,posterior,2,-10.25227230305127,19,-10.083941304467984,EyesOpen,True
sub-215,EyesOpen,posterior,3,-10.267454753766668,19,-10.083941304467984,EyesOpen,True
sub-215,EyesOpen,posterior,4,-10.301762458653885,19,-10.083941304467984,EyesOpen,True
sub-215,EyesOpen,posterior,5,-10.159592484414532,19,-10.083941304467984,EyesOpen,True
sub-216,EyesClosed,posterior,0,-9.138435626788436,19,-9.394193870617755,EyesClosed,True
sub-216,EyesClosed,posterior,1,-9.126111325597817,19,-9.394193870617755,EyesClosed,True
sub-216,EyesClosed,posterior,2,-9.190382545526566,19,-9.394193870617755,EyesClosed,True
sub-216,EyesClosed,posterior,3,-9.18660223753639,19,-9.394193870617755,EyesClosed,True
sub-216,EyesClosed,posterior,4,-9.221306918723073,19,-9.394193870617755,EyesClosed,True
sub-216,EyesClosed,posterior,5,-9.295907931364242,19,-9.394193870617755,EyesClosed,True
sub-216,EyesOpen,posterior,0,-10.020613870523356,19,-9.394193870617755,EyesOpen,True
sub-216,EyesOpen,posterior,1,-9.708138921771866,19,-9.394193870617755,EyesOpen,True
sub-216,EyesOpen,posterior,2,-9.49247980987127,19,-9.394193870617755,EyesOpen,True
sub-216,EyesOpen,posterior,3,-9.670768001307943,19,-9.394193870617755,EyesOpen,True
sub-216,EyesOpen,posterior,4,-9.846666940746536,19,-9.394193870617755,EyesOpen,True
sub-216,EyesOpen,posterior,5,-9.986350972507246,19,-9.394193870617755,EyesOpen,True
sub-217,EyesClosed,posterior,0,-9.832223753268915,19,-10.011618201597912,EyesClosed,True
sub-217,EyesClosed,posterior,1,-9.608587889228952,19,-10.011618201597912,EyesClosed,True
sub-217,EyesClosed,posterior,2,-9.563014752324452,19,-10.011618201597912,EyesClosed,True
sub-217,EyesClosed,posterior,3,-9.640257022938359,19,-10.011618201597912,EyesClosed,True
sub-217,EyesClosed,posterior,4,-9.64687983171557,19,-10.011618201597912,EyesClosed,True
sub-217,EyesClosed,posterior,5,-9.432554462328667,19,-10.011618201597912,EyesClosed,True
sub-217,EyesOpen,posterior,0,-10.276254639281913,19,-10.011618201597912,EyesOpen,True
sub-217,EyesOpen,posterior,1,-10.364629693428292,19,-10.011618201597912,EyesOpen,True
sub-217,EyesOpen,posterior,2,-10.266397205610902,19,-10.011618201597912,EyesOpen,True
sub-217,EyesOpen,posterior,3,-10.198618494828258,19,-10.011618201597912,EyesOpen,True
sub-217,EyesOpen,posterior,4,-10.191012649926911,19,-10.011618201597912,EyesOpen,True
sub-217,EyesOpen,posterior,5,-10.359690855470438,19,-10.011618201597912,EyesOpen,True
sub-218,EyesClosed,posterior,0,-9.591189638647696,19,-9.714554830901443,EyesClosed,True
sub-218,EyesClosed,posterior,1,-9.316128008268445,19,-9.714554830901443,EyesClosed,True
sub-218,EyesClosed,posterior,2,-9.318866870225037,19,-9.714554830901443,EyesClosed,True
sub-218,EyesClosed,posterior,3,-9.043814715947484,19,-9.714554830901443,EyesClosed,True
sub-218,EyesClosed,posterior,4,-9.043158213638648,19,-9.714554830901443,EyesClosed,True
sub-218,EyesClosed,posterior,5,-9.405818519980357,19,-9.714554830901443,EyesClosed,True
sub-218,EyesOpen,posterior,0,-10.159939466073295,19,-9.714554830901443,EyesOpen,True
sub-218,EyesOpen,posterior,1,-10.133661918086693,19,-9.714554830901443,EyesOpen,True
sub-218,EyesOpen,posterior,2,-9.841698959728605,19,-9.714554830901443,EyesOpen,True
sub-218,EyesOpen,posterior,3,-9.83792002315519,19,-9.714554830901443,EyesOpen,True
sub-218,EyesOpen,posterior,4,-9.92275770641979,19,-9.714554830901443,EyesOpen,True
sub-218,EyesOpen,posterior,5,-9.90066105320463,19,-9.714554830901443,EyesOpen,True
sub-219,EyesClosed,posterior,0,-9.795008035575036,19,-9.83202650016808,EyesClosed,True
sub-219,EyesClosed,posterior,1,-9.525512231277256,19,-9.83202650016808,EyesClosed,True
sub-219,EyesClosed,posterior,2,-9.321846995217484,19,-9.83202650016808,EyesClosed,True
sub-219,EyesClosed,posterior,3,-9.248465395038927,19,-9.83202650016808,EyesClosed,True
sub-219,EyesClosed,posterior,4,-9.2420493816575,19,-9.83202650016808,EyesClosed,True
sub-219,EyesClosed,posterior,5,-9.020615425591851,19,-9.83202650016808,EyesClosed,True
sub-219,EyesOpen,posterior,0,-10.046839923180535,19,-9.83202650016808,EyesOpen,True
sub-219,EyesOpen,posterior,1,-10.079784673284442,19,-9.83202650016808,EyesOpen,True
sub-219,EyesOpen,posterior,2,-9.869044964761125,19,-9.83202650016808,EyesOpen,True
sub-219,EyesOpen,posterior,3,-9.94865051139111,19,-9.83202650016808,EyesOpen,True
sub-219,EyesOpen,posterior,4,-9.893031494326626,19,-9.83202650016808,EyesOpen,True
sub-219,EyesOpen,posterior,5,-9.870540226175091,19,-9.83202650016808,EyesOpen,True
sub-220,EyesClosed,posterior,0,-9.17296356900227,19,-9.530137871799115,EyesClosed,True
sub-220,EyesClosed,posterior,1,-9.124258210786703,19,-9.530137871799115,EyesClosed,True
sub-220,EyesClosed,posterior,2,-9.09133722809662,19,-9.530137871799115,EyesClosed,True
sub-220,EyesClosed,posterior,3,-9.195693622038064,19,-9.530137871799115,EyesClosed,True
sub-220,EyesClosed,posterior,4,-9.260604698741425,19,-9.530137871799115,EyesClosed,True
sub-220,EyesClosed,posterior,5,-9.155043151302834,19,-9.530137871799115,EyesClosed,True
sub-220,EyesOpen,posterior,0,-10.007430409213697,19,-9.530137871799115,EyesOpen,True
sub-220,EyesOpen,posterior,1,-10.204171595835698,19,-9.530137871799115,EyesOpen,True
sub-220,EyesOpen,posterior,2,-10.018942357127575,19,-9.530137871799115,EyesOpen,True
sub-220,EyesOpen,posterior,3,-10.146481482203859,19,-9.530137871799115,EyesOpen,True
sub-220,EyesOpen,posterior,4,-10.135739019383156,19,-9.530137871799115,EyesOpen,True
sub-220,EyesOpen,posterior,5,-9.799671044856805,19,-9.530137871799115,EyesOpen,True
sub-221,EyesClosed,posterior,0,-8.732155497360282,19,-9.289733409652044,EyesClosed,True
sub-221,EyesClosed,posterior,1,-8.947434465589055,19,-9.289733409652044,EyesClosed,True
sub-221,EyesClosed,posterior,2,-8.982251760447499,19,-9.289733409652044,EyesClosed,True
sub-221,EyesClosed,posterior,3,-8.99830397996312,19,-9.289733409652044,EyesClosed,True
sub-221,EyesClosed,posterior,4,-9.081810283548295,19,-9.289733409652044,EyesClosed,True
sub-221,EyesClosed,posterior,5,-9.171908027349739,19,-9.289733409652044,EyesClosed,True
sub-221,EyesOpen,posterior,0,-9.844377403015269,19,-9.289733409652044,EyesOpen,True
sub-221,EyesOpen,posterior,1,-9.660472267845929,19,-9.289733409652044,EyesOpen,True
sub-221,EyesOpen,posterior,2,-9.627186913673826,19,-9.289733409652044,EyesOpen,True
sub-221,EyesOpen,posterior,3,-9.407558791954349,19,-9.289733409652044,EyesOpen,True
sub-221,EyesOpen,posterior,4,-9.51473516146935,19,-9.289733409652044,EyesOpen,True
sub-221,EyesOpen,posterior,5,-9.539284789694259,19,-9.289733409652044,EyesOpen,True
sub-222,EyesClosed,posterior,0,-9.14247490687944,19,-9.44437661000157,EyesClosed,True
sub-222,EyesClosed,posterior,1,-9.00491430465049,19,-9.44437661000157,EyesClosed,True
sub-222,EyesClosed,posterior,2,-8.946866236422988,19,-9.44437661000157,EyesClosed,True
sub-222,EyesClosed,posterior,3,-9.06687107730056,19,-9.44437661000157,EyesClosed,True
sub-222,EyesClosed,posterior,4,-9.08716996696063,19,-9.44437661000157,EyesClosed,True
sub-222,EyesClosed,posterior,5,-8.984979013069971,19,-9.44437661000157,EyesClosed,True
sub-222,EyesOpen,posterior,0,-10.36957018662684,19,-9.44437661000157,EyesOpen,True
sub-222,EyesOpen,posterior,1,-10.029205598775226,19,-9.44437661000157,EyesOpen,True
sub-222,EyesOpen,posterior,2,-9.82412790118677,19,-9.44437661000157,EyesOpen,True
sub-222,EyesOpen,posterior,3,-10.223748720482238,19,-9.44437661000157,EyesOpen,True
sub-222,EyesOpen,posterior,4,-10.094200783337126,19,-9.44437661000157,EyesOpen,True
sub-222,EyesOpen,posterior,5,-9.7462783131237,19,-9.44437661000157,EyesOpen,True
sub-223,EyesClosed,posterior,0,-8.868398374639812,19,-8.99943350968735,EyesClosed,True
sub-223,EyesClosed,posterior,1,-8.901863847747007,19,-8.99943350968735,EyesClosed,True
sub-223,EyesClosed,posterior,2,-8.857216952469908,19,-8.99943350968735,EyesClosed,True
sub-223,EyesClosed,posterior,3,-8.869651244614708,19,-8.99943350968735,EyesClosed,True
sub-223,EyesClosed,posterior,4,-8.821700347565189,19,-8.99943350968735,EyesClosed,True
sub-223,EyesClosed,posterior,5,-8.843192417767183,19,-8.99943350968735,EyesClosed,True
sub-223,EyesOpen,posterior,0,-9.782262043707348,19,-8.99943350968735,EyesOpen,True
sub-223,EyesOpen,posterior,1,-9.256565721711102,19,-8.99943350968735,EyesOpen,True
sub-223,EyesOpen,posterior,2,-9.690950728499992,19,-8.99943350968735,EyesOpen,True
sub-223,EyesOpen,posterior,3,-9.648922107549541,19,-8.99943350968735,EyesOpen,True
sub-223,EyesOpen,posterior,4,-9.5013339220009,19,-8.99943350968735,EyesOpen,True
sub-223,EyesOpen,posterior,5,-9.097003171627694,19,-8.99943350968735,EyesOpen,True
sub-224,EyesClosed,posterior,0,-9.941012943748307,19,-10.081268036909902,EyesClosed,True
sub-224,EyesClosed,posterior,1,-9.645453354887579,19,-10.081268036909902,EyesClosed,True
sub-224,EyesClosed,posterior,2,-9.74933157491539,19,-10.081268036909902,EyesClosed,True
sub-224,EyesClosed,posterior,3,-9.69208216867663,19,-10.081268036909902,EyesClosed,True
sub-224,EyesClosed,posterior,4,-9.62577663268289,19,-10.081268036909902,EyesClosed,True
sub-224,EyesClosed,posterior,5,-9.517894758783491,19,-10.081268036909902,EyesClosed,True
sub-224,EyesOpen,posterior,0,-10.494371526226857,19,-10.081268036909902,EyesOpen,True
sub-224,EyesOpen,posterior,1,-10.26826215232582,19,-10.081268036909902,EyesOpen,True
sub-224,EyesOpen,posterior,2,-10.231859891109277,19,-10.081268036909902,EyesOpen,True
sub-224,EyesOpen,posterior,3,-10.289422147336417,19,-10.081268036909902,EyesOpen,True
sub-224,EyesOpen,posterior,4,-10.295112808707849,19,-10.081268036909902,EyesOpen,True
sub-224,EyesOpen,posterior,5,-10.221523130071498,19,-10.081268036909902,EyesOpen,True
sub-225,EyesClosed,posterior,0,-9.269178241820367,19,-9.716592936943618,EyesClosed,True
sub-225,EyesClosed,posterior,1,-9.368819540399157,19,-9.716592936943618,EyesClosed,True
sub-225,EyesClosed,posterior,2,-9.319886757859733,19,-9.716592936943618,EyesClosed,True
sub-225,EyesClosed,posterior,3,-9.363231819709677,19,-9.716592936943618,EyesClosed,True
sub-225,EyesClosed,posterior,4,-9.284193999805996,19,-9.716592936943618,EyesClosed,True
sub-225,EyesClosed,posterior,5,-9.381285057730402,19,-9.716592936943618,EyesClosed,True
sub-225,EyesOpen,posterior,0,-10.39536278944379,19,-9.716592936943618,EyesOpen,True
sub-225,EyesOpen,posterior,1,-10.475072128462019,19,-9.716592936943618,EyesOpen,True
sub-225,EyesOpen,posterior,2,-10.264181947992725,19,-9.716592936943618,EyesOpen,True
sub-225,EyesOpen,posterior,3,-10.051900816156834,19,-9.716592936943618,EyesOpen,True
sub-225,EyesOpen,posterior,4,-10.498385442846208,19,-9.716592936943618,EyesOpen,True
sub-225,EyesOpen,posterior,5,-10.268546627299388,19,-9.716592936943618,EyesOpen,True
sub-226,EyesClosed,posterior,0,-9.374871770152275,19,-9.555440363990758,EyesClosed,True
sub-226,EyesClosed,posterior,1,-9.106271470790377,19,-9.555440363990758,EyesClosed,True
sub-226,EyesClosed,posterior,2,-8.880542200127294,19,-9.555440363990758,EyesClosed,True
sub-226,EyesClosed,posterior,3,-9.146352286939699,19,-9.555440363990758,EyesClosed,True
sub-226,EyesClosed,posterior,4,-8.997711065278528,19,-9.555440363990758,EyesClosed,True
sub-226,EyesClosed,posterior,5,-8.80161044894605,19,-9.555440363990758,EyesClosed,True
sub-226,EyesOpen,posterior,0,-10.380687592859099,19,-9.555440363990758,EyesOpen,True
sub-226,EyesOpen,posterior,1,-10.43455188174042,19,-9.555440363990758,EyesOpen,True
sub-226,EyesOpen,posterior,2,-10.292351246235967,19,-9.555440363990758,EyesOpen,True
sub-226,EyesOpen,posterior,3,-10.319976314428214,19,-9.555440363990758,EyesOpen,True
sub-226,EyesOpen,posterior,4,-10.14790999825965,19,-9.555440363990758,EyesOpen,True
sub-226,EyesOpen,posterior,5,-9.73600895782924,19,-9.555440363990758,EyesOpen,True
sub-227,EyesClosed,posterior,0,-10.265860836938693,19,-10.290020343679291,EyesClosed,True
sub-227,EyesClosed,posterior,1,-10.349127166520228,19,-10.290020343679291,EyesOpen,False
sub-227,EyesClosed,posterior,2,-9.916193266951064,19,-10.290020343679291,EyesClosed,True
sub-227,EyesClosed,posterior,3,-10.103396461806085,19,-10.290020343679291,EyesClosed,True
sub-227,EyesClosed,posterior,4,-9.963100427806378,19,-10.290020343679291,EyesClosed,True
sub-227,EyesClosed,posterior,5,-10.110090927459337,19,-10.290020343679291,EyesClosed,True
sub-227,EyesOpen,posterior,0,-10.369380924685634,19,-10.290020343679291,EyesOpen,True
sub-227,EyesOpen,posterior,1,-10.493601958142554,19,-10.290020343679291,EyesOpen,True
sub-227,EyesOpen,posterior,2,-10.315200099641553,19,-10.290020343679291,EyesOpen,True
sub-227,EyesOpen,posterior,3,-10.161022784485064,19,-10.290020343679291,EyesClosed,False
sub-227,EyesOpen,posterior,4,-10.31417985041989,19,-10.290020343679291,EyesOpen,True
sub-227,EyesOpen,posterior,5,-10.51363211272205,19,-10.290020343679291,EyesOpen,True
sub-228,EyesClosed,posterior,0,-10.451125065263208,19,-10.447894379410158,EyesOpen,False
sub-228,EyesClosed,posterior,1,-10.444663693557109,19,-10.447894379410158,EyesClosed,True
sub-228,EyesClosed,posterior,2,-10.21230827169426,19,-10.447894379410158,EyesClosed,True
sub-228,EyesClosed,posterior,3,-10.364249491071384,19,-10.447894379410158,EyesClosed,True
sub-228,EyesClosed,posterior,4,-10.375376736188798,19,-10.447894379410158,EyesClosed,True
sub-228,EyesClosed,posterior,5,-10.461799727466945,19,-10.447894379410158,EyesOpen,False
sub-228,EyesOpen,posterior,0,-10.479889643964565,19,-10.447894379410158,EyesOpen,True
sub-228,EyesOpen,posterior,1,-10.523530996736483,19,-10.447894379410158,EyesOpen,True
sub-228,EyesOpen,posterior,2,-10.453033274284286,19,-10.447894379410158,EyesOpen,True
sub-228,EyesOpen,posterior,3,-10.497820525269674,19,-10.447894379410158,EyesOpen,True
sub-228,EyesOpen,posterior,4,-10.37488245379323,19,-10.447894379410158,EyesClosed,False
sub-228,EyesOpen,posterior,5,-10.145699421870747,19,-10.447894379410158,EyesClosed,False
sub-229,EyesClosed,posterior,0,-9.498955623417096,19,-9.79008192681481,EyesClosed,True
sub-229,EyesClosed,posterior,1,-9.55112042364258,19,-9.79008192681481,EyesClosed,True
sub-229,EyesClosed,posterior,2,-9.321777052023391,19,-9.79008192681481,EyesClosed,True
sub-229,EyesClosed,posterior,3,-9.492888187081059,19,-9.79008192681481,EyesClosed,True
sub-229,EyesClosed,posterior,4,-9.473153270087975,19,-9.79008192681481,EyesClosed,True
sub-229,EyesClosed,posterior,5,-9.48032213554756,19,-9.79008192681481,EyesClosed,True
sub-229,EyesOpen,posterior,0,-10.146904782041368,19,-9.79008192681481,EyesOpen,True
sub-229,EyesOpen,posterior,1,-10.029043429987041,19,-9.79008192681481,EyesOpen,True
sub-229,EyesOpen,posterior,2,-10.169386146134544,19,-9.79008192681481,EyesOpen,True
sub-229,EyesOpen,posterior,3,-10.329614611471989,19,-9.79008192681481,EyesOpen,True
sub-229,EyesOpen,posterior,4,-10.070056961375132,19,-9.79008192681481,EyesOpen,True
sub-229,EyesOpen,posterior,5,-10.05759152410959,19,-9.79008192681481,EyesOpen,True
sub-230,EyesClosed,posterior,0,-10.043432360907794,19,-10.309199952781846,EyesClosed,True
sub-230,EyesClosed,posterior,1,-10.180654532595689,19,-10.309199952781846,EyesClosed,True
sub-230,EyesOpen,posterior,0,-10.282611966937807,19,-10.309199952781846,EyesClosed,False
sub-230,EyesOpen,posterior,1,-10.317017827721179,19,-10.309199952781846,EyesOpen,True
sub-230,EyesOpen,posterior,2,-10.358850344288815,19,-10.309199952781846,EyesOpen,True
sub-230,EyesOpen,posterior,3,-10.33096213906536,19,-10.309199952781846,EyesOpen,True
sub-230,EyesOpen,posterior,4,-10.301382077842511,19,-10.309199952781846,EyesClosed,False
sub-230,EyesOpen,posterior,5,-10.356057862851852,19,-10.309199952781846,EyesOpen,True
sub-231,EyesClosed,posterior,0,-9.177421113107776,19,-9.449044986788522,EyesClosed,True
sub-231,EyesClosed,posterior,1,-8.89017028098554,19,-9.449044986788522,EyesClosed,True
sub-231,EyesClosed,posterior,2,-8.860442979755224,19,-9.449044986788522,EyesClosed,True
sub-231,EyesClosed,posterior,3,-8.79296302205995,19,-9.449044986788522,EyesClosed,True
sub-231,EyesClosed,posterior,4,-9.183815200071098,19,-9.449044986788522,EyesClosed,True
sub-231,EyesClosed,posterior,5,-8.939349403688604,19,-9.449044986788522,EyesClosed,True
sub-231,EyesOpen,posterior,0,-10.516397625270134,19,-9.449044986788522,EyesOpen,True
sub-231,EyesOpen,posterior,1,-10.209163030409178,19,-9.449044986788522,EyesOpen,True
sub-231,EyesOpen,posterior,2,-9.714274773505945,19,-9.449044986788522,EyesOpen,True
sub-231,EyesOpen,posterior,3,-10.30195290698659,19,-9.449044986788522,EyesOpen,True
sub-231,EyesOpen,posterior,4,-10.156164108553918,19,-9.449044986788522,EyesOpen,True
sub-231,EyesOpen,posterior,5,-10.121943463343746,19,-9.449044986788522,EyesOpen,True
sub-232,EyesClosed,posterior,0,-8.541859689633249,19,-9.032265306801076,EyesClosed,True
sub-232,EyesClosed,posterior,1,-8.723601725616149,19,-9.032265306801076,EyesClosed,True
sub-232,EyesClosed,posterior,2,-8.565338904208597,19,-9.032265306801076,EyesClosed,True
sub-232,EyesClosed,posterior,3,-8.682361046078292,19,-9.032265306801076,EyesClosed,True
sub-232,EyesClosed,posterior,4,-8.547054927405195,19,-9.032265306801076,EyesClosed,True
sub-232,EyesClosed,posterior,5,-8.531967322466627,19,-9.032265306801076,EyesClosed,True
sub-232,EyesOpen,posterior,0,-9.340928887986005,19,-9.032265306801076,EyesOpen,True
sub-232,EyesOpen,posterior,1,-9.82913860651219,19,-9.032265306801076,EyesOpen,True
sub-232,EyesOpen,posterior,2,-9.833309120475057,19,-9.032265306801076,EyesOpen,True
sub-232,EyesOpen,posterior,3,-9.700344586706969,19,-9.032265306801076,EyesOpen,True
sub-232,EyesOpen,posterior,4,-9.850363467569013,19,-9.032265306801076,EyesOpen,True
sub-232,EyesOpen,posterior,5,-10.077235546135169,19,-9.032265306801076,EyesOpen,True
sub-233,EyesClosed,posterior,0,-9.654687443691675,19,-9.684594927923541,EyesClosed,True
sub-233,EyesClosed,posterior,1,-9.557113866931926,19,-9.684594927923541,EyesClosed,True
sub-233,EyesClosed,posterior,2,-9.562862908703387,19,-9.684594927923541,EyesClosed,True
sub-233,EyesClosed,posterior,3,-9.775641992906868,19,-9.684594927923541,EyesOpen,False
sub-233,EyesClosed,posterior,4,-9.71833888117347,19,-9.684594927923541,EyesOpen,False
sub-233,EyesClosed,posterior,5,-9.5446412502632,19,-9.684594927923541,EyesClosed,True
sub-233,EyesOpen,posterior,0,-9.995156252042069,19,-9.684594927923541,EyesOpen,True
sub-233,EyesOpen,posterior,1,-9.701854635943732,19,-9.684594927923541,EyesOpen,True
sub-233,EyesOpen,posterior,2,-9.66733521990335,19,-9.684594927923541,EyesClosed,False
sub-233,EyesOpen,posterior,3,-9.583231355215373,19,-9.684594927923541,EyesClosed,False
sub-233,EyesOpen,posterior,4,-9.815795469958916,19,-9.684594927923541,EyesOpen,True
sub-233,EyesOpen,posterior,5,-9.796242633752898,19,-9.684594927923541,EyesOpen,True
sub-234,EyesClosed,posterior,0,-9.41003335651095,19,-9.564680251754524,EyesClosed,True
sub-234,EyesClosed,posterior,1,-9.438121101110248,19,-9.564680251754524,EyesClosed,True
sub-234,EyesClosed,posterior,2,-9.362642201526672,19,-9.564680251754524,EyesClosed,True
sub-234,EyesClosed,posterior,3,-9.404106428576258,19,-9.564680251754524,EyesClosed,True
sub-234,EyesClosed,posterior,4,-9.207139831328497,19,-9.564680251754524,EyesClosed,True
sub-234,EyesClosed,posterior,5,-9.271327527136817,19,-9.564680251754524,EyesClosed,True
sub-234,EyesOpen,posterior,0,-9.862529743878914,19,-9.564680251754524,EyesOpen,True
sub-234,EyesOpen,posterior,1,-10.083181998903141,19,-9.564680251754524,EyesOpen,True
sub-234,EyesOpen,posterior,2,-9.779948735252118,19,-9.564680251754524,EyesOpen,True
sub-234,EyesOpen,posterior,3,-9.79850641030761,19,-9.564680251754524,EyesOpen,True
sub-234,EyesOpen,posterior,4,-9.691239402398798,19,-9.564680251754524,EyesOpen,True
sub-234,EyesOpen,posterior,5,-9.946510223979802,19,-9.564680251754524,EyesOpen,True
sub-235,EyesClosed,posterior,0,-8.857977399407552,19,-9.229308346375362,EyesClosed,True
sub-235,EyesClosed,posterior,1,-8.754392965455583,19,-9.229308346375362,EyesClosed,True
sub-235,EyesClosed,posterior,2,-8.6371338674322,19,-9.229308346375362,EyesClosed,True
sub-235,EyesClosed,posterior,3,-8.77909023932576,19,-9.229308346375362,EyesClosed,True
sub-235,EyesClosed,posterior,4,-8.67264135886911,19,-9.229308346375362,EyesClosed,True
sub-235,EyesClosed,posterior,5,-8.663960611210122,19,-9.229308346375362,EyesClosed,True
sub-235,EyesOpen,posterior,0,-10.099775120532799,19,-9.229308346375362,EyesOpen,True
sub-235,EyesOpen,posterior,1,-9.980464881404059,19,-9.229308346375362,EyesOpen,True
sub-235,EyesOpen,posterior,2,-10.02523634538141,19,-9.229308346375362,EyesOpen,True
sub-235,EyesOpen,posterior,3,-9.60063929334317,19,-9.229308346375362,EyesOpen,True
sub-235,EyesOpen,posterior,4,-10.23123349448504,19,-9.229308346375362,EyesOpen,True
sub-235,EyesOpen,posterior,5,-10.137536732434699,19,-9.229308346375362,EyesOpen,True
sub-236,EyesClosed,posterior,0,-8.869930275394042,19,-9.335415579693066,EyesClosed,True
sub-236,EyesClosed,posterior,1,-9.10426101631193,19,-9.335415579693066,EyesClosed,True
sub-236,EyesClosed,posterior,2,-8.882079648591384,19,-9.335415579693066,EyesClosed,True
sub-236,EyesClosed,posterior,3,-9.055493510074518,19,-9.335415579693066,EyesClosed,True
sub-236,EyesClosed,posterior,4,-9.110144433403299,19,-9.335415579693066,EyesClosed,True
sub-236,EyesClosed,posterior,5,-8.944234998526342,19,-9.335415579693066,EyesClosed,True
sub-236,EyesOpen,posterior,0,-9.863810738302261,19,-9.335415579693066,EyesOpen,True
sub-236,EyesOpen,posterior,1,-9.713141424505563,19,-9.335415579693066,EyesOpen,True
sub-236,EyesOpen,posterior,2,-9.680416375093472,19,-9.335415579693066,EyesOpen,True
sub-236,EyesOpen,posterior,3,-9.679438458249455,19,-9.335415579693066,EyesOpen,True
sub-236,EyesOpen,posterior,4,-9.973835512958537,19,-9.335415579693066,EyesOpen,True
sub-236,EyesOpen,posterior,5,-9.560686725982835,19,-9.335415579693066,EyesOpen,True
sub-237,EyesClosed,posterior,0,-9.352540734713234,19,-9.44347292385043,EyesClosed,True
sub-237,EyesClosed,posterior,1,-9.172644117530481,19,-9.44347292385043,EyesClosed,True
sub-237,EyesClosed,posterior,2,-9.183371369593493,19,-9.44347292385043,EyesClosed,True
sub-237,EyesClosed,posterior,3,-9.163700338130338,19,-9.44347292385043,EyesClosed,True
sub-237,EyesClosed,posterior,4,-9.161123963408428,19,-9.44347292385043,EyesClosed,True
sub-237,EyesClosed,posterior,5,-9.195071501327314,19,-9.44347292385043,EyesClosed,True
sub-237,EyesOpen,posterior,0,-9.44347292385043,19,-9.44347292385043,EyesOpen,True
sub-237,EyesOpen,posterior,1,-9.930411310876666,19,-9.44347292385043,EyesOpen,True
sub-237,EyesOpen,posterior,2,-10.187984047502447,19,-9.44347292385043,EyesOpen,True
sub-237,EyesOpen,posterior,3,-9.809226038596828,19,-9.44347292385043,EyesOpen,True
sub-237,EyesOpen,posterior,4,-9.622664651611812,19,-9.44347292385043,EyesOpen,True
sub-237,EyesOpen,posterior,5,-9.927711248724881,19,-9.44347292385043,EyesOpen,True
sub-237,EyesOpen,posterior,6,-9.778611921463897,19,-9.44347292385043,EyesOpen,True
sub-238,EyesClosed,posterior,0,-9.317198087232837,19,-9.615237649273606,EyesClosed,True
sub-238,EyesClosed,posterior,1,-8.996273119094678,19,-9.615237649273606,EyesClosed,True
sub-238,EyesClosed,posterior,2,-9.149584873394971,19,-9.615237649273606,EyesClosed,True
sub-238,EyesClosed,posterior,3,-9.279259953967298,19,-9.615237649273606,EyesClosed,True
sub-238,EyesClosed,posterior,4,-9.093685086180951,19,-9.615237649273606,EyesClosed,True
sub-238,EyesClosed,posterior,5,-9.204325603828075,19,-9.615237649273606,EyesClosed,True
sub-238,EyesOpen,posterior,0,-10.660170088182952,19,-9.615237649273606,EyesOpen,True
sub-238,EyesOpen,posterior,1,-10.559439143770176,19,-9.615237649273606,EyesOpen,True
sub-238,EyesOpen,posterior,2,-10.528940882336798,19,-9.615237649273606,EyesOpen,True
sub-238,EyesOpen,posterior,3,-10.49099195659406,19,-9.615237649273606,EyesOpen,True
sub-238,EyesOpen,posterior,4,-9.913277211314375,19,-9.615237649273606,EyesOpen,True
sub-238,EyesOpen,posterior,5,-10.040240982098814,19,-9.615237649273606,EyesOpen,True
sub-239,EyesClosed,posterior,0,-9.599436993193027,19,-9.854535131992407,EyesClosed,True
sub-239,EyesClosed,posterior,1,-9.559909422381649,19,-9.854535131992407,EyesClosed,True
sub-239,EyesClosed,posterior,2,-9.36376182474044,19,-9.854535131992407,EyesClosed,True
sub-239,EyesClosed,posterior,3,-9.377321098409592,19,-9.854535131992407,EyesClosed,True
sub-239,EyesClosed,posterior,4,-9.370255024667436,19,-9.854535131992407,EyesClosed,True
sub-239,EyesClosed,posterior,5,-9.3763224882306,19,-9.854535131992407,EyesClosed,True
sub-239,EyesOpen,posterior,0,-10.260870583893167,19,-9.854535131992407,EyesOpen,True
sub-239,EyesOpen,posterior,1,-10.123046138310483,19,-9.854535131992407,EyesOpen,True
sub-239,EyesOpen,posterior,2,-10.109633270791784,19,-9.854535131992407,EyesOpen,True
sub-239,EyesOpen,posterior,3,-10.167740159847362,19,-9.854535131992407,EyesOpen,True
sub-239,EyesOpen,posterior,4,-10.499102233284612,19,-9.854535131992407,EyesOpen,True
sub-239,EyesOpen,posterior,5,-10.451654855711928,19,-9.854535131992407,EyesOpen,True
sub-240,EyesClosed,posterior,0,-8.89671780477777,19,-9.572019063163065,EyesClosed,True
sub-240,EyesClosed,posterior,1,-8.916705733072293,19,-9.572019063163065,EyesClosed,True
sub-240,EyesClosed,posterior,2,-9.078363253315256,19,-9.572019063163065,EyesClosed,True
sub-240,EyesClosed,posterior,3,-8.807262657750151,19,-9.572019063163065,EyesClosed,True
sub-240,EyesClosed,posterior,4,-8.804057122613095,19,-9.572019063163065,EyesClosed,True
sub-240,EyesClosed,posterior,5,-8.962328884350903,19,-9.572019063163065,EyesClosed,True
sub-240,EyesOpen,posterior,0,-10.156205217430958,19,-9.572019063163065,EyesOpen,True
sub-240,EyesOpen,posterior,1,-10.065674873010876,19,-9.572019063163065,EyesOpen,True
sub-240,EyesOpen,posterior,2,-10.242877331214922,19,-9.572019063163065,EyesOpen,True
sub-240,EyesOpen,posterior,3,-10.383371924748097,19,-9.572019063163065,EyesOpen,True
sub-240,EyesOpen,posterior,4,-10.257282281491035,19,-9.572019063163065,EyesOpen,True
sub-240,EyesOpen,posterior,5,-10.078630253793202,19,-9.572019063163065,EyesOpen,True
sub-241,EyesClosed,posterior,0,-9.173687606951914,19,-9.614392040520384,EyesClosed,True
sub-241,EyesClosed,posterior,1,-9.306585689739407,19,-9.614392040520384,EyesClosed,True
sub-241,EyesClosed,posterior,2,-9.252522253275686,19,-9.614392040520384,EyesClosed,True
sub-241,EyesClosed,posterior,3,-9.011578489363346,19,-9.614392040520384,EyesClosed,True
sub-241,EyesClosed,posterior,4,-9.513038594018663,19,-9.614392040520384,EyesClosed,True
sub-241,EyesClosed,posterior,5,-9.232855621992575,19,-9.614392040520384,EyesClosed,True
sub-241,EyesOpen,posterior,0,-9.949091918225214,19,-9.614392040520384,EyesOpen,True
sub-241,EyesOpen,posterior,1,-10.005996400172823,19,-9.614392040520384,EyesOpen,True
sub-241,EyesOpen,posterior,2,-9.991937784258308,19,-9.614392040520384,EyesOpen,True
sub-241,EyesOpen,posterior,3,-9.715745487022104,19,-9.614392040520384,EyesOpen,True
sub-241,EyesOpen,posterior,4,-9.822112332618595,19,-9.614392040520384,EyesOpen,True
sub-241,EyesOpen,posterior,5,-10.244208545710686,19,-9.614392040520384,EyesOpen,True
sub-242,EyesClosed,posterior,0,-9.510185390595126,19,-9.628448083058,EyesClosed,True
sub-242,EyesClosed,posterior,1,-9.080389290833505,19,-9.628448083058,EyesClosed,True
sub-242,EyesClosed,posterior,2,-9.528553239948666,19,-9.628448083058,EyesClosed,True
sub-242,EyesClosed,posterior,3,-9.068005706894029,19,-9.628448083058,EyesClosed,True
sub-242,EyesClosed,posterior,4,-9.314955622088412,19,-9.628448083058,EyesClosed,True
sub-242,EyesClosed,posterior,5,-9.509157955891148,19,-9.628448083058,EyesClosed,True
sub-242,EyesOpen,posterior,0,-10.40122264541613,19,-9.628448083058,EyesOpen,True
sub-242,EyesOpen,posterior,1,-9.728342926167333,19,-9.628448083058,EyesOpen,True
sub-242,EyesOpen,posterior,2,-10.483339380208712,19,-9.628448083058,EyesOpen,True
sub-242,EyesOpen,posterior,3,-10.331204519651592,19,-9.628448083058,EyesOpen,True
sub-242,EyesOpen,posterior,4,-9.750791007701189,19,-9.628448083058,EyesOpen,True
sub-242,EyesOpen,posterior,5,-10.175863252138022,19,-9.628448083058,EyesOpen,True
sub-243,EyesClosed,posterior,0,-10.033480742745226,19,-10.029396084030655,EyesOpen,False
sub-243,EyesClosed,posterior,1,-10.025311425316081,19,-10.029396084030655,EyesClosed,True
sub-243,EyesClosed,posterior,2,-10.04685841914392,19,-10.029396084030655,EyesOpen,False
sub-243,EyesClosed,posterior,3,-10.113502195477292,19,-10.029396084030655,EyesOpen,False
sub-243,EyesClosed,posterior,4,-9.999692815835793,19,-10.029396084030655,EyesClosed,True
sub-243,EyesClosed,posterior,5,-10.100343996495965,19,-10.029396084030655,EyesOpen,False
sub-243,EyesOpen,posterior,0,-10.068340413674262,19,-10.029396084030655,EyesOpen,True
sub-243,EyesOpen,posterior,1,-10.034813361261747,19,-10.029396084030655,EyesOpen,True
sub-243,EyesOpen,posterior,2,-9.962632409862024,19,-10.029396084030655,EyesClosed,False
sub-243,EyesOpen,posterior,3,-9.995291946278535,19,-10.029396084030655,EyesClosed,False
sub-243,EyesOpen,posterior,4,-9.89679951804743,19,-10.029396084030655,EyesClosed,False
sub-243,EyesOpen,posterior,5,-9.96888157042913,19,-10.029396084030655,EyesClosed,False
sub-244,EyesClosed,posterior,0,-10.757441403785942,19,-10.511384263947168,EyesOpen,False
sub-244,EyesClosed,posterior,1,-10.618196091591754,19,-10.511384263947168,EyesOpen,False
sub-244,EyesClosed,posterior,2,-10.470203415831056,19,-10.511384263947168,EyesClosed,True
sub-244,EyesClosed,posterior,3,-10.67359693786685,19,-10.511384263947168,EyesOpen,False
sub-244,EyesClosed,posterior,4,-10.497866117541207,19,-10.511384263947168,EyesClosed,True
sub-244,EyesClosed,posterior,5,-10.497753681641175,19,-10.511384263947168,EyesClosed,True
sub-244,EyesOpen,posterior,0,-10.629214429347467,19,-10.511384263947168,EyesOpen,True
sub-244,EyesOpen,posterior,1,-10.445959314604876,19,-10.511384263947168,EyesClosed,False
sub-244,EyesOpen,posterior,2,-10.536863037321206,19,-10.511384263947168,EyesOpen,True
sub-244,EyesOpen,posterior,3,-10.412749397014881,19,-10.511384263947168,EyesClosed,False
sub-244,EyesOpen,posterior,4,-10.422012342253966,19,-10.511384263947168,EyesClosed,False
sub-244,EyesOpen,posterior,5,-10.524902410353127,19,-10.511384263947168,EyesOpen,True
sub-245,EyesClosed,posterior,0,-10.683508904384055,19,-10.644729928919215,EyesOpen,False
sub-245,EyesClosed,posterior,1,-10.6536920831657,19,-10.644729928919215,EyesOpen,False
sub-245,EyesClosed,posterior,2,-10.623462737944537,19,-10.644729928919215,EyesClosed,True
sub-245,EyesClosed,posterior,3,-10.241038832309151,19,-10.644729928919215,EyesClosed,True
sub-245,EyesClosed,posterior,4,-10.50919597453355,19,-10.644729928919215,EyesClosed,True
sub-245,EyesClosed,posterior,5,-10.703906713961663,19,-10.644729928919215,EyesOpen,False
sub-245,EyesOpen,posterior,0,-10.510520433562636,19,-10.644729928919215,EyesClosed,False
sub-245,EyesOpen,posterior,1,-10.538074007960159,19,-10.644729928919215,EyesClosed,False
sub-245,EyesOpen,posterior,2,-10.676878082363904,19,-10.644729928919215,EyesOpen,True
sub-245,EyesOpen,posterior,3,-10.711115710928166,19,-10.644729928919215,EyesOpen,True
sub-245,EyesOpen,posterior,4,-10.746870008170927,19,-10.644729928919215,EyesOpen,True
sub-245,EyesOpen,posterior,5,-10.63576777467273,19,-10.644729928919215,EyesClosed,False
sub-246,EyesClosed,posterior,0,-10.387397756610433,19,-10.387199877402429,EyesOpen,False
sub-246,EyesClosed,posterior,1,-9.32151638131941,19,-10.387199877402429,EyesClosed,True
sub-246,EyesClosed,posterior,2,-9.493248401463974,19,-10.387199877402429,EyesClosed,True
sub-246,EyesClosed,posterior,3,-9.427487557643857,19,-10.387199877402429,EyesClosed,True
sub-246,EyesClosed,posterior,4,-9.523893550624267,19,-10.387199877402429,EyesClosed,True
sub-246,EyesClosed,posterior,5,-9.376553710821742,19,-10.387199877402429,EyesClosed,True
sub-246,EyesOpen,posterior,0,-10.392048722034472,19,-10.387199877402429,EyesOpen,True
sub-246,EyesOpen,posterior,1,-10.486266347026417,19,-10.387199877402429,EyesOpen,True
sub-246,EyesOpen,posterior,2,-10.482859801160815,19,-10.387199877402429,EyesOpen,True
sub-246,EyesOpen,posterior,3,-10.541243894434324,19,-10.387199877402429,EyesOpen,True
sub-246,EyesOpen,posterior,4,-10.387001998194425,19,-10.387199877402429,EyesClosed,False
sub-246,EyesOpen,posterior,5,-10.471577021599762,19,-10.387199877402429,EyesOpen,True
sub-247,EyesClosed,posterior,0,-9.289013814616597,19,-9.842341359331714,EyesClosed,True
sub-247,EyesClosed,posterior,1,-9.404576224203657,19,-9.842341359331714,EyesClosed,True
sub-247,EyesClosed,posterior,2,-9.383262639866674,19,-9.842341359331714,EyesClosed,True
sub-247,EyesClosed,posterior,3,-9.263265611243385,19,-9.842341359331714,EyesClosed,True
sub-247,EyesClosed,posterior,4,-9.37145167004423,19,-9.842341359331714,EyesClosed,True
sub-247,EyesClosed,posterior,5,-9.390026017367077,19,-9.842341359331714,EyesClosed,True
sub-247,EyesOpen,posterior,0,-10.460540631216483,19,-9.842341359331714,EyesOpen,True
sub-247,EyesOpen,posterior,1,-10.28010649445977,19,-9.842341359331714,EyesOpen,True
sub-247,EyesOpen,posterior,2,-10.501266941102456,19,-9.842341359331714,EyesOpen,True
sub-247,EyesOpen,posterior,3,-10.328035430020845,19,-9.842341359331714,EyesOpen,True
sub-247,EyesOpen,posterior,4,-10.447584074770488,19,-9.842341359331714,EyesOpen,True
sub-247,EyesOpen,posterior,5,-10.547534372203748,19,-9.842341359331714,EyesOpen,True
sub-248,EyesClosed,posterior,0,-8.768243313024195,19,-9.083749743629516,EyesClosed,True
sub-248,EyesClosed,posterior,1,-8.77072769969575,19,-9.083749743629516,EyesClosed,True
sub-248,EyesClosed,posterior,2,-8.680299000617227,19,-9.083749743629516,EyesClosed,True
sub-248,EyesClosed,posterior,3,-8.701496968071362,19,-9.083749743629516,EyesClosed,True
sub-248,EyesClosed,posterior,4,-8.702931768298868,19,-9.083749743629516,EyesClosed,True
sub-248,EyesClosed,posterior,5,-8.813891618214983,19,-9.083749743629516,EyesClosed,True
sub-248,EyesOpen,posterior,0,-9.460150156262106,19,-9.083749743629516,EyesOpen,True
sub-248,EyesOpen,posterior,1,-9.382835393212815,19,-9.083749743629516,EyesOpen,True
sub-248,EyesOpen,posterior,2,-9.35360786904405,19,-9.083749743629516,EyesOpen,True
sub-248,EyesOpen,posterior,3,-9.407678664650534,19,-9.083749743629516,EyesOpen,True
sub-248,EyesOpen,posterior,4,-9.804247494272904,19,-9.083749743629516,EyesOpen,True
sub-248,EyesOpen,posterior,5,-9.666269889727031,19,-9.083749743629516,EyesOpen,True
sub-249,EyesClosed,posterior,0,-9.823976133277858,19,-9.840937330566991,EyesClosed,True
sub-249,EyesClosed,posterior,1,-9.720490627718698,19,-9.840937330566991,EyesClosed,True
sub-249,EyesClosed,posterior,2,-9.442696381815937,19,-9.840937330566991,EyesClosed,True
sub-249,EyesClosed,posterior,3,-9.579047000209611,19,-9.840937330566991,EyesClosed,True
sub-249,EyesClosed,posterior,4,-9.732251321354626,19,-9.840937330566991,EyesClosed,True
sub-249,EyesClosed,posterior,5,-9.686791060462348,19,-9.840937330566991,EyesClosed,True
sub-249,EyesOpen,posterior,0,-10.112042924925538,19,-9.840937330566991,EyesOpen,True
sub-249,EyesOpen,posterior,1,-10.017629322608537,19,-9.840937330566991,EyesOpen,True
sub-249,EyesOpen,posterior,2,-10.029283060859793,19,-9.840937330566991,EyesOpen,True
sub-249,EyesOpen,posterior,3,-9.857898527856122,19,-9.840937330566991,EyesOpen,True
sub-249,EyesOpen,posterior,4,-10.028930398272701,19,-9.840937330566991,EyesOpen,True
sub-249,EyesOpen,posterior,5,-9.890092332860307,19,-9.840937330566991,EyesOpen,True
sub-250,EyesClosed,posterior,0,-10.248460257456161,19,-10.241777837825076,EyesOpen,False
sub-250,EyesClosed,posterior,1,-9.64491085521907,19,-10.241777837825076,EyesClosed,True
sub-250,EyesClosed,posterior,2,-9.040172864160072,19,-10.241777837825076,EyesClosed,True
sub-250,EyesClosed,posterior,3,-8.997607517153735,19,-10.241777837825076,EyesClosed,True
sub-250,EyesClosed,posterior,4,-9.172014815906353,19,-10.241777837825076,EyesClosed,True
sub-250,EyesClosed,posterior,5,-9.11695753819773,19,-10.241777837825076,EyesClosed,True
sub-250,EyesOpen,posterior,0,-10.515214981255053,19,-10.241777837825076,EyesOpen,True
sub-250,EyesOpen,posterior,1,-10.355151192752121,19,-10.241777837825076,EyesOpen,True
sub-250,EyesOpen,posterior,2,-10.649972142594919,19,-10.241777837825076,EyesOpen,True
sub-250,EyesOpen,posterior,3,-10.242407884621306,19,-10.241777837825076,EyesOpen,True
sub-250,EyesOpen,posterior,4,-10.408872687382951,19,-10.241777837825076,EyesOpen,True
sub-250,EyesOpen,posterior,5,-10.241147791028846,19,-10.241777837825076,EyesClosed,False
sub-251,EyesClosed,posterior,0,-10.558164905040247,19,-10.651320303117679,EyesClosed,True
sub-251,EyesClosed,posterior,1,-10.648776478334169,19,-10.651320303117679,EyesClosed,True
sub-251,EyesClosed,posterior,2,-10.503965582542797,19,-10.651320303117679,EyesClosed,True
sub-251,EyesClosed,posterior,3,-10.541124991556597,19,-10.651320303117679,EyesClosed,True
sub-251,EyesClosed,posterior,4,-10.530487746861573,19,-10.651320303117679,EyesClosed,True
sub-251,EyesClosed,posterior,5,-10.39608981588186,19,-10.651320303117679,EyesClosed,True
sub-251,EyesOpen,posterior,0,-10.89776346492177,19,-10.651320303117679,EyesOpen,True
sub-251,EyesOpen,posterior,1,-10.710178920344969,19,-10.651320303117679,EyesOpen,True
sub-251,EyesOpen,posterior,2,-10.733787657773897,19,-10.651320303117679,EyesOpen,True
sub-251,EyesOpen,posterior,3,-10.663593221403657,19,-10.651320303117679,EyesOpen,True
sub-251,EyesOpen,posterior,4,-10.692276865893893,19,-10.651320303117679,EyesOpen,True
sub-251,EyesOpen,posterior,5,-10.653864127901189,19,-10.651320303117679,EyesOpen,True
sub-252,EyesClosed,posterior,0,-9.629182665207187,19,-9.546475330334385,EyesOpen,False
sub-252,EyesClosed,posterior,1,-9.67863094142077,19,-9.546475330334385,EyesOpen,False
sub-252,EyesClosed,posterior,2,-9.333495697721538,19,-9.546475330334385,EyesClosed,True
sub-252,EyesClosed,posterior,3,-9.481155716993072,19,-9.546475330334385,EyesClosed,True
sub-252,EyesClosed,posterior,4,-9.418426820651845,19,-9.546475330334385,EyesClosed,True
sub-252,EyesClosed,posterior,5,-9.222413018725867,19,-9.546475330334385,EyesClosed,True
sub-252,EyesOpen,posterior,0,-9.997621887256212,19,-9.546475330334385,EyesOpen,True
sub-252,EyesOpen,posterior,1,-10.053772925694693,19,-9.546475330334385,EyesOpen,True
sub-252,EyesOpen,posterior,2,-9.390550795939392,19,-9.546475330334385,EyesClosed,False
sub-252,EyesOpen,posterior,3,-9.426109911218017,19,-9.546475330334385,EyesClosed,False
sub-252,EyesOpen,posterior,4,-9.611794943675696,19,-9.546475330334385,EyesOpen,True
sub-252,EyesOpen,posterior,5,-9.877602385679745,19,-9.546475330334385,EyesOpen,True
sub-253,EyesClosed,posterior,0,-9.207384533622209,19,-9.21690917218119,EyesClosed,True
sub-253,EyesClosed,posterior,1,-9.22643381074017,19,-9.21690917218119,EyesOpen,False
sub-253,EyesClosed,posterior,2,-9.155285180309786,19,-9.21690917218119,EyesClosed,True
sub-253,EyesClosed,posterior,3,-9.182123171828202,19,-9.21690917218119,EyesClosed,True
sub-253,EyesClosed,posterior,4,-9.159999526220215,19,-9.21690917218119,EyesClosed,True
sub-253,EyesClosed,posterior,5,-9.140707246043396,19,-9.21690917218119,EyesClosed,True
sub-253,EyesOpen,posterior,0,-10.179765716993812,19,-9.21690917218119,EyesOpen,True
sub-253,EyesOpen,posterior,1,-9.630609757237178,19,-9.21690917218119,EyesOpen,True
sub-253,EyesOpen,posterior,2,-10.087050697112005,19,-9.21690917218119,EyesOpen,True
sub-253,EyesOpen,posterior,3,-5.749086546890944,19,-9.21690917218119,EyesClosed,False
sub-253,EyesOpen,posterior,4,-10.144472092227398,19,-9.21690917218119,EyesOpen,True
sub-253,EyesOpen,posterior,5,-10.20050811547519,19,-9.21690917218119,EyesOpen,True
sub-254,EyesClosed,posterior,0,-9.917093654737497,19,-10.101611757750545,EyesClosed,True
sub-254,EyesClosed,posterior,1,-9.91403092260898,19,-10.101611757750545,EyesClosed,True
sub-254,EyesClosed,posterior,2,-9.605670249922948,19,-10.101611757750545,EyesClosed,True
sub-254,EyesClosed,posterior,3,-9.819931153240177,19,-10.101611757750545,EyesClosed,True
sub-254,EyesClosed,posterior,4,-9.534120191694763,19,-10.101611757750545,EyesClosed,True
sub-254,EyesClosed,posterior,5,-9.770872070814551,19,-10.101611757750545,EyesClosed,True
sub-254,EyesOpen,posterior,0,-10.31470183868633,19,-10.101611757750545,EyesOpen,True
sub-254,EyesOpen,posterior,1,-10.364615285954942,19,-10.101611757750545,EyesOpen,True
sub-254,EyesOpen,posterior,2,-10.332181711969143,19,-10.101611757750545,EyesOpen,True
sub-254,EyesOpen,posterior,3,-10.286129860763593,19,-10.101611757750545,EyesOpen,True
sub-254,EyesOpen,posterior,4,-10.368069563244402,19,-10.101611757750545,EyesOpen,True
sub-254,EyesOpen,posterior,5,-10.402565475987345,19,-10.101611757750545,EyesOpen,True
sub-255,EyesClosed,posterior,0,-9.233160638389945,19,-9.581134945358796,EyesClosed,True
sub-255,EyesClosed,posterior,1,-9.45571478281945,19,-9.581134945358796,EyesClosed,True
sub-255,EyesClosed,posterior,2,-9.50851677927332,19,-9.581134945358796,EyesClosed,True
sub-255,EyesClosed,posterior,3,-9.38912265162541,19,-9.581134945358796,EyesClosed,True
sub-255,EyesClosed,posterior,4,-9.588655867367182,19,-9.581134945358796,EyesOpen,False
sub-255,EyesClosed,posterior,5,-9.46552150070031,19,-9.581134945358796,EyesClosed,True
sub-255,EyesOpen,posterior,0,-9.68494672638525,19,-9.581134945358796,EyesOpen,True
sub-255,EyesOpen,posterior,1,-9.60200374142665,19,-9.581134945358796,EyesOpen,True
sub-255,EyesOpen,posterior,2,-9.57361402335041,19,-9.581134945358796,EyesClosed,False
sub-255,EyesOpen,posterior,3,-9.767518175317617,19,-9.581134945358796,EyesOpen,True
sub-255,EyesOpen,posterior,4,-9.735367984794227,19,-9.581134945358796,EyesOpen,True
sub-255,EyesOpen,posterior,5,-9.68106025212963,19,-9.581134945358796,EyesOpen,True
sub-256,EyesClosed,posterior,0,-10.030465659149947,19,-9.88247504339325,EyesOpen,False
sub-256,EyesClosed,posterior,1,-9.765737330518904,19,-9.88247504339325,EyesClosed,True
sub-256,EyesClosed,posterior,2,-9.393737005770538,19,-9.88247504339325,EyesClosed,True
sub-256,EyesClosed,posterior,3,-9.523816372132188,19,-9.88247504339325,EyesClosed,True
sub-256,EyesClosed,posterior,4,-9.66218277505958,19,-9.88247504339325,EyesClosed,True
sub-256,EyesClosed,posterior,5,-9.715611781584938,19,-9.88247504339325,EyesClosed,True
sub-256,EyesOpen,posterior,0,-10.020112271652472,19,-9.88247504339325,EyesOpen,True
sub-256,EyesOpen,posterior,1,-10.027877680224673,19,-9.88247504339325,EyesOpen,True
sub-256,EyesOpen,posterior,2,-9.934621813557449,19,-9.88247504339325,EyesOpen,True
sub-256,EyesOpen,posterior,3,-10.10637523514017,19,-9.88247504339325,EyesOpen,True
sub-256,EyesOpen,posterior,4,-10.07037210860488,19,-9.88247504339325,EyesOpen,True
sub-256,EyesOpen,posterior,5,-9.830328273229052,19,-9.88247504339325,EyesClosed,False
sub-257,EyesClosed,posterior,0,-10.513855882143432,19,-10.579477349923629,EyesClosed,True
sub-257,EyesClosed,posterior,1,-10.40150868067945,19,-10.579477349923629,EyesClosed,True
sub-257,EyesClosed,posterior,2,-10.546978033652733,19,-10.579477349923629,EyesClosed,True
sub-257,EyesClosed,posterior,3,-10.634932090435347,19,-10.579477349923629,EyesOpen,False
sub-257,EyesClosed,posterior,4,-10.540832555729738,19,-10.579477349923629,EyesClosed,True
sub-257,EyesClosed,posterior,5,-10.611976666194526,19,-10.579477349923629,EyesOpen,False
sub-257,EyesOpen,posterior,0,-10.708934796945487,19,-10.579477349923629,EyesOpen,True
sub-257,EyesOpen,posterior,1,-10.61221598307258,19,-10.579477349923629,EyesOpen,True
sub-257,EyesOpen,posterior,2,-10.43415511910194,19,-10.579477349923629,EyesClosed,False
sub-257,EyesOpen,posterior,3,-10.659382991730537,19,-10.579477349923629,EyesOpen,True
sub-257,EyesOpen,posterior,4,-10.634141415230179,19,-10.579477349923629,EyesOpen,True
sub-257,EyesOpen,posterior,5,-10.534085673532253,19,-10.579477349923629,EyesClosed,False
sub-258,EyesClosed,posterior,0,-9.626682223520215,19,-9.695517096053049,EyesClosed,True
sub-258,EyesClosed,posterior,1,-9.311856667494775,19,-9.695517096053049,EyesClosed,True
sub-258,EyesClosed,posterior,2,-9.389971730659106,19,-9.695517096053049,EyesClosed,True
sub-258,EyesClosed,posterior,3,-9.418868899000113,19,-9.695517096053049,EyesClosed,True
sub-258,EyesClosed,posterior,4,-9.288934498111082,19,-9.695517096053049,EyesClosed,True
sub-258,EyesClosed,posterior,5,-9.379744512193167,19,-9.695517096053049,EyesClosed,True
sub-258,EyesOpen,posterior,0,-10.172725502826543,19,-9.695517096053049,EyesOpen,True
sub-258,EyesOpen,posterior,1,-10.036916164155116,19,-9.695517096053049,EyesOpen,True
sub-258,EyesOpen,posterior,2,-9.897602142110765,19,-9.695517096053049,EyesOpen,True
sub-258,EyesOpen,posterior,3,-9.878332502484994,19,-9.695517096053049,EyesOpen,True
sub-258,EyesOpen,posterior,4,-9.764351968585883,19,-9.695517096053049,EyesOpen,True
sub-258,EyesOpen,posterior,5,-9.985166268893993,19,-9.695517096053049,EyesOpen,True
sub-259,EyesClosed,posterior,0,-9.381182935259655,19,-9.373541117713987,EyesOpen,False
sub-259,EyesClosed,posterior,1,-8.921087873339586,19,-9.373541117713987,EyesClosed,True
sub-259,EyesClosed,posterior,2,-8.948148189422794,19,-9.373541117713987,EyesClosed,True
sub-259,EyesClosed,posterior,3,-9.004859449892106,19,-9.373541117713987,EyesClosed,True
sub-259,EyesClosed,posterior,4,-9.066586612610875,19,-9.373541117713987,EyesClosed,True
sub-259,EyesClosed,posterior,5,-8.989465584180858,19,-9.373541117713987,EyesClosed,True
sub-259,EyesOpen,posterior,0,-9.882326739512875,19,-9.373541117713987,EyesOpen,True
sub-259,EyesOpen,posterior,1,-9.593813908864282,19,-9.373541117713987,EyesOpen,True
sub-259,EyesOpen,posterior,2,-9.845591932871095,19,-9.373541117713987,EyesOpen,True
sub-259,EyesOpen,posterior,3,-9.652144024450003,19,-9.373541117713987,EyesOpen,True
sub-259,EyesOpen,posterior,4,-9.365899300168318,19,-9.373541117713987,EyesClosed,False
sub-259,EyesOpen,posterior,5,-9.533646736930423,19,-9.373541117713987,EyesOpen,True
sub-260,EyesClosed,posterior,0,-10.417428778939653,19,-10.237086006914906,EyesOpen,False
sub-260,EyesClosed,posterior,1,-10.243267524683187,19,-10.237086006914906,EyesOpen,False
sub-260,EyesClosed,posterior,2,-9.89726519973517,19,-10.237086006914906,EyesClosed,True
sub-260,EyesClosed,posterior,3,-10.245397288718394,19,-10.237086006914906,EyesOpen,False
sub-260,EyesClosed,posterior,4,-10.180102429473184,19,-10.237086006914906,EyesClosed,True
sub-260,EyesClosed,posterior,5,-10.15022960126125,19,-10.237086006914906,EyesClosed,True
sub-260,EyesOpen,posterior,0,-10.250118082434154,19,-10.237086006914906,EyesOpen,True
sub-260,EyesOpen,posterior,1,-10.239231641003498,19,-10.237086006914906,EyesOpen,True
sub-260,EyesOpen,posterior,2,-10.218706310676627,19,-10.237086006914906,EyesClosed,False
sub-260,EyesOpen,posterior,3,-10.234940372826314,19,-10.237086006914906,EyesClosed,False
sub-260,EyesOpen,posterior,4,-10.289351487182428,19,-10.237086006914906,EyesOpen,True
sub-260,EyesOpen,posterior,5,-10.054594166905932,19,-10.237086006914906,EyesClosed,False
sub-261,EyesClosed,posterior,0,-8.694955340793978,19,-8.859614461409539,EyesClosed,True
sub-261,EyesClosed,posterior,1,-8.848164035761739,19,-8.859614461409539,EyesClosed,True
sub-261,EyesClosed,posterior,2,-8.51959168314116,19,-8.859614461409539,EyesClosed,True
sub-261,EyesClosed,posterior,3,-8.796190055517236,19,-8.859614461409539,EyesClosed,True
sub-261,EyesClosed,posterior,4,-8.76799188112738,19,-8.859614461409539,EyesClosed,True
sub-261,EyesClosed,posterior,5,-8.738251436512453,19,-8.859614461409539,EyesClosed,True
sub-261,EyesOpen,posterior,0,-9.443182298365144,19,-8.859614461409539,EyesOpen,True
sub-261,EyesOpen,posterior,1,-8.957489133298731,19,-8.859614461409539,EyesOpen,True
sub-261,EyesOpen,posterior,2,-9.384593265581334,19,-8.859614461409539,EyesOpen,True
sub-261,EyesOpen,posterior,3,-9.302038177167779,19,-8.859614461409539,EyesOpen,True
sub-261,EyesOpen,posterior,4,-9.106306273113798,19,-8.859614461409539,EyesOpen,True
sub-261,EyesOpen,posterior,5,-8.87106488705734,19,-8.859614461409539,EyesOpen,True
sub-262,EyesClosed,posterior,0,-9.675622233777334,19,-9.955758787497452,EyesClosed,True
sub-262,EyesClosed,posterior,1,-9.139764599778692,19,-9.955758787497452,EyesClosed,True
sub-262,EyesClosed,posterior,2,-9.212645861090621,19,-9.955758787497452,EyesClosed,True
sub-262,EyesClosed,posterior,3,-9.295400231884557,19,-9.955758787497452,EyesClosed,True
sub-262,EyesClosed,posterior,4,-9.062165158541161,19,-9.955758787497452,EyesClosed,True
sub-262,EyesClosed,posterior,5,-9.404402760722508,19,-9.955758787497452,EyesClosed,True
sub-262,EyesOpen,posterior,0,-10.333444986006315,19,-9.955758787497452,EyesOpen,True
sub-262,EyesOpen,posterior,1,-10.32906147035485,19,-9.955758787497452,EyesOpen,True
sub-262,EyesOpen,posterior,2,-10.288876454542814,19,-9.955758787497452,EyesOpen,True
sub-262,EyesOpen,posterior,3,-10.23589534121757,19,-9.955758787497452,EyesOpen,True
sub-262,EyesOpen,posterior,4,-10.254834132604584,19,-9.955758787497452,EyesOpen,True
sub-262,EyesOpen,posterior,5,-10.40206694256193,19,-9.955758787497452,EyesOpen,True
sub-263,EyesClosed,posterior,0,-10.38762600153581,19,-10.326446072947446,EyesOpen,False
sub-263,EyesClosed,posterior,1,-10.314414901985275,19,-10.326446072947446,EyesClosed,True
sub-263,EyesClosed,posterior,2,-10.421167579516869,19,-10.326446072947446,EyesOpen,False
sub-263,EyesClosed,posterior,3,-10.325351769818562,19,-10.326446072947446,EyesClosed,True
sub-263,EyesClosed,posterior,4,-10.311398975211052,19,-10.326446072947446,EyesClosed,True
sub-263,EyesClosed,posterior,5,-10.259660854498051,19,-10.326446072947446,EyesClosed,True
sub-263,EyesOpen,posterior,0,-10.31885022690447,19,-10.326446072947446,EyesClosed,False
sub-263,EyesOpen,posterior,1,-10.32754037607633,19,-10.326446072947446,EyesOpen,True
sub-263,EyesOpen,posterior,2,-10.38293647077511,19,-10.326446072947446,EyesOpen,True
sub-263,EyesOpen,posterior,3,-10.52498071999814,19,-10.326446072947446,EyesOpen,True
sub-263,EyesOpen,posterior,4,-10.43137192419934,19,-10.326446072947446,EyesOpen,True
sub-263,EyesOpen,posterior,5,-10.28888410870882,19,-10.326446072947446,EyesClosed,False
sub-264,EyesClosed,posterior,0,-9.920995268499167,19,-9.972486532699767,EyesClosed,True
sub-264,EyesClosed,posterior,1,-10.06083797605712,19,-9.972486532699767,EyesOpen,False
sub-264,EyesClosed,posterior,2,-10.043326012812253,19,-9.972486532699767,EyesOpen,False
sub-264,EyesClosed,posterior,3,-9.838464354876457,19,-9.972486532699767,EyesClosed,True
sub-264,EyesClosed,posterior,4,-9.621292698453276,19,-9.972486532699767,EyesClosed,True
sub-264,EyesClosed,posterior,5,-9.828129261213066,19,-9.972486532699767,EyesClosed,True
sub-264,EyesOpen,posterior,0,-10.205631581876762,19,-9.972486532699767,EyesOpen,True
sub-264,EyesOpen,posterior,1,-10.12044090355949,19,-9.972486532699767,EyesOpen,True
sub-264,EyesOpen,posterior,2,-9.988776238919217,19,-9.972486532699767,EyesOpen,True
sub-264,EyesOpen,posterior,3,-9.956196826480317,19,-9.972486532699767,EyesClosed,False
sub-264,EyesOpen,posterior,4,-9.910535745168325,19,-9.972486532699767,EyesClosed,False
sub-264,EyesOpen,posterior,5,-10.160131649022139,19,-9.972486532699767,EyesOpen,True
sub-265,EyesClosed,posterior,0,-9.42085889158437,19,-9.691831365252074,EyesClosed,True
sub-265,EyesClosed,posterior,1,-9.53517257011679,19,-9.691831365252074,EyesClosed,True
sub-265,EyesClosed,posterior,2,-9.542277580286084,19,-9.691831365252074,EyesClosed,True
sub-265,EyesClosed,posterior,3,-9.628408185989402,19,-9.691831365252074,EyesClosed,True
sub-265,EyesClosed,posterior,4,-9.4668524834437,19,-9.691831365252074,EyesClosed,True
sub-265,EyesClosed,posterior,5,-9.596029458696927,19,-9.691831365252074,EyesClosed,True
sub-265,EyesOpen,posterior,0,-9.986321513137094,19,-9.691831365252074,EyesOpen,True
sub-265,EyesOpen,posterior,1,-9.99227152268351,19,-9.691831365252074,EyesOpen,True
sub-265,EyesOpen,posterior,2,-10.024588910305228,19,-9.691831365252074,EyesOpen,True
sub-265,EyesOpen,posterior,3,-10.015486275211833,19,-9.691831365252074,EyesOpen,True
sub-265,EyesOpen,posterior,4,-9.755254544514745,19,-9.691831365252074,EyesOpen,True
sub-265,EyesOpen,posterior,5,-9.878544341157355,19,-9.691831365252074,EyesOpen,True
sub-266,EyesClosed,posterior,0,-9.621995065285072,19,-9.75610611800155,EyesClosed,True
sub-266,EyesClosed,posterior,1,-9.382045120215972,19,-9.75610611800155,EyesClosed,True
sub-266,EyesClosed,posterior,2,-9.458352044873527,19,-9.75610611800155,EyesClosed,True
sub-266,EyesClosed,posterior,3,-9.42365359363107,19,-9.75610611800155,EyesClosed,True
sub-266,EyesClosed,posterior,4,-9.487987886969488,19,-9.75610611800155,EyesClosed,True
sub-266,EyesClosed,posterior,5,-9.474339502410619,19,-9.75610611800155,EyesClosed,True
sub-266,EyesOpen,posterior,0,-9.999158158199265,19,-9.75610611800155,EyesOpen,True
sub-266,EyesOpen,posterior,1,-9.890217170718032,19,-9.75610611800155,EyesOpen,True
sub-266,EyesOpen,posterior,2,-9.892431383307926,19,-9.75610611800155,EyesOpen,True
sub-266,EyesOpen,posterior,3,-9.901366202033476,19,-9.75610611800155,EyesOpen,True
sub-266,EyesOpen,posterior,4,-9.970579296240516,19,-9.75610611800155,EyesOpen,True
sub-266,EyesOpen,posterior,5,-9.941844296099386,19,-9.75610611800155,EyesOpen,True
sub-267,EyesClosed,posterior,0,-9.132047997356313,19,-9.739391723959272,EyesClosed,True
sub-267,EyesClosed,posterior,1,-9.281940769210774,19,-9.739391723959272,EyesClosed,True
sub-267,EyesClosed,posterior,2,-9.067831591458424,19,-9.739391723959272,EyesClosed,True
sub-267,EyesClosed,posterior,3,-9.001574474401377,19,-9.739391723959272,EyesClosed,True
sub-267,EyesClosed,posterior,4,-8.997080989792313,19,-9.739391723959272,EyesClosed,True
sub-267,EyesClosed,posterior,5,-9.212141528557792,19,-9.739391723959272,EyesClosed,True
sub-267,EyesOpen,posterior,0,-10.29458398224334,19,-9.739391723959272,EyesOpen,True
sub-267,EyesOpen,posterior,1,-10.19684267870777,19,-9.739391723959272,EyesOpen,True
sub-267,EyesOpen,posterior,2,-10.228557577421693,19,-9.739391723959272,EyesOpen,True
sub-267,EyesOpen,posterior,3,-10.405018330872185,19,-9.739391723959272,EyesOpen,True
sub-267,EyesOpen,posterior,4,-10.375589879761717,19,-9.739391723959272,EyesOpen,True
sub-267,EyesOpen,posterior,5,-10.382078020412884,19,-9.739391723959272,EyesOpen,True
sub-268,EyesClosed,posterior,0,-10.540269803709473,19,-10.656211933991656,EyesClosed,True
sub-268,EyesClosed,posterior,1,-10.5965785679383,19,-10.656211933991656,EyesClosed,True
sub-268,EyesClosed,posterior,2,-10.604858415776755,19,-10.656211933991656,EyesClosed,True
sub-268,EyesClosed,posterior,3,-10.749654257937463,19,-10.656211933991656,EyesOpen,False
sub-268,EyesClosed,posterior,4,-10.755818551710801,19,-10.656211933991656,EyesOpen,False
sub-268,EyesClosed,posterior,5,-10.807281429820055,19,-10.656211933991656,EyesOpen,False
sub-268,EyesOpen,posterior,0,-10.550309522671128,19,-10.656211933991656,EyesClosed,False
sub-268,EyesOpen,posterior,1,-10.69267373041979,19,-10.656211933991656,EyesOpen,True
sub-268,EyesOpen,posterior,2,-10.67001705983676,19,-10.656211933991656,EyesOpen,True
sub-268,EyesOpen,posterior,3,-10.649278192974261,19,-10.656211933991656,EyesClosed,False
sub-268,EyesOpen,posterior,4,-10.553430881339455,19,-10.656211933991656,EyesClosed,False
sub-268,EyesOpen,posterior,5,-10.663145675009051,19,-10.656211933991656,EyesOpen,True
sub-269,EyesClosed,posterior,0,-10.151481511681869,19,-10.12099771024948,EyesOpen,False
sub-269,EyesClosed,posterior,1,-10.09051390881709,19,-10.12099771024948,EyesClosed,True
sub-269,EyesClosed,posterior,2,-10.367784826458085,19,-10.12099771024948,EyesOpen,False
sub-269,EyesClosed,posterior,3,-9.698133703392449,19,-10.12099771024948,EyesClosed,True
sub-269,EyesClosed,posterior,4,-9.55502966806329,19,-10.12099771024948,EyesClosed,True
sub-269,EyesClosed,posterior,5,-9.788659354791708,19,-10.12099771024948,EyesClosed,True
sub-269,EyesOpen,posterior,0,-10.26668673489611,19,-10.12099771024948,EyesOpen,True
sub-269,EyesOpen,posterior,1,-9.842970194793008,19,-10.12099771024948,EyesClosed,False
sub-269,EyesOpen,posterior,2,-10.270270121237875,19,-10.12099771024948,EyesOpen,True
sub-269,EyesOpen,posterior,3,-10.240349624804987,19,-10.12099771024948,EyesOpen,True
sub-269,EyesOpen,posterior,4,-10.36966533150711,19,-10.12099771024948,EyesOpen,True
sub-269,EyesOpen,posterior,5,-10.03190542417821,19,-10.12099771024948,EyesClosed,False
sub-270,EyesClosed,posterior,0,-10.10696804419273,19,-9.983004723927921,EyesOpen,False
sub-270,EyesClosed,posterior,1,-9.877036942305322,19,-9.983004723927921,EyesClosed,True
sub-270,EyesClosed,posterior,2,-9.90955539045345,19,-9.983004723927921,EyesClosed,True
sub-270,EyesClosed,posterior,3,-9.931490965974188,19,-9.983004723927921,EyesClosed,True
sub-270,EyesClosed,posterior,4,-9.961531164724482,19,-9.983004723927921,EyesClosed,True
sub-270,EyesClosed,posterior,5,-9.928344046874694,19,-9.983004723927921,EyesClosed,True
sub-270,EyesClosed,posterior,6,-9.970768440921749,19,-9.983004723927921,EyesClosed,True
sub-270,EyesOpen,posterior,0,-10.053718487946371,19,-9.983004723927921,EyesOpen,True
sub-270,EyesOpen,posterior,1,-9.983004723927921,19,-9.983004723927921,EyesOpen,True
sub-270,EyesOpen,posterior,2,-10.358227846489596,19,-9.983004723927921,EyesOpen,True
sub-270,EyesOpen,posterior,3,-10.062016564142624,19,-9.983004723927921,EyesOpen,True
sub-270,EyesOpen,posterior,4,-10.05536769399993,19,-9.983004723927921,EyesOpen,True
sub-270,EyesOpen,posterior,5,-10.279931534466764,19,-9.983004723927921,EyesOpen,True
sub-271,EyesClosed,posterior,0,-9.314630043369583,19,-10.023844406948538,EyesClosed,True
sub-271,EyesClosed,posterior,1,-9.384639183430997,19,-10.023844406948538,EyesClosed,True
sub-271,EyesClosed,posterior,2,-9.260863305174945,19,-10.023844406948538,EyesClosed,True
sub-271,EyesClosed,posterior,3,-9.192688122469791,19,-10.023844406948538,EyesClosed,True
sub-271,EyesClosed,posterior,4,-9.367784950923333,19,-10.023844406948538,EyesClosed,True
sub-271,EyesClosed,posterior,5,-9.24079048530404,19,-10.023844406948538,EyesClosed,True
sub-271,EyesOpen,posterior,0,-10.35737651556554,19,-10.023844406948538,EyesOpen,True
sub-271,EyesOpen,posterior,1,-10.094939586664404,19,-10.023844406948538,EyesOpen,True
sub-271,EyesOpen,posterior,2,-10.062546724143484,19,-10.023844406948538,EyesOpen,True
sub-271,EyesOpen,posterior,3,-10.08997540663266,19,-10.023844406948538,EyesOpen,True
sub-271,EyesOpen,posterior,4,-10.150545897832227,19,-10.023844406948538,EyesOpen,True
sub-271,EyesOpen,posterior,5,-10.108734333362623,19,-10.023844406948538,EyesOpen,True
sub-271,EyesOpen,posterior,6,-10.023844406948538,19,-10.023844406948538,EyesOpen,True
sub-272,EyesClosed,posterior,0,-9.18254309769189,19,-9.47995013447932,EyesClosed,True
sub-272,EyesClosed,posterior,1,-9.057003761388417,19,-9.47995013447932,EyesClosed,True
sub-272,EyesClosed,posterior,2,-8.932179490180024,19,-9.47995013447932,EyesClosed,True
sub-272,EyesClosed,posterior,3,-9.04209688702463,19,-9.47995013447932,EyesClosed,True
sub-272,EyesClosed,posterior,4,-8.99116486524048,19,-9.47995013447932,EyesClosed,True
sub-272,EyesClosed,posterior,5,-9.040327372420412,19,-9.47995013447932,EyesClosed,True
sub-272,EyesOpen,posterior,0,-10.030350519257622,19,-9.47995013447932,EyesOpen,True
sub-272,EyesOpen,posterior,1,-9.888942041584992,19,-9.47995013447932,EyesOpen,True
sub-272,EyesOpen,posterior,2,-9.777357171266754,19,-9.47995013447932,EyesOpen,True
sub-272,EyesOpen,posterior,3,-10.026160025223511,19,-9.47995013447932,EyesOpen,True
sub-272,EyesOpen,posterior,4,-9.949182183609143,19,-9.47995013447932,EyesOpen,True
sub-272,EyesOpen,posterior,5,-9.80361359272778,19,-9.47995013447932,EyesOpen,True
sub-273,EyesClosed,posterior,0,-8.71660529055007,19,-9.028615262637459,EyesClosed,True
sub-273,EyesClosed,posterior,1,-8.716602710316206,19,-9.028615262637459,EyesClosed,True
sub-273,EyesClosed,posterior,2,-8.846245218234674,19,-9.028615262637459,EyesClosed,True
sub-273,EyesClosed,posterior,3,-8.71876568460744,19,-9.028615262637459,EyesClosed,True
sub-273,EyesClosed,posterior,4,-8.656748187005862,19,-9.028615262637459,EyesClosed,True
sub-273,EyesClosed,posterior,5,-8.682961687308847,19,-9.028615262637459,EyesClosed,True
sub-273,EyesOpen,posterior,0,-9.303145410692657,19,-9.028615262637459,EyesOpen,True
sub-273,EyesOpen,posterior,1,-9.210985307040241,19,-9.028615262637459,EyesOpen,True
sub-273,EyesOpen,posterior,2,-9.33526516036635,19,-9.028615262637459,EyesOpen,True
sub-273,EyesOpen,posterior,3,-9.23198249551526,19,-9.028615262637459,EyesOpen,True
sub-273,EyesOpen,posterior,4,-9.238612846140223,19,-9.028615262637459,EyesOpen,True
sub-273,EyesOpen,posterior,5,-9.468125930724904,19,-9.028615262637459,EyesOpen,True
sub-274,EyesClosed,posterior,0,-10.019078086907903,19,-9.76617567505913,EyesOpen,False
sub-274,EyesClosed,posterior,1,-9.905168977045959,19,-9.76617567505913,EyesOpen,False
sub-274,EyesClosed,posterior,2,-9.76017461269775,19,-9.76617567505913,EyesClosed,True
sub-274,EyesClosed,posterior,3,-9.714711965612,19,-9.76617567505913,EyesClosed,True
sub-274,EyesClosed,posterior,4,-9.762909210994422,19,-9.76617567505913,EyesClosed,True
sub-274,EyesClosed,posterior,5,-9.78921226846083,19,-9.76617567505913,EyesOpen,False
sub-274,EyesOpen,posterior,0,-9.794907612876619,19,-9.76617567505913,EyesOpen,True
sub-274,EyesOpen,posterior,1,-9.76944213912384,19,-9.76617567505913,EyesOpen,True
sub-274,EyesOpen,posterior,2,-9.733310495106645,19,-9.76617567505913,EyesClosed,False
sub-274,EyesOpen,posterior,3,-9.750360988538628,19,-9.76617567505913,EyesClosed,False
sub-274,EyesOpen,posterior,4,-9.838065464565151,19,-9.76617567505913,EyesOpen,True
sub-274,EyesOpen,posterior,5,-9.74597777357687,19,-9.76617567505913,EyesClosed,False
sub-275,EyesClosed,posterior,0,-10.251735138810588,19,-10.292564482948482,EyesClosed,True
sub-275,EyesClosed,posterior,1,-10.134347580405718,19,-10.292564482948482,EyesClosed,True
sub-275,EyesClosed,posterior,2,-10.286276001108087,19,-10.292564482948482,EyesClosed,True
sub-275,EyesClosed,posterior,3,-10.24582754301856,19,-10.292564482948482,EyesClosed,True
sub-275,EyesClosed,posterior,4,-10.06952129032661,19,-10.292564482948482,EyesClosed,True
sub-275,EyesClosed,posterior,5,-10.204386443003857,19,-10.292564482948482,EyesClosed,True
sub-275,EyesOpen,posterior,0,-10.357489130805751,19,-10.292564482948482,EyesOpen,True
sub-275,EyesOpen,posterior,1,-10.298852964788875,19,-10.292564482948482,EyesOpen,True
sub-275,EyesOpen,posterior,2,-10.336916665666404,19,-10.292564482948482,EyesOpen,True
sub-275,EyesOpen,posterior,3,-10.35769032040094,19,-10.292564482948482,EyesOpen,True
sub-275,EyesOpen,posterior,4,-10.371228525015734,19,-10.292564482948482,EyesOpen,True
sub-275,EyesOpen,posterior,5,-10.415461849699366,19,-10.292564482948482,EyesOpen,True
sub-276,EyesClosed,posterior,0,-8.357823821913929,19,-9.140121945927994,EyesClosed,True
sub-276,EyesClosed,posterior,1,-8.661786237580282,19,-9.140121945927994,EyesClosed,True
sub-276,EyesClosed,posterior,2,-8.481878233221009,19,-9.140121945927994,EyesClosed,True
sub-276,EyesClosed,posterior,3,-8.72620769917245,19,-9.140121945927994,EyesClosed,True
sub-276,EyesClosed,posterior,4,-8.970687316656084,19,-9.140121945927994,EyesClosed,True
sub-276,EyesClosed,posterior,5,-9.217036006427648,19,-9.140121945927994,EyesOpen,False
sub-276,EyesOpen,posterior,0,-9.114995555359705,19,-9.140121945927994,EyesClosed,False
sub-276,EyesOpen,posterior,1,-9.579147095474223,19,-9.140121945927994,EyesOpen,True
sub-276,EyesOpen,posterior,2,-9.428146806416681,19,-9.140121945927994,EyesOpen,True
sub-276,EyesOpen,posterior,3,-9.247310940258743,19,-9.140121945927994,EyesOpen,True
sub-276,EyesOpen,posterior,4,-9.34249522139312,19,-9.140121945927994,EyesOpen,True
sub-276,EyesOpen,posterior,5,-9.165248336496282,19,-9.140121945927994,EyesOpen,True
sub-277,EyesClosed,posterior,0,-10.57120216152269,19,-10.507201023626052,EyesOpen,False
sub-277,EyesClosed,posterior,1,-10.559610376688534,19,-10.507201023626052,EyesOpen,False
sub-277,EyesClosed,posterior,2,-10.61423406763534,19,-10.507201023626052,EyesOpen,False
sub-277,EyesClosed,posterior,3,-10.597850259519557,19,-10.507201023626052,EyesOpen,False
sub-277,EyesClosed,posterior,4,-10.464461681892255,19,-10.507201023626052,EyesClosed,True
sub-277,EyesClosed,posterior,5,-10.484317595410458,19,-10.507201023626052,EyesClosed,True
sub-277,EyesOpen,posterior,0,-10.5134726560512,19,-10.507201023626052,EyesOpen,True
sub-277,EyesOpen,posterior,1,-10.512032820582753,19,-10.507201023626052,EyesOpen,True
sub-277,EyesOpen,posterior,2,-10.502369226669353,19,-10.507201023626052,EyesClosed,False
sub-277,EyesOpen,posterior,3,-10.433776034746142,19,-10.507201023626052,EyesClosed,False
sub-277,EyesOpen,posterior,4,-10.326290175118142,19,-10.507201023626052,EyesClosed,False
sub-277,EyesOpen,posterior,5,-10.47397363339573,19,-10.507201023626052,EyesClosed,False
sub-278,EyesClosed,posterior,0,-8.719202692236461,19,-9.04462496921363,EyesClosed,True
sub-278,EyesClosed,posterior,1,-8.721807198641889,19,-9.04462496921363,EyesClosed,True
sub-278,EyesClosed,posterior,2,-8.666207159225962,19,-9.04462496921363,EyesClosed,True
sub-278,EyesClosed,posterior,3,-8.853371402320676,19,-9.04462496921363,EyesClosed,True
sub-278,EyesClosed,posterior,4,-8.792990090597227,19,-9.04462496921363,EyesClosed,True
sub-278,EyesClosed,posterior,5,-8.827336734402039,19,-9.04462496921363,EyesClosed,True
sub-278,EyesOpen,posterior,0,-9.235878536106583,19,-9.04462496921363,EyesOpen,True
sub-278,EyesOpen,posterior,1,-9.248320612948312,19,-9.04462496921363,EyesOpen,True
sub-278,EyesOpen,posterior,2,-9.56098087701191,19,-9.04462496921363,EyesOpen,True
sub-278,EyesOpen,posterior,3,-9.553098258066662,19,-9.04462496921363,EyesOpen,True
sub-278,EyesOpen,posterior,4,-9.51260603225409,19,-9.04462496921363,EyesOpen,True
sub-278,EyesOpen,posterior,5,-9.58406897413069,19,-9.04462496921363,EyesOpen,True
sub-279,EyesClosed,posterior,0,-8.843221041087993,19,-8.962112122526342,EyesClosed,True
sub-279,EyesClosed,posterior,1,-8.824138315497004,19,-8.962112122526342,EyesClosed,True
sub-279,EyesClosed,posterior,2,-8.880049128872722,19,-8.962112122526342,EyesClosed,True
sub-279,EyesClosed,posterior,3,-8.62662908574719,19,-8.962112122526342,EyesClosed,True
sub-279,EyesClosed,posterior,4,-8.90027722692237,19,-8.962112122526342,EyesClosed,True
sub-279,EyesClosed,posterior,5,-8.908571501341735,19,-8.962112122526342,EyesClosed,True
sub-279,EyesClosed,posterior,6,-8.962112122526342,19,-8.962112122526342,EyesOpen,False
sub-279,EyesOpen,posterior,0,-10.195965131600003,19,-8.962112122526342,EyesOpen,True
sub-279,EyesOpen,posterior,1,-10.120610944081617,19,-8.962112122526342,EyesOpen,True
sub-279,EyesOpen,posterior,2,-10.178192985283276,19,-8.962112122526342,EyesOpen,True
sub-279,EyesOpen,posterior,3,-10.191012190088285,19,-8.962112122526342,EyesOpen,True
sub-279,EyesOpen,posterior,4,-10.120553705493792,19,-8.962112122526342,EyesOpen,True
sub-279,EyesOpen,posterior,5,-10.019416606200384,19,-8.962112122526342,EyesOpen,True
sub-280,EyesClosed,posterior,0,-8.908900394415571,19,-9.51279299902016,EyesClosed,True
sub-280,EyesClosed,posterior,1,-8.968786796075358,19,-9.51279299902016,EyesClosed,True
sub-280,EyesClosed,posterior,2,-8.99285993199895,19,-9.51279299902016,EyesClosed,True
sub-280,EyesClosed,posterior,3,-9.103521925296794,19,-9.51279299902016,EyesClosed,True
sub-280,EyesClosed,posterior,4,-9.087932234321332,19,-9.51279299902016,EyesClosed,True
sub-280,EyesClosed,posterior,5,-9.33145024834033,19,-9.51279299902016,EyesClosed,True
sub-280,EyesOpen,posterior,0,-10.104712684827964,19,-9.51279299902016,EyesOpen,True
sub-280,EyesOpen,posterior,1,-10.143996688656916,19,-9.51279299902016,EyesOpen,True
sub-280,EyesOpen,posterior,2,-9.886836190606374,19,-9.51279299902016,EyesOpen,True
sub-280,EyesOpen,posterior,3,-10.22027108648674,19,-9.51279299902016,EyesOpen,True
sub-280,EyesOpen,posterior,4,-9.694135749699988,19,-9.51279299902016,EyesOpen,True
sub-280,EyesOpen,posterior,5,-9.785097066435442,19,-9.51279299902016,EyesOpen,True
sub-281,EyesClosed,posterior,0,-9.356150401934965,19,-9.788414776850814,EyesClosed,True
sub-281,EyesClosed,posterior,1,-9.258330018314046,19,-9.788414776850814,EyesClosed,True
sub-281,EyesClosed,posterior,2,-9.26870532355594,19,-9.788414776850814,EyesClosed,True
sub-281,EyesClosed,posterior,3,-9.350735032195171,19,-9.788414776850814,EyesClosed,True
sub-281,EyesClosed,posterior,4,-9.226138595129505,19,-9.788414776850814,EyesClosed,True
sub-281,EyesClosed,posterior,5,-9.314159012648899,19,-9.788414776850814,EyesClosed,True
sub-281,EyesOpen,posterior,0,-10.434769427478573,19,-9.788414776850814,EyesOpen,True
sub-281,EyesOpen,posterior,1,-10.324470830150739,19,-9.788414776850814,EyesOpen,True
sub-281,EyesOpen,posterior,2,-10.357956059199308,19,-9.788414776850814,EyesOpen,True
sub-281,EyesOpen,posterior,3,-10.438678656703093,19,-9.788414776850814,EyesOpen,True
sub-281,EyesOpen,posterior,4,-10.220679151766664,19,-9.788414776850814,EyesOpen,True
sub-281,EyesOpen,posterior,5,-10.442862530274738,19,-9.788414776850814,EyesOpen,True
sub-282,EyesClosed,posterior,0,-10.37841963928989,19,-10.374050232671038,EyesOpen,False
sub-282,EyesClosed,posterior,1,-10.291008538949594,19,-10.374050232671038,EyesClosed,True
sub-282,EyesClosed,posterior,2,-10.098319698873112,19,-10.374050232671038,EyesClosed,True
sub-282,EyesClosed,posterior,3,-9.935689384036376,19,-10.374050232671038,EyesClosed,True
sub-282,EyesClosed,posterior,4,-9.323438488490567,19,-10.374050232671038,EyesClosed,True
sub-282,EyesClosed,posterior,5,-10.096757111805514,19,-10.374050232671038,EyesClosed,True
sub-282,EyesOpen,posterior,0,-10.375521247824143,19,-10.374050232671038,EyesOpen,True
sub-282,EyesOpen,posterior,1,-10.546204337622562,19,-10.374050232671038,EyesOpen,True
sub-282,EyesOpen,posterior,2,-10.460372845932227,19,-10.374050232671038,EyesOpen,True
sub-282,EyesOpen,posterior,3,-10.372579217517934,19,-10.374050232671038,EyesClosed,False
sub-282,EyesOpen,posterior,4,-10.418766535840929,19,-10.374050232671038,EyesOpen,True
sub-282,EyesOpen,posterior,5,-10.556528201723125,19,-10.374050232671038,EyesOpen,True
sub-283,EyesClosed,posterior,0,-9.130868369548763,19,-9.503213923779224,EyesClosed,True
sub-283,EyesClosed,posterior,1,-9.115182316341365,19,-9.503213923779224,EyesClosed,True
sub-283,EyesClosed,posterior,2,-8.965325435356908,19,-9.503213923779224,EyesClosed,True
sub-283,EyesClosed,posterior,3,-8.899987455663176,19,-9.503213923779224,EyesClosed,True
sub-283,EyesClosed,posterior,4,-8.93936394368477,19,-9.503213923779224,EyesClosed,True
sub-283,EyesClosed,posterior,5,-8.9811911758413,19,-9.503213923779224,EyesClosed,True
sub-283,EyesOpen,posterior,0,-10.369237042938698,19,-9.503213923779224,EyesOpen,True
sub-283,EyesOpen,posterior,1,-10.139389189435107,19,-9.503213923779224,EyesOpen,True
sub-283,EyesOpen,posterior,2,-10.171075665049681,19,-9.503213923779224,EyesOpen,True
sub-283,EyesOpen,posterior,3,-10.034053553852123,19,-9.503213923779224,EyesOpen,True
sub-283,EyesOpen,posterior,4,-9.875559478009684,19,-9.503213923779224,EyesOpen,True
sub-283,EyesOpen,posterior,5,-9.943876319443678,19,-9.503213923779224,EyesOpen,True
sub-284,EyesClosed,posterior,0,-8.351167437365056,19,-8.54701318864323,EyesClosed,True
sub-284,EyesClosed,posterior,1,-8.296726743297882,19,-8.54701318864323,EyesClosed,True
sub-284,EyesClosed,posterior,2,-8.351638978405767,19,-8.54701318864323,EyesClosed,True
sub-284,EyesClosed,posterior,3,-8.310647262930031,19,-8.54701318864323,EyesClosed,True
sub-284,EyesClosed,posterior,4,-8.364799077284784,19,-8.54701318864323,EyesClosed,True
sub-284,EyesClosed,posterior,5,-8.336360718512909,19,-8.54701318864323,EyesClosed,True
sub-284,EyesOpen,posterior,0,-9.462047768474898,19,-8.54701318864323,EyesOpen,True
sub-284,EyesOpen,posterior,1,-9.037056813484481,19,-8.54701318864323,EyesOpen,True
sub-284,EyesOpen,posterior,2,-8.729227300001675,19,-8.54701318864323,EyesOpen,True
sub-284,EyesOpen,posterior,3,-9.154665848013693,19,-8.54701318864323,EyesOpen,True
sub-284,EyesOpen,posterior,4,-9.014887306641599,19,-8.54701318864323,EyesOpen,True
sub-284,EyesOpen,posterior,5,-9.217934188866028,19,-8.54701318864323,EyesOpen,True
sub-285,EyesClosed,posterior,0,-10.028189096852277,19,-10.100033043522203,EyesClosed,True
sub-285,EyesClosed,posterior,1,-10.053843435340372,19,-10.100033043522203,EyesClosed,True
sub-285,EyesClosed,posterior,2,-9.922523937746787,19,-10.100033043522203,EyesClosed,True
sub-285,EyesClosed,posterior,3,-10.04393245867519,19,-10.100033043522203,EyesClosed,True
sub-285,EyesClosed,posterior,4,-9.949128882293593,19,-10.100033043522203,EyesClosed,True
sub-285,EyesClosed,posterior,5,-9.985019945255559,19,-10.100033043522203,EyesClosed,True
sub-285,EyesOpen,posterior,0,-10.291503790973719,19,-10.100033043522203,EyesOpen,True
sub-285,EyesOpen,posterior,1,-10.146222651704035,19,-10.100033043522203,EyesOpen,True
sub-285,EyesOpen,posterior,2,-10.371144938697837,19,-10.100033043522203,EyesOpen,True
sub-285,EyesOpen,posterior,3,-10.255121594777297,19,-10.100033043522203,EyesOpen,True
sub-285,EyesOpen,posterior,4,-10.296238658464596,19,-10.100033043522203,EyesOpen,True
sub-285,EyesOpen,posterior,5,-10.26511408402042,19,-10.100033043522203,EyesOpen,True
sub-286,EyesClosed,posterior,0,-9.41637959880198,19,-9.582961800333859,EyesClosed,True
sub-286,EyesClosed,posterior,1,-9.385324641085377,19,-9.582961800333859,EyesClosed,True
sub-286,EyesClosed,posterior,2,-9.432286559971063,19,-9.582961800333859,EyesClosed,True
sub-286,EyesClosed,posterior,3,-9.435167593590243,19,-9.582961800333859,EyesClosed,True
sub-286,EyesClosed,posterior,4,-9.611182333188175,19,-9.582961800333859,EyesOpen,False
sub-286,EyesClosed,posterior,5,-9.672231940361712,19,-9.582961800333859,EyesOpen,False
sub-286,EyesOpen,posterior,0,-9.849009003308696,19,-9.582961800333859,EyesOpen,True
sub-286,EyesOpen,posterior,1,-10.060798780371924,19,-9.582961800333859,EyesOpen,True
sub-286,EyesOpen,posterior,2,-9.79603450581473,19,-9.582961800333859,EyesOpen,True
sub-286,EyesOpen,posterior,3,-9.773542033349447,19,-9.582961800333859,EyesOpen,True
sub-286,EyesOpen,posterior,4,-9.554741267479544,19,-9.582961800333859,EyesClosed,False
sub-286,EyesOpen,posterior,5,-6.130137220297791,19,-9.582961800333859,EyesClosed,False
sub-287,EyesClosed,posterior,0,-10.165926908023437,19,-10.231307950180739,EyesClosed,True
sub-287,EyesClosed,posterior,1,-10.293028569871584,19,-10.231307950180739,EyesOpen,False
sub-287,EyesClosed,posterior,2,-10.13955709883095,19,-10.231307950180739,EyesClosed,True
sub-287,EyesClosed,posterior,3,-10.168877547368329,19,-10.231307950180739,EyesClosed,True
sub-287,EyesClosed,posterior,4,-10.103175585726783,19,-10.231307950180739,EyesClosed,True
sub-287,EyesClosed,posterior,5,-10.242330327653049,19,-10.231307950180739,EyesOpen,False
sub-287,EyesOpen,posterior,0,-10.230140290222105,19,-10.231307950180739,EyesClosed,False
sub-287,EyesOpen,posterior,1,-10.252073269003589,19,-10.231307950180739,EyesOpen,True
sub-287,EyesOpen,posterior,2,-10.232475610139375,19,-10.231307950180739,EyesOpen,True
sub-287,EyesOpen,posterior,3,-10.312196196807927,19,-10.231307950180739,EyesOpen,True
sub-287,EyesOpen,posterior,4,-10.284947953153907,19,-10.231307950180739,EyesOpen,True
sub-287,EyesOpen,posterior,5,-10.151174110316177,19,-10.231307950180739,EyesClosed,False
sub-288,EyesClosed,posterior,0,-10.25121814634578,19,-10.136005168104862,EyesOpen,False
sub-288,EyesClosed,posterior,1,-9.922562206536272,19,-10.136005168104862,EyesClosed,True
sub-288,EyesClosed,posterior,2,-9.948892544567478,19,-10.136005168104862,EyesClosed,True
sub-288,EyesClosed,posterior,3,-9.920811804075944,19,-10.136005168104862,EyesClosed,True
sub-288,EyesClosed,posterior,4,-9.870020394921116,19,-10.136005168104862,EyesClosed,True
sub-288,EyesClosed,posterior,5,-9.662594464749116,19,-10.136005168104862,EyesClosed,True
sub-288,EyesOpen,posterior,0,-10.497974934696714,19,-10.136005168104862,EyesOpen,True
sub-288,EyesOpen,posterior,1,-10.45766028432451,19,-10.136005168104862,EyesOpen,True
sub-288,EyesOpen,posterior,2,-10.294322353564594,19,-10.136005168104862,EyesOpen,True
sub-288,EyesOpen,posterior,3,-10.171191012879419,19,-10.136005168104862,EyesOpen,True
sub-288,EyesOpen,posterior,4,-10.217721202827317,19,-10.136005168104862,EyesOpen,True
sub-288,EyesOpen,posterior,5,-10.100819323330306,19,-10.136005168104862,EyesClosed,False
sub-289,EyesClosed,posterior,0,-9.388731487499298,19,-9.533702336405423,EyesClosed,True
sub-289,EyesClosed,posterior,1,-9.46674606504319,19,-9.533702336405423,EyesClosed,True
sub-289,EyesClosed,posterior,2,-9.473046449744938,19,-9.533702336405423,EyesClosed,True
sub-289,EyesClosed,posterior,3,-9.267221716685158,19,-9.533702336405423,EyesClosed,True
sub-289,EyesClosed,posterior,4,-9.230926480798127,19,-9.533702336405423,EyesClosed,True
sub-289,EyesClosed,posterior,5,-9.204708073858725,19,-9.533702336405423,EyesClosed,True
sub-289,EyesOpen,posterior,0,-10.075028707648668,19,-9.533702336405423,EyesOpen,True
sub-289,EyesOpen,posterior,1,-9.970124100286025,19,-9.533702336405423,EyesOpen,True
sub-289,EyesOpen,posterior,2,-10.11052845696767,19,-9.533702336405423,EyesOpen,True
sub-289,EyesOpen,posterior,3,-9.963265762355748,19,-9.533702336405423,EyesOpen,True
sub-289,EyesOpen,posterior,4,-10.002477571515271,19,-9.533702336405423,EyesOpen,True
sub-289,EyesOpen,posterior,5,-9.594358223065905,19,-9.533702336405423,EyesOpen,True
sub-290,EyesClosed,posterior,0,-10.151905399651707,19,-10.178080105194939,EyesClosed,True
sub-290,EyesClosed,posterior,1,-9.731430072521952,19,-10.178080105194939,EyesClosed,True
sub-290,EyesClosed,posterior,2,-9.588849049437792,19,-10.178080105194939,EyesClosed,True
sub-290,EyesClosed,posterior,3,-9.691132817887564,19,-10.178080105194939,EyesClosed,True
sub-290,EyesClosed,posterior,4,-9.704706097240432,19,-10.178080105194939,EyesClosed,True
sub-290,EyesClosed,posterior,5,-9.52359985288553,19,-10.178080105194939,EyesClosed,True
sub-290,EyesOpen,posterior,0,-10.310049650145649,19,-10.178080105194939,EyesOpen,True
sub-290,EyesOpen,posterior,1,-10.215017149944929,19,-10.178080105194939,EyesOpen,True
sub-290,EyesOpen,posterior,2,-10.20425481073817,19,-10.178080105194939,EyesOpen,True
sub-290,EyesOpen,posterior,3,-10.216295503480211,19,-10.178080105194939,EyesOpen,True
sub-290,EyesOpen,posterior,4,-10.519622813860746,19,-10.178080105194939,EyesOpen,True
sub-290,EyesOpen,posterior,5,-10.406422451558829,19,-10.178080105194939,EyesOpen,True
sub-291,EyesClosed,posterior,0,-10.141616377782626,19,-10.308035684728495,EyesClosed,True
sub-291,EyesClosed,posterior,1,-10.128129531338416,19,-10.308035684728495,EyesClosed,True
sub-291,EyesClosed,posterior,2,-10.160806130453238,19,-10.308035684728495,EyesClosed,True
sub-291,EyesClosed,posterior,3,-10.190254595489641,19,-10.308035684728495,EyesClosed,True
sub-291,EyesClosed,posterior,4,-10.157860412675594,19,-10.308035684728495,EyesClosed,True
sub-291,EyesClosed,posterior,5,-10.267686331394087,19,-10.308035684728495,EyesClosed,True
sub-291,EyesOpen,posterior,0,-10.412972809838934,19,-10.308035684728495,EyesOpen,True
sub-291,EyesOpen,posterior,1,-10.431492276844219,19,-10.308035684728495,EyesOpen,True
sub-291,EyesOpen,posterior,2,-10.381256987949765,19,-10.308035684728495,EyesOpen,True
sub-291,EyesOpen,posterior,3,-10.377512127003358,19,-10.308035684728495,EyesOpen,True
sub-291,EyesOpen,posterior,4,-10.44959268490804,19,-10.308035684728495,EyesOpen,True
sub-291,EyesOpen,posterior,5,-10.3483850380629,19,-10.308035684728495,EyesOpen,True
sub-292,EyesClosed,posterior,0,-9.38163387437415,19,-9.742253640839484,EyesClosed,True
sub-292,EyesClosed,posterior,1,-9.438783994938506,19,-9.742253640839484,EyesClosed,True
sub-292,EyesClosed,posterior,2,-9.43629195327835,19,-9.742253640839484,EyesClosed,True
sub-292,EyesClosed,posterior,3,-9.261281846649046,19,-9.742253640839484,EyesClosed,True
sub-292,EyesClosed,posterior,4,-9.289210248466434,19,-9.742253640839484,EyesClosed,True
sub-292,EyesClosed,posterior,5,-9.386274639650724,19,-9.742253640839484,EyesClosed,True
sub-292,EyesOpen,posterior,0,-10.154034239482534,19,-9.742253640839484,EyesOpen,True
sub-292,EyesOpen,posterior,1,-10.388545492638817,19,-9.742253640839484,EyesOpen,True
sub-292,EyesOpen,posterior,2,-10.309389796200788,19,-9.742253640839484,EyesOpen,True
sub-292,EyesOpen,posterior,3,-10.398908921759785,19,-9.742253640839484,EyesOpen,True
sub-292,EyesOpen,posterior,4,-10.244783720275926,19,-9.742253640839484,EyesOpen,True
sub-292,EyesOpen,posterior,5,-10.045723286740463,19,-9.742253640839484,EyesOpen,True
sub-293,EyesClosed,posterior,0,-9.287807411984632,19,-9.542814646237492,EyesClosed,True
sub-293,EyesClosed,posterior,1,-9.264226899698944,19,-9.542814646237492,EyesClosed,True
sub-293,EyesClosed,posterior,2,-9.137317602350253,19,-9.542814646237492,EyesClosed,True
sub-293,EyesClosed,posterior,3,-9.218919972517943,19,-9.542814646237492,EyesClosed,True
sub-293,EyesClosed,posterior,4,-9.0462492820624,19,-9.542814646237492,EyesClosed,True
sub-293,EyesClosed,posterior,5,-9.147596819677132,19,-9.542814646237492,EyesClosed,True
sub-293,EyesOpen,posterior,0,-10.123876247108429,19,-9.542814646237492,EyesOpen,True
sub-293,EyesOpen,posterior,1,-10.027647699152194,19,-9.542814646237492,EyesOpen,True
sub-293,EyesOpen,posterior,2,-9.978155708570858,19,-9.542814646237492,EyesOpen,True
sub-293,EyesOpen,posterior,3,-9.79782188049035,19,-9.542814646237492,EyesOpen,True
sub-293,EyesOpen,posterior,4,-9.902676159230962,19,-9.542814646237492,EyesOpen,True
sub-293,EyesOpen,posterior,5,-9.846780690168504,19,-9.542814646237492,EyesOpen,True
sub-294,EyesClosed,posterior,0,-9.081662565449617,19,-9.433494109092416,EyesClosed,True
sub-294,EyesClosed,posterior,1,-9.154242857421213,19,-9.433494109092416,EyesClosed,True
sub-294,EyesClosed,posterior,2,-9.105999787763666,19,-9.433494109092416,EyesClosed,True
sub-294,EyesClosed,posterior,3,-9.082064835727012,19,-9.433494109092416,EyesClosed,True
sub-294,EyesClosed,posterior,4,-8.79955666180516,19,-9.433494109092416,EyesClosed,True
sub-294,EyesClosed,posterior,5,-8.949942795434838,19,-9.433494109092416,EyesClosed,True
sub-294,EyesOpen,posterior,0,-10.053387375342073,19,-9.433494109092416,EyesOpen,True
sub-294,EyesOpen,posterior,1,-10.226467307160878,19,-9.433494109092416,EyesOpen,True
sub-294,EyesOpen,posterior,2,-10.049707520161787,19,-9.433494109092416,EyesOpen,True
sub-294,EyesOpen,posterior,3,-10.068550945153351,19,-9.433494109092416,EyesOpen,True
sub-294,EyesOpen,posterior,4,-9.824748679352945,19,-9.433494109092416,EyesOpen,True
sub-294,EyesOpen,posterior,5,-9.71274536076362,19,-9.433494109092416,EyesOpen,True
sub-295,EyesClosed,posterior,0,-9.28886493671222,19,-9.567151515484257,EyesClosed,True
sub-295,EyesClosed,posterior,1,-9.41023021882574,19,-9.567151515484257,EyesClosed,True
sub-295,EyesClosed,posterior,2,-9.30917701301624,19,-9.567151515484257,EyesClosed,True
sub-295,EyesClosed,posterior,3,-9.367962016680238,19,-9.567151515484257,EyesClosed,True
sub-295,EyesClosed,posterior,4,-9.357321929004728,19,-9.567151515484257,EyesClosed,True
sub-295,EyesClosed,posterior,5,-9.290963872213467,19,-9.567151515484257,EyesClosed,True
sub-295,EyesOpen,posterior,0,-9.842034888312835,19,-9.567151515484257,EyesOpen,True
sub-295,EyesOpen,posterior,1,-9.724072812142774,19,-9.567151515484257,EyesOpen,True
sub-295,EyesOpen,posterior,2,-9.72807253417103,19,-9.567151515484257,EyesOpen,True
sub-295,EyesOpen,posterior,3,-9.758311537964515,19,-9.567151515484257,EyesOpen,True
sub-295,EyesOpen,posterior,4,-9.822297979701013,19,-9.567151515484257,EyesOpen,True
sub-295,EyesOpen,posterior,5,-9.758427032341121,19,-9.567151515484257,EyesOpen,True
sub-296,EyesClosed,posterior,0,-9.278082102725028,19,-9.881218009893196,EyesClosed,True
sub-296,EyesClosed,posterior,1,-9.317857572717676,19,-9.881218009893196,EyesClosed,True
sub-296,EyesClosed,posterior,2,-9.206600005917771,19,-9.881218009893196,EyesClosed,True
sub-296,EyesClosed,posterior,3,-9.383033226991282,19,-9.881218009893196,EyesClosed,True
sub-296,EyesClosed,posterior,4,-9.373850666129126,19,-9.881218009893196,EyesClosed,True
sub-296,EyesClosed,posterior,5,-9.329293841704615,19,-9.881218009893196,EyesClosed,True
sub-296,EyesOpen,posterior,0,-10.517079544878257,19,-9.881218009893196,EyesOpen,True
sub-296,EyesOpen,posterior,1,-10.417920156012391,19,-9.881218009893196,EyesOpen,True
sub-296,EyesOpen,posterior,2,-10.379402792795112,19,-9.881218009893196,EyesOpen,True
sub-296,EyesOpen,posterior,3,-10.395079225022252,19,-9.881218009893196,EyesOpen,True
sub-296,EyesOpen,posterior,4,-10.537100333005647,19,-9.881218009893196,EyesOpen,True
sub-296,EyesOpen,posterior,5,-10.482174188391312,19,-9.881218009893196,EyesOpen,True
sub-297,EyesClosed,posterior,0,-10.28643192046976,19,-10.4850331306211,EyesClosed,True
sub-297,EyesClosed,posterior,1,-10.133698974682718,19,-10.4850331306211,EyesClosed,True
sub-297,EyesClosed,posterior,2,-10.170756391405403,19,-10.4850331306211,EyesClosed,True
sub-297,EyesClosed,posterior,3,-9.879119178511019,19,-10.4850331306211,EyesClosed,True
sub-297,EyesClosed,posterior,4,-10.281631793506799,19,-10.4850331306211,EyesClosed,True
sub-297,EyesClosed,posterior,5,-10.442020439497021,19,-10.4850331306211,EyesClosed,True
sub-297,EyesOpen,posterior,0,-10.684676476417481,19,-10.4850331306211,EyesOpen,True
sub-297,EyesOpen,posterior,1,-10.528045821745177,19,-10.4850331306211,EyesOpen,True
sub-297,EyesOpen,posterior,2,-10.687124713305549,19,-10.4850331306211,EyesOpen,True
sub-297,EyesOpen,posterior,3,-10.713880662406547,19,-10.4850331306211,EyesOpen,True
sub-297,EyesOpen,posterior,4,-10.629466496216914,19,-10.4850331306211,EyesOpen,True
sub-297,EyesOpen,posterior,5,-10.628876812519419,19,-10.4850331306211,EyesOpen,True
sub-298,EyesClosed,posterior,0,-10.51812282373333,19,-10.37953772875175,EyesOpen,False
sub-298,EyesClosed,posterior,1,-10.371580041511567,19,-10.37953772875175,EyesClosed,True
sub-298,EyesClosed,posterior,2,-10.37859361361346,19,-10.37953772875175,EyesClosed,True
sub-298,EyesClosed,posterior,3,-10.380481843890042,19,-10.37953772875175,EyesOpen,False
sub-298,EyesClosed,posterior,4,-10.308331014980121,19,-10.37953772875175,EyesClosed,True
sub-298,EyesClosed,posterior,5,-10.252238137947243,19,-10.37953772875175,EyesClosed,True
sub-298,EyesOpen,posterior,0,-10.620907480691658,19,-10.37953772875175,EyesOpen,True
sub-298,EyesOpen,posterior,1,-10.558326319891325,19,-10.37953772875175,EyesOpen,True
sub-298,EyesOpen,posterior,2,-10.060667135675372,19,-10.37953772875175,EyesClosed,False
sub-298,EyesOpen,posterior,3,-10.451465167498611,19,-10.37953772875175,EyesOpen,True
sub-298,EyesOpen,posterior,4,-10.38191206245927,19,-10.37953772875175,EyesOpen,True
sub-298,EyesOpen,posterior,5,-10.124304932254965,19,-10.37953772875175,EyesClosed,False
sub-299,EyesClosed,posterior,0,-9.823220416535383,19,-10.319547058585457,EyesClosed,True
sub-299,EyesClosed,posterior,1,-10.111073989208196,19,-10.319547058585457,EyesClosed,True
sub-299,EyesClosed,posterior,2,-9.48983252914237,19,-10.319547058585457,EyesClosed,True
sub-299,EyesClosed,posterior,3,-9.860625718714347,19,-10.319547058585457,EyesClosed,True
sub-299,EyesClosed,posterior,4,-9.710965962371953,19,-10.319547058585457,EyesClosed,True
sub-299,EyesClosed,posterior,5,-9.536162699798018,19,-10.319547058585457,EyesClosed,True
sub-299,EyesOpen,posterior,0,-10.645050145633986,19,-10.319547058585457,EyesOpen,True
sub-299,EyesOpen,posterior,1,-10.534177313232084,19,-10.319547058585457,EyesOpen,True
sub-299,EyesOpen,posterior,2,-10.528282381605532,19,-10.319547058585457,EyesOpen,True
sub-299,EyesOpen,posterior,3,-10.528020127962716,19,-10.319547058585457,EyesOpen,True
sub-299,EyesOpen,posterior,4,-10.642733866449447,19,-10.319547058585457,EyesOpen,True
sub-299,EyesOpen,posterior,5,-10.652123774635413,19,-10.319547058585457,EyesOpen,True
sub-300,EyesClosed,posterior,0,-9.214157099934836,19,-10.262877260549791,EyesClosed,True
sub-300,EyesClosed,posterior,1,-9.64769660552559,19,-10.262877260549791,EyesClosed,True
sub-300,EyesClosed,posterior,2,-10.12778111371174,19,-10.262877260549791,EyesClosed,True
sub-300,EyesClosed,posterior,3,-9.553855982785489,19,-10.262877260549791,EyesClosed,True
sub-300,EyesClosed,posterior,4,-9.828291325407614,19,-10.262877260549791,EyesClosed,True
sub-300,EyesClosed,posterior,5,-10.046208701292123,19,-10.262877260549791,EyesClosed,True
sub-300,EyesOpen,posterior,0,-10.569008515573554,19,-10.262877260549791,EyesOpen,True
sub-300,EyesOpen,posterior,1,-10.520229228929445,19,-10.262877260549791,EyesOpen,True
sub-300,EyesOpen,posterior,2,-10.590694803160872,19,-10.262877260549791,EyesOpen,True
sub-300,EyesOpen,posterior,3,-10.40723292198901,19,-10.262877260549791,EyesOpen,True
sub-300,EyesOpen,posterior,4,-10.438424260351242,19,-10.262877260549791,EyesOpen,True
sub-300,EyesOpen,posterior,5,-10.397973407387843,19,-10.262877260549791,EyesOpen,True
sub-301,EyesClosed,posterior,0,-8.698224488227176,19,-9.251856150847924,EyesClosed,True
sub-301,EyesClosed,posterior,1,-8.67872938619049,19,-9.251856150847924,EyesClosed,True
sub-301,EyesClosed,posterior,2,-9.325596619269454,19,-9.251856150847924,EyesOpen,False
sub-301,EyesClosed,posterior,3,-9.162542425511473,19,-9.251856150847924,EyesClosed,True
sub-301,EyesClosed,posterior,4,-8.806295590812324,19,-9.251856150847924,EyesClosed,True
sub-301,EyesClosed,posterior,5,-8.779978566035508,19,-9.251856150847924,EyesClosed,True
sub-301,EyesOpen,posterior,0,-9.85219268720254,19,-9.251856150847924,EyesOpen,True
sub-301,EyesOpen,posterior,1,-9.478789954012663,19,-9.251856150847924,EyesOpen,True
sub-301,EyesOpen,posterior,2,-9.178115682426393,19,-9.251856150847924,EyesClosed,False
sub-301,EyesOpen,posterior,3,-9.812242610430298,19,-9.251856150847924,EyesOpen,True
sub-301,EyesOpen,posterior,4,-9.79047086607216,19,-9.251856150847924,EyesOpen,True
sub-301,EyesOpen,posterior,5,-9.877411544958772,19,-9.251856150847924,EyesOpen,True
sub-302,EyesClosed,posterior,0,-10.508489499731988,19,-10.562153745635467,EyesClosed,True
sub-302,EyesClosed,posterior,1,-10.192670586958478,19,-10.562153745635467,EyesClosed,True
sub-302,EyesClosed,posterior,2,-10.467716894222105,19,-10.562153745635467,EyesClosed,True
sub-302,EyesClosed,posterior,3,-10.36302966126617,19,-10.562153745635467,EyesClosed,True
sub-302,EyesClosed,posterior,4,-10.28771071123281,19,-10.562153745635467,EyesClosed,True
sub-302,EyesClosed,posterior,5,-10.248929709982276,19,-10.562153745635467,EyesClosed,True
sub-302,EyesOpen,posterior,0,-10.779936632402023,19,-10.562153745635467,EyesOpen,True
sub-302,EyesOpen,posterior,1,-10.708845814689193,19,-10.562153745635467,EyesOpen,True
sub-302,EyesOpen,posterior,2,-10.665300849372386,19,-10.562153745635467,EyesOpen,True
sub-302,EyesOpen,posterior,3,-10.748489421068435,19,-10.562153745635467,EyesOpen,True
sub-302,EyesOpen,posterior,4,-10.615817991538945,19,-10.562153745635467,EyesOpen,True
sub-302,EyesOpen,posterior,5,-10.6569241130371,19,-10.562153745635467,EyesOpen,True
sub-303,EyesClosed,posterior,0,-10.374531494191645,19,-10.369308709191133,EyesOpen,False
sub-303,EyesClosed,posterior,1,-9.990146554166271,19,-10.369308709191133,EyesClosed,True
sub-303,EyesClosed,posterior,2,-10.150414298314047,19,-10.369308709191133,EyesClosed,True
sub-303,EyesClosed,posterior,3,-10.215268777545903,19,-10.369308709191133,EyesClosed,True
sub-303,EyesClosed,posterior,4,-10.093335666549306,19,-10.369308709191133,EyesClosed,True
sub-303,EyesClosed,posterior,5,-10.380493687776811,19,-10.369308709191133,EyesOpen,False
sub-303,EyesOpen,posterior,0,-10.380821818229835,19,-10.369308709191133,EyesOpen,True
sub-303,EyesOpen,posterior,1,-10.367145804050937,19,-10.369308709191133,EyesClosed,False
sub-303,EyesOpen,posterior,2,-10.407276605627926,19,-10.369308709191133,EyesOpen,True
sub-303,EyesOpen,posterior,3,-10.371471614331329,19,-10.369308709191133,EyesOpen,True
sub-303,EyesOpen,posterior,4,-10.456637762562181,19,-10.369308709191133,EyesOpen,True
sub-303,EyesOpen,posterior,5,-10.360197099478347,19,-10.369308709191133,EyesClosed,False
sub-304,EyesClosed,posterior,0,-10.562880379280173,19,-10.456334678544675,EyesOpen,False
sub-304,EyesClosed,posterior,1,-10.419263600646971,19,-10.456334678544675,EyesClosed,True
sub-304,EyesClosed,posterior,2,-10.393062755692515,19,-10.456334678544675,EyesClosed,True
sub-304,EyesClosed,posterior,3,-10.488031111346851,19,-10.456334678544675,EyesOpen,False
sub-304,EyesClosed,posterior,4,-10.458548318993456,19,-10.456334678544675,EyesOpen,False
sub-304,EyesClosed,posterior,5,-10.45746973266824,19,-10.456334678544675,EyesOpen,False
sub-304,EyesOpen,posterior,0,-10.494742534344862,19,-10.456334678544675,EyesOpen,True
sub-304,EyesOpen,posterior,1,-10.455199624421107,19,-10.456334678544675,EyesClosed,False
sub-304,EyesOpen,posterior,2,-10.441776281471034,19,-10.456334678544675,EyesClosed,False
sub-304,EyesOpen,posterior,3,-10.424450057125089,19,-10.456334678544675,EyesClosed,False
sub-304,EyesOpen,posterior,4,-10.526534297901806,19,-10.456334678544675,EyesOpen,True
sub-304,EyesOpen,posterior,5,-10.44217173551513,19,-10.456334678544675,EyesClosed,False
sub-305,EyesClosed,posterior,0,-10.096688505464764,19,-10.163289607481921,EyesClosed,True
sub-305,EyesClosed,posterior,1,-10.072306266438261,19,-10.163289607481921,EyesClosed,True
sub-305,EyesClosed,posterior,2,-9.788518960564833,19,-10.163289607481921,EyesClosed,True
sub-305,EyesClosed,posterior,3,-9.898662607391058,19,-10.163289607481921,EyesClosed,True
sub-305,EyesClosed,posterior,4,-9.96942953450783,19,-10.163289607481921,EyesClosed,True
sub-305,EyesClosed,posterior,5,-9.981391435829451,19,-10.163289607481921,EyesClosed,True
sub-305,EyesOpen,posterior,0,-10.490512307406844,19,-10.163289607481921,EyesOpen,True
sub-305,EyesOpen,posterior,1,-10.229890709499081,19,-10.163289607481921,EyesOpen,True
sub-305,EyesOpen,posterior,2,-10.4355465602521,19,-10.163289607481921,EyesOpen,True
sub-305,EyesOpen,posterior,3,-10.48953840574413,19,-10.163289607481921,EyesOpen,True
sub-305,EyesOpen,posterior,4,-10.497781512742195,19,-10.163289607481921,EyesOpen,True
sub-305,EyesOpen,posterior,5,-10.435645155459499,19,-10.163289607481921,EyesOpen,True
sub-306,EyesClosed,posterior,0,-9.990245709203581,19,-9.990245709203581,EyesOpen,False
sub-306,EyesClosed,posterior,1,-9.716566417157967,19,-9.990245709203581,EyesClosed,True
sub-306,EyesClosed,posterior,2,-9.85720454643634,19,-9.990245709203581,EyesClosed,True
sub-306,EyesClosed,posterior,3,-9.945266864993973,19,-9.990245709203581,EyesClosed,True
sub-306,EyesClosed,posterior,4,-9.960857521691318,19,-9.990245709203581,EyesClosed,True
sub-306,EyesClosed,posterior,5,-9.907413272276568,19,-9.990245709203581,EyesClosed,True
sub-306,EyesClosed,posterior,6,-9.90511485699102,19,-9.990245709203581,EyesClosed,True
sub-306,EyesOpen,posterior,0,-10.606993917726571,19,-9.990245709203581,EyesOpen,True
sub-306,EyesOpen,posterior,1,-10.578856863981962,19,-9.990245709203581,EyesOpen,True
sub-306,EyesOpen,posterior,2,-10.62836873187403,19,-9.990245709203581,EyesOpen,True
sub-306,EyesOpen,posterior,3,-10.646989147428965,19,-9.990245709203581,EyesOpen,True
sub-306,EyesOpen,posterior,4,-10.6095242965892,19,-9.990245709203581,EyesOpen,True
sub-306,EyesOpen,posterior,5,-10.645996771596682,19,-9.990245709203581,EyesOpen,True
sub-307,EyesClosed,posterior,0,-8.511425878424594,19,-8.85368114239597,EyesClosed,True
sub-307,EyesClosed,posterior,1,-8.51069203656699,19,-8.85368114239597,EyesClosed,True
sub-307,EyesClosed,posterior,2,-8.86622977762048,19,-8.85368114239597,EyesOpen,False
sub-307,EyesClosed,posterior,3,-8.777794008365744,19,-8.85368114239597,EyesClosed,True
sub-307,EyesClosed,posterior,4,-8.861473771509456,19,-8.85368114239597,EyesOpen,False
sub-307,EyesClosed,posterior,5,-8.805816869244246,19,-8.85368114239597,EyesClosed,True
sub-307,EyesOpen,posterior,0,-9.076099269368955,19,-8.85368114239597,EyesOpen,True
sub-307,EyesOpen,posterior,1,-8.920382203829483,19,-8.85368114239597,EyesOpen,True
sub-307,EyesOpen,posterior,2,-8.845888513282484,19,-8.85368114239597,EyesClosed,False
sub-307,EyesOpen,posterior,3,-8.829835994316316,19,-8.85368114239597,EyesClosed,False
sub-307,EyesOpen,posterior,4,-8.999390891025927,19,-8.85368114239597,EyesOpen,True
sub-307,EyesOpen,posterior,5,-8.875720170551011,19,-8.85368114239597,EyesOpen,True
sub-308,EyesClosed,posterior,0,-9.235118382644451,19,-9.216892661459102,EyesOpen,False
sub-308,EyesClosed,posterior,1,-8.920101441391607,19,-9.216892661459102,EyesClosed,True
sub-308,EyesClosed,posterior,2,-8.900638926574452,19,-9.216892661459102,EyesClosed,True
sub-308,EyesClosed,posterior,3,-9.216892661459102,19,-9.216892661459102,EyesOpen,False
sub-308,EyesClosed,posterior,4,-8.968279222199637,19,-9.216892661459102,EyesClosed,True
sub-308,EyesClosed,posterior,5,-8.915297263594564,19,-9.216892661459102,EyesClosed,True
sub-308,EyesOpen,posterior,0,-9.539564292676646,19,-9.216892661459102,EyesOpen,True
sub-308,EyesOpen,posterior,1,-9.406286826474412,19,-9.216892661459102,EyesOpen,True
sub-308,EyesOpen,posterior,2,-9.433995570732634,19,-9.216892661459102,EyesOpen,True
sub-308,EyesOpen,posterior,3,-9.180967155696122,19,-9.216892661459102,EyesClosed,False
sub-308,EyesOpen,posterior,4,-9.57650134053757,19,-9.216892661459102,EyesOpen,True
sub-308,EyesOpen,posterior,5,-9.164051193265403,19,-9.216892661459102,EyesClosed,False
sub-308,EyesOpen,posterior,6,-9.237202819329353,19,-9.216892661459102,EyesOpen,True
sub-309,EyesClosed,posterior,0,-10.850532386604554,19,-10.844306526041226,EyesOpen,False
sub-309,EyesClosed,posterior,1,-10.769456287894275,19,-10.844306526041226,EyesClosed,True
sub-309,EyesClosed,posterior,2,-10.983464941707739,19,-10.844306526041226,EyesOpen,False
sub-309,EyesClosed,posterior,3,-10.838080665477897,19,-10.844306526041226,EyesClosed,True
sub-309,EyesClosed,posterior,4,-10.68122390477304,19,-10.844306526041226,EyesClosed,True
sub-309,EyesClosed,posterior,5,-10.565163805966488,19,-10.844306526041226,EyesClosed,True
sub-309,EyesOpen,posterior,0,-10.863334246976368,19,-10.844306526041226,EyesOpen,True
sub-309,EyesOpen,posterior,1,-10.911713599308067,19,-10.844306526041226,EyesOpen,True
sub-309,EyesOpen,posterior,2,-10.815969035676654,19,-10.844306526041226,EyesClosed,False
sub-309,EyesOpen,posterior,3,-10.914897763018233,19,-10.844306526041226,EyesOpen,True
sub-309,EyesOpen,posterior,4,-10.781400382196011,19,-10.844306526041226,EyesClosed,False
sub-309,EyesOpen,posterior,5,-11.013475833208553,19,-10.844306526041226,EyesOpen,True
sub-310,EyesClosed,posterior,0,-8.980158453541247,19,-9.260267181519035,EyesClosed,True
sub-310,EyesClosed,posterior,1,-9.038364215108105,19,-9.260267181519035,EyesClosed,True
sub-310,EyesClosed,posterior,2,-9.053948871769933,19,-9.260267181519035,EyesClosed,True
sub-310,EyesClosed,posterior,3,-9.046130746348943,19,-9.260267181519035,EyesClosed,True
sub-310,EyesClosed,posterior,4,-9.047702869636534,19,-9.260267181519035,EyesClosed,True
sub-310,EyesClosed,posterior,5,-9.065159242632705,19,-9.260267181519035,EyesClosed,True
sub-310,EyesOpen,posterior,0,-9.88685720001592,19,-9.260267181519035,EyesOpen,True
sub-310,EyesOpen,posterior,1,-10.102896617416395,19,-9.260267181519035,EyesOpen,True
sub-310,EyesOpen,posterior,2,-9.455375120405366,19,-9.260267181519035,EyesOpen,True
sub-310,EyesOpen,posterior,3,-9.524204655683313,19,-9.260267181519035,EyesOpen,True
sub-310,EyesOpen,posterior,4,-9.782943609713515,19,-9.260267181519035,EyesOpen,True
sub-310,EyesOpen,posterior,5,-9.895921604960968,19,-9.260267181519035,EyesOpen,True
sub-311,EyesClosed,posterior,0,-10.435206869701611,19,-10.325971043871428,EyesOpen,False
sub-311,EyesClosed,posterior,1,-10.29736057299586,19,-10.325971043871428,EyesClosed,True
sub-311,EyesClosed,posterior,2,-10.519237787270097,19,-10.325971043871428,EyesOpen,False
sub-311,EyesClosed,posterior,3,-10.493807750939887,19,-10.325971043871428,EyesOpen,False
sub-311,EyesClosed,posterior,4,-10.431457970947802,19,-10.325971043871428,EyesOpen,False
sub-311,EyesClosed,posterior,5,-10.354581514746997,19,-10.325971043871428,EyesOpen,False
sub-311,EyesOpen,posterior,0,-10.08314863983355,19,-10.325971043871428,EyesClosed,False
sub-311,EyesOpen,posterior,1,-10.185447260143926,19,-10.325971043871428,EyesClosed,False
sub-311,EyesOpen,posterior,2,-10.177354064690947,19,-10.325971043871428,EyesClosed,False
sub-311,EyesOpen,posterior,3,-10.213598143886658,19,-10.325971043871428,EyesClosed,False
sub-311,EyesOpen,posterior,4,-10.383971525069477,19,-10.325971043871428,EyesOpen,True
sub-311,EyesOpen,posterior,5,-10.264514278683297,19,-10.325971043871428,EyesClosed,False
sub-312,EyesClosed,posterior,0,-9.012128604517477,19,-9.434963244829635,EyesClosed,True
sub-312,EyesClosed,posterior,1,-9.147368969460398,19,-9.434963244829635,EyesClosed,True
sub-312,EyesClosed,posterior,2,-9.177157190718704,19,-9.434963244829635,EyesClosed,True
sub-312,EyesClosed,posterior,3,-8.954650429609654,19,-9.434963244829635,EyesClosed,True
sub-312,EyesClosed,posterior,4,-9.025614984128469,19,-9.434963244829635,EyesClosed,True
sub-312,EyesClosed,posterior,5,-9.08894271846302,19,-9.434963244829635,EyesClosed,True
sub-312,EyesOpen,posterior,0,-9.937876666115338,19,-9.434963244829635,EyesOpen,True
sub-312,EyesOpen,posterior,1,-9.692769298940567,19,-9.434963244829635,EyesOpen,True
sub-312,EyesOpen,posterior,2,-9.871067553283162,19,-9.434963244829635,EyesOpen,True
sub-312,EyesOpen,posterior,3,-9.693799934647375,19,-9.434963244829635,EyesOpen,True
sub-312,EyesOpen,posterior,4,-9.81342690052798,19,-9.434963244829635,EyesOpen,True
sub-312,EyesOpen,posterior,5,-9.784589916537987,19,-9.434963244829635,EyesOpen,True
sub-313,EyesClosed,posterior,0,-10.13993544819423,19,-10.314658307543375,EyesClosed,True
sub-313,EyesClosed,posterior,1,-10.320031207499932,19,-10.314658307543375,EyesOpen,False
sub-313,EyesClosed,posterior,2,-10.338615319228584,19,-10.314658307543375,EyesOpen,False
sub-313,EyesClosed,posterior,3,-10.37896137685569,19,-10.314658307543375,EyesOpen,False
sub-313,EyesClosed,posterior,4,-10.401773482271446,19,-10.314658307543375,EyesOpen,False
sub-313,EyesClosed,posterior,5,-10.301859761138651,19,-10.314658307543375,EyesClosed,True
sub-313,EyesOpen,posterior,0,-10.33308143651154,19,-10.314658307543375,EyesOpen,True
sub-313,EyesOpen,posterior,1,-10.324626858344514,19,-10.314658307543375,EyesOpen,True
sub-313,EyesOpen,posterior,2,-10.295957585233728,19,-10.314658307543375,EyesClosed,False
sub-313,EyesOpen,posterior,3,-10.309285407586817,19,-10.314658307543375,EyesClosed,False
sub-313,EyesOpen,posterior,4,-10.126366611365658,19,-10.314658307543375,EyesClosed,False
sub-313,EyesOpen,posterior,5,-10.196253888435303,19,-10.314658307543375,EyesClosed,False
sub-314,EyesClosed,posterior,0,-9.400911122574511,19,-9.946728275166002,EyesClosed,True
sub-314,EyesClosed,posterior,1,-9.880279823383816,19,-9.946728275166002,EyesClosed,True
sub-314,EyesClosed,posterior,2,-9.918579657843834,19,-9.946728275166002,EyesClosed,True
sub-314,EyesClosed,posterior,3,-9.877822926912993,19,-9.946728275166002,EyesClosed,True
sub-314,EyesClosed,posterior,4,-9.809844585071664,19,-9.946728275166002,EyesClosed,True
sub-314,EyesClosed,posterior,5,-9.90493786252461,19,-9.946728275166002,EyesClosed,True
sub-314,EyesOpen,posterior,0,-10.247542337666152,19,-9.946728275166002,EyesOpen,True
sub-314,EyesOpen,posterior,1,-10.368444824654645,19,-9.946728275166002,EyesOpen,True
sub-314,EyesOpen,posterior,2,-10.204416760571732,19,-9.946728275166002,EyesOpen,True
sub-314,EyesOpen,posterior,3,-10.413514771985662,19,-9.946728275166002,EyesOpen,True
sub-314,EyesOpen,posterior,4,-9.974876892488172,19,-9.946728275166002,EyesOpen,True
sub-314,EyesOpen,posterior,5,-10.053906248551707,19,-9.946728275166002,EyesOpen,True
sub-315,EyesClosed,posterior,0,-8.814804472800134,19,-9.115432409295156,EyesClosed,True
sub-315,EyesClosed,posterior,1,-8.755194979140022,19,-9.115432409295156,EyesClosed,True
sub-315,EyesClosed,posterior,2,-8.818529306325402,19,-9.115432409295156,EyesClosed,True
sub-315,EyesClosed,posterior,3,-8.722533926997087,19,-9.115432409295156,EyesClosed,True
sub-315,EyesClosed,posterior,4,-8.830317611545954,19,-9.115432409295156,EyesClosed,True
sub-315,EyesClosed,posterior,5,-8.756745912709073,19,-9.115432409295156,EyesClosed,True
sub-315,EyesOpen,posterior,0,-9.746929271794803,19,-9.115432409295156,EyesOpen,True
sub-315,EyesOpen,posterior,1,-9.624113266723022,19,-9.115432409295156,EyesOpen,True
sub-315,EyesOpen,posterior,2,-9.827605939633724,19,-9.115432409295156,EyesOpen,True
sub-315,EyesOpen,posterior,3,-9.658916386415822,19,-9.115432409295156,EyesOpen,True
sub-315,EyesOpen,posterior,4,-9.521035595689108,19,-9.115432409295156,EyesOpen,True
sub-315,EyesOpen,posterior,5,-9.400547207044356,19,-9.115432409295156,EyesOpen,True
sub-316,EyesClosed,posterior,0,-10.55515254307965,19,-10.533050925733237,EyesOpen,False
sub-316,EyesClosed,posterior,1,-10.267082359763121,19,-10.533050925733237,EyesClosed,True
sub-316,EyesClosed,posterior,2,-10.529964915392412,19,-10.533050925733237,EyesClosed,True
sub-316,EyesClosed,posterior,3,-10.505610781159398,19,-10.533050925733237,EyesClosed,True
sub-316,EyesClosed,posterior,4,-10.3599988305108,19,-10.533050925733237,EyesClosed,True
sub-316,EyesClosed,posterior,5,-10.435414966844084,19,-10.533050925733237,EyesClosed,True
sub-316,EyesOpen,posterior,0,-10.614877153931984,19,-10.533050925733237,EyesOpen,True
sub-316,EyesOpen,posterior,1,-10.44171284060203,19,-10.533050925733237,EyesClosed,False
sub-316,EyesOpen,posterior,2,-10.536136936074062,19,-10.533050925733237,EyesOpen,True
sub-316,EyesOpen,posterior,3,-10.583751359335881,19,-10.533050925733237,EyesOpen,True
sub-316,EyesOpen,posterior,4,-10.59231745354624,19,-10.533050925733237,EyesOpen,True
sub-316,EyesOpen,posterior,5,-10.56082375087107,19,-10.533050925733237,EyesOpen,True
sub-317,EyesClosed,posterior,0,-9.544781362288523,19,-9.656935894632056,EyesClosed,True
sub-317,EyesClosed,posterior,1,-9.118723319502434,19,-9.656935894632056,EyesClosed,True
sub-317,EyesClosed,posterior,2,-9.112709516647737,19,-9.656935894632056,EyesClosed,True
sub-317,EyesClosed,posterior,3,-9.192032783259371,19,-9.656935894632056,EyesClosed,True
sub-317,EyesClosed,posterior,4,-9.156336219567343,19,-9.656935894632056,EyesClosed,True
sub-317,EyesClosed,posterior,5,-9.113430058535682,19,-9.656935894632056,EyesClosed,True
sub-317,EyesOpen,posterior,0,-9.850004198183534,19,-9.656935894632056,EyesOpen,True
sub-317,EyesOpen,posterior,1,-9.946923190982188,19,-9.656935894632056,EyesOpen,True
sub-317,EyesOpen,posterior,2,-9.769090426975588,19,-9.656935894632056,EyesOpen,True
sub-317,EyesOpen,posterior,3,-10.16609113055782,19,-9.656935894632056,EyesOpen,True
sub-317,EyesOpen,posterior,4,-10.117799826024571,19,-9.656935894632056,EyesOpen,True
sub-317,EyesOpen,posterior,5,-9.961448865926327,19,-9.656935894632056,EyesOpen,True
sub-318,EyesClosed,posterior,0,-9.85313329301653,19,-9.811849721077659,EyesOpen,False
sub-318,EyesClosed,posterior,1,-9.478589830715732,19,-9.811849721077659,EyesClosed,True
sub-318,EyesClosed,posterior,2,-9.481971980613848,19,-9.811849721077659,EyesClosed,True
sub-318,EyesClosed,posterior,3,-9.553119915382783,19,-9.811849721077659,EyesClosed,True
sub-318,EyesClosed,posterior,4,-9.385177265551938,19,-9.811849721077659,EyesClosed,True
sub-318,EyesClosed,posterior,5,-9.37656671713682,19,-9.811849721077659,EyesClosed,True
sub-318,EyesOpen,posterior,0,-10.207694840765882,19,-9.811849721077659,EyesOpen,True
sub-318,EyesOpen,posterior,1,-10.039549306837259,19,-9.811849721077659,EyesOpen,True
sub-318,EyesOpen,posterior,2,-9.770566149138787,19,-9.811849721077659,EyesClosed,False
sub-318,EyesOpen,posterior,3,-9.902972786918577,19,-9.811849721077659,EyesOpen,True
sub-318,EyesOpen,posterior,4,-9.973599405414303,19,-9.811849721077659,EyesOpen,True
sub-318,EyesOpen,posterior,5,-9.991614535205894,19,-9.811849721077659,EyesOpen,True
sub-319,EyesClosed,posterior,0,-6.7811636050425985,19,-9.054014413599912,EyesClosed,True
sub-319,EyesClosed,posterior,1,-9.964395101210757,19,-9.054014413599912,EyesOpen,False
sub-319,EyesClosed,posterior,2,-9.657715799430049,19,-9.054014413599912,EyesOpen,False
sub-319,EyesClosed,posterior,3,-9.738670259969266,19,-9.054014413599912,EyesOpen,False
sub-319,EyesClosed,posterior,4,-9.674796749478583,19,-9.054014413599912,EyesOpen,False
sub-319,EyesClosed,posterior,5,-9.479942066917445,19,-9.054014413599912,EyesOpen,False
sub-319,EyesOpen,posterior,0,-9.369280583166729,19,-9.054014413599912,EyesOpen,True
sub-319,EyesOpen,posterior,1,-8.667157369519675,19,-9.054014413599912,EyesClosed,False
sub-319,EyesOpen,posterior,2,-8.738748244033093,19,-9.054014413599912,EyesClosed,False
sub-319,EyesOpen,posterior,3,-7.612370442143856,19,-9.054014413599912,EyesClosed,False
sub-319,EyesOpen,posterior,4,-8.185203450791057,19,-9.054014413599912,EyesClosed,False
sub-319,EyesOpen,posterior,5,-7.977424040953302,19,-9.054014413599912,EyesClosed,False
sub-320,EyesClosed,posterior,0,-10.199488494392273,19,-10.540352247938099,EyesClosed,True
sub-320,EyesClosed,posterior,1,-10.414354539668933,19,-10.540352247938099,EyesClosed,True
sub-320,EyesClosed,posterior,2,-10.449472442887268,19,-10.540352247938099,EyesClosed,True
sub-320,EyesClosed,posterior,3,-10.551399928711424,19,-10.540352247938099,EyesOpen,False
sub-320,EyesClosed,posterior,4,-10.484919804474966,19,-10.540352247938099,EyesClosed,True
sub-320,EyesClosed,posterior,5,-10.541072045085482,19,-10.540352247938099,EyesOpen,False
sub-320,EyesOpen,posterior,0,-10.539632450790714,19,-10.540352247938099,EyesClosed,False
sub-320,EyesOpen,posterior,1,-10.564938057678754,19,-10.540352247938099,EyesOpen,True
sub-320,EyesOpen,posterior,2,-10.624234856513839,19,-10.540352247938099,EyesOpen,True
sub-320,EyesOpen,posterior,3,-10.635521899962416,19,-10.540352247938099,EyesOpen,True
sub-320,EyesOpen,posterior,4,-10.59073873825048,19,-10.540352247938099,EyesOpen,True
sub-320,EyesOpen,posterior,5,-10.492431983457212,19,-10.540352247938099,EyesClosed,False
sub-321,EyesClosed,posterior,0,-8.539363796373316,19,-8.955060075192232,EyesClosed,True
sub-321,EyesClosed,posterior,1,-8.500427180484294,19,-8.955060075192232,EyesClosed,True
sub-321,EyesClosed,posterior,2,-8.44722591777739,19,-8.955060075192232,EyesClosed,True
sub-321,EyesClosed,posterior,3,-8.623535204652383,19,-8.955060075192232,EyesClosed,True
sub-321,EyesClosed,posterior,4,-8.730895829628038,19,-8.955060075192232,EyesClosed,True
sub-321,EyesClosed,posterior,5,-8.612156814727012,19,-8.955060075192232,EyesClosed,True
sub-321,EyesOpen,posterior,0,-9.364514659645003,19,-8.955060075192232,EyesOpen,True
sub-321,EyesOpen,posterior,1,-9.283351402516198,19,-8.955060075192232,EyesOpen,True
sub-321,EyesOpen,posterior,2,-9.286144883720608,19,-8.955060075192232,EyesOpen,True
sub-321,EyesOpen,posterior,3,-9.413143498021615,19,-8.955060075192232,EyesOpen,True
sub-321,EyesOpen,posterior,4,-9.431122530670423,19,-8.955060075192232,EyesOpen,True
sub-321,EyesOpen,posterior,5,-9.179224320756427,19,-8.955060075192232,EyesOpen,True
sub-322,EyesClosed,posterior,0,-9.368552919528543,19,-9.368552919528543,EyesOpen,False
sub-322,EyesClosed,posterior,1,-9.264079047855242,19,-9.368552919528543,EyesClosed,True
sub-322,EyesClosed,posterior,2,-9.290415729036683,19,-9.368552919528543,EyesClosed,True
sub-322,EyesClosed,posterior,3,-9.227122875296901,19,-9.368552919528543,EyesClosed,True
sub-322,EyesClosed,posterior,4,-9.297000236481093,19,-9.368552919528543,EyesClosed,True
sub-322,EyesClosed,posterior,5,-9.226334359572062,19,-9.368552919528543,EyesClosed,True
sub-322,EyesOpen,posterior,0,-10.14067962153203,19,-9.368552919528543,EyesOpen,True
sub-322,EyesOpen,posterior,1,-10.113911417943772,19,-9.368552919528543,EyesOpen,True
sub-322,EyesOpen,posterior,2,-10.062942333068644,19,-9.368552919528543,EyesOpen,True
sub-322,EyesOpen,posterior,3,-7.296160666940823,19,-9.368552919528543,EyesClosed,False
sub-322,EyesOpen,posterior,4,-10.166642884716376,19,-9.368552919528543,EyesOpen,True
sub-322,EyesOpen,posterior,5,-10.155448753486315,19,-9.368552919528543,EyesOpen,True
sub-322,EyesOpen,posterior,6,-9.966813343218112,19,-9.368552919528543,EyesOpen,True
sub-323,EyesClosed,posterior,0,-10.759212487418102,19,-10.588434534309503,EyesOpen,False
sub-323,EyesClosed,posterior,1,-10.630926704944384,19,-10.588434534309503,EyesOpen,False
sub-323,EyesClosed,posterior,2,-10.700414756907552,19,-10.588434534309503,EyesOpen,False
sub-323,EyesClosed,posterior,3,-10.776809720518527,19,-10.588434534309503,EyesOpen,False
sub-323,EyesClosed,posterior,4,-10.724421911619833,19,-10.588434534309503,EyesOpen,False
sub-323,EyesClosed,posterior,5,-10.798739472551581,19,-10.588434534309503,EyesOpen,False
sub-323,EyesOpen,posterior,0,-10.356425355569007,19,-10.588434534309503,EyesClosed,False
sub-323,EyesOpen,posterior,1,-10.371850935736912,19,-10.588434534309503,EyesClosed,False
sub-323,EyesOpen,posterior,2,-10.433766746944132,19,-10.588434534309503,EyesClosed,False
sub-323,EyesOpen,posterior,3,-10.489568452168337,19,-10.588434534309503,EyesClosed,False
sub-323,EyesOpen,posterior,4,-10.545942363674623,19,-10.588434534309503,EyesClosed,False
sub-323,EyesOpen,posterior,5,-10.465678004482916,19,-10.588434534309503,EyesClosed,False
sub-324,EyesClosed,posterior,0,-10.115423364155777,19,-10.488098438776332,EyesClosed,True
sub-324,EyesClosed,posterior,1,-9.961403892263675,19,-10.488098438776332,EyesClosed,True
sub-324,EyesClosed,posterior,2,-9.903424228984745,19,-10.488098438776332,EyesClosed,True
sub-324,EyesClosed,posterior,3,-10.216018206333917,19,-10.488098438776332,EyesClosed,True
sub-324,EyesClosed,posterior,4,-10.047435711955115,19,-10.488098438776332,EyesClosed,True
sub-324,EyesClosed,posterior,5,-10.385804848154688,19,-10.488098438776332,EyesClosed,True
sub-324,EyesOpen,posterior,0,-10.590392029397975,19,-10.488098438776332,EyesOpen,True
sub-324,EyesOpen,posterior,1,-10.676295310257037,19,-10.488098438776332,EyesOpen,True
sub-324,EyesOpen,posterior,2,-10.7205064897166,19,-10.488098438776332,EyesOpen,True
sub-324,EyesOpen,posterior,3,-10.738249964936847,19,-10.488098438776332,EyesOpen,True
sub-324,EyesOpen,posterior,4,-10.756437668353739,19,-10.488098438776332,EyesOpen,True
sub-324,EyesOpen,posterior,5,-10.754542355903922,19,-10.488098438776332,EyesOpen,True
sub-325,EyesClosed,posterior,0,-9.223806543095545,19,-9.701795119853436,EyesClosed,True
sub-325,EyesClosed,posterior,1,-9.257694378103203,19,-9.701795119853436,EyesClosed,True
sub-325,EyesClosed,posterior,2,-9.304091313789934,19,-9.701795119853436,EyesClosed,True
sub-325,EyesClosed,posterior,3,-9.477510274985752,19,-9.701795119853436,EyesClosed,True
sub-325,EyesClosed,posterior,4,-9.333735351433013,19,-9.701795119853436,EyesClosed,True
sub-325,EyesClosed,posterior,5,-9.476172834781206,19,-9.701795119853436,EyesClosed,True
sub-325,EyesOpen,posterior,0,-9.92607996472112,19,-9.701795119853436,EyesOpen,True
sub-325,EyesOpen,posterior,1,-10.094207958934849,19,-9.701795119853436,EyesOpen,True
sub-325,EyesOpen,posterior,2,-10.10310915129463,19,-9.701795119853436,EyesOpen,True
sub-325,EyesOpen,posterior,3,-10.036879884723572,19,-9.701795119853436,EyesOpen,True
sub-325,EyesOpen,posterior,4,-10.015535796023444,19,-9.701795119853436,EyesOpen,True
sub-325,EyesOpen,posterior,5,-9.975203653088405,19,-9.701795119853436,EyesOpen,True
sub-326,EyesClosed,posterior,0,-8.887636698872608,19,-9.174985642905945,EyesClosed,True
sub-326,EyesClosed,posterior,1,-8.632956400828443,19,-9.174985642905945,EyesClosed,True
sub-326,EyesClosed,posterior,2,-8.696458650308987,19,-9.174985642905945,EyesClosed,True
sub-326,EyesClosed,posterior,3,-8.797203677596377,19,-9.174985642905945,EyesClosed,True
sub-326,EyesClosed,posterior,4,-8.755294880067936,19,-9.174985642905945,EyesClosed,True
sub-326,EyesClosed,posterior,5,-8.80728762901737,19,-9.174985642905945,EyesClosed,True
sub-326,EyesOpen,posterior,0,-9.766908016843892,19,-9.174985642905945,EyesOpen,True
sub-326,EyesOpen,posterior,1,-9.635108702252275,19,-9.174985642905945,EyesOpen,True
sub-326,EyesOpen,posterior,2,-9.462334586939281,19,-9.174985642905945,EyesOpen,True
sub-326,EyesOpen,posterior,3,-9.578041637348786,19,-9.174985642905945,EyesOpen,True
sub-326,EyesOpen,posterior,4,-9.503823314168772,19,-9.174985642905945,EyesOpen,True
sub-326,EyesOpen,posterior,5,-9.576154990952531,19,-9.174985642905945,EyesOpen,True
sub-327,EyesClosed,posterior,0,-8.966443806323767,19,-9.173938520969207,EyesClosed,True
sub-327,EyesClosed,posterior,1,-8.887760665088573,19,-9.173938520969207,EyesClosed,True
sub-327,EyesClosed,posterior,2,-8.981270303119866,19,-9.173938520969207,EyesClosed,True
sub-327,EyesClosed,posterior,3,-8.928198509807697,19,-9.173938520969207,EyesClosed,True
sub-327,EyesClosed,posterior,4,-8.902264589232262,19,-9.173938520969207,EyesClosed,True
sub-327,EyesClosed,posterior,5,-8.905797174122139,19,-9.173938520969207,EyesClosed,True
sub-327,EyesOpen,posterior,0,-9.419168834412671,19,-9.173938520969207,EyesOpen,True
sub-327,EyesOpen,posterior,1,-9.487193666793564,19,-9.173938520969207,EyesOpen,True
sub-327,EyesOpen,posterior,2,-9.366606738818549,19,-9.173938520969207,EyesOpen,True
sub-327,EyesOpen,posterior,3,-9.825722929011517,19,-9.173938520969207,EyesOpen,True
sub-327,EyesOpen,posterior,4,-9.710722490487665,19,-9.173938520969207,EyesOpen,True
sub-327,EyesOpen,posterior,5,-9.851260061607633,19,-9.173938520969207,EyesOpen,True
sub-328,EyesClosed,posterior,0,-9.6349534161106,19,-10.10615797538453,EyesClosed,True
sub-328,EyesClosed,posterior,1,-9.827200596539807,19,-10.10615797538453,EyesClosed,True
sub-328,EyesClosed,posterior,2,-9.735970769235154,19,-10.10615797538453,EyesClosed,True
sub-328,EyesClosed,posterior,3,-9.99351966384364,19,-10.10615797538453,EyesClosed,True
sub-328,EyesClosed,posterior,4,-9.87827419744097,19,-10.10615797538453,EyesClosed,True
sub-328,EyesClosed,posterior,5,-9.870416035938028,19,-10.10615797538453,EyesClosed,True
sub-328,EyesOpen,posterior,0,-10.500511375899311,19,-10.10615797538453,EyesOpen,True
sub-328,EyesOpen,posterior,1,-10.343831992468335,19,-10.10615797538453,EyesOpen,True
sub-328,EyesOpen,posterior,2,-10.224728781267695,19,-10.10615797538453,EyesOpen,True
sub-328,EyesOpen,posterior,3,-10.307318298493575,19,-10.10615797538453,EyesOpen,True
sub-328,EyesOpen,posterior,4,-10.21879628692542,19,-10.10615797538453,EyesOpen,True
sub-328,EyesOpen,posterior,5,-10.297838532166866,19,-10.10615797538453,EyesOpen,True
sub-329,EyesClosed,posterior,0,-9.555434876752733,19,-9.883959935237625,EyesClosed,True
sub-329,EyesClosed,posterior,1,-9.625819630572057,19,-9.883959935237625,EyesClosed,True
sub-329,EyesClosed,posterior,2,-9.612282035831676,19,-9.883959935237625,EyesClosed,True
sub-329,EyesClosed,posterior,3,-9.675689338232996,19,-9.883959935237625,EyesClosed,True
sub-329,EyesClosed,posterior,4,-9.555722042137125,19,-9.883959935237625,EyesClosed,True
sub-329,EyesClosed,posterior,5,-9.68682682444657,19,-9.883959935237625,EyesClosed,True
sub-329,EyesOpen,posterior,0,-10.497666646833393,19,-9.883959935237625,EyesOpen,True
sub-329,EyesOpen,posterior,1,-10.32775609155257,19,-9.883959935237625,EyesOpen,True
sub-329,EyesOpen,posterior,2,-10.329691712752776,19,-9.883959935237625,EyesOpen,True
sub-329,EyesOpen,posterior,3,-10.379351322890866,19,-9.883959935237625,EyesOpen,True
sub-329,EyesOpen,posterior,4,-10.08109304602868,19,-9.883959935237625,EyesOpen,True
sub-329,EyesOpen,posterior,5,-10.311698518229642,19,-9.883959935237625,EyesOpen,True
sub-330,EyesClosed,posterior,0,-8.669288012605282,19,-8.669288012605282,EyesOpen,False
sub-330,EyesClosed,posterior,1,-8.662704308639315,19,-8.669288012605282,EyesClosed,True
sub-330,EyesClosed,posterior,2,-8.667899148072369,19,-8.669288012605282,EyesClosed,True
sub-330,EyesClosed,posterior,3,-8.599972143999217,19,-8.669288012605282,EyesClosed,True
sub-330,EyesClosed,posterior,4,-8.595452594365621,19,-8.669288012605282,EyesClosed,True
sub-330,EyesClosed,posterior,5,-8.623077939690297,19,-8.669288012605282,EyesClosed,True
sub-330,EyesClosed,posterior,6,-8.661882363057831,19,-8.669288012605282,EyesClosed,True
sub-330,EyesOpen,posterior,0,-10.130362403281312,19,-8.669288012605282,EyesOpen,True
sub-330,EyesOpen,posterior,1,-10.154648017945862,19,-8.669288012605282,EyesOpen,True
sub-330,EyesOpen,posterior,2,-10.0577624665378,19,-8.669288012605282,EyesOpen,True
sub-330,EyesOpen,posterior,3,-10.013307986053379,19,-8.669288012605282,EyesOpen,True
sub-330,EyesOpen,posterior,4,-9.230577984550115,19,-8.669288012605282,EyesOpen,True
sub-330,EyesOpen,posterior,5,-9.543252977731145,19,-8.669288012605282,EyesOpen,True
sub-331,EyesClosed,posterior,0,-10.098708515037096,19,-9.885598872336256,EyesOpen,False
sub-331,EyesClosed,posterior,1,-9.901734072778229,19,-9.885598872336256,EyesOpen,False
sub-331,EyesClosed,posterior,2,-9.5465462681388,19,-9.885598872336256,EyesClosed,True
sub-331,EyesClosed,posterior,3,-9.552239477622303,19,-9.885598872336256,EyesClosed,True
sub-331,EyesClosed,posterior,4,-9.325542167530257,19,-9.885598872336256,EyesClosed,True
sub-331,EyesClosed,posterior,5,-9.455531735900047,19,-9.885598872336256,EyesClosed,True
sub-331,EyesOpen,posterior,0,-10.17167050340985,19,-9.885598872336256,EyesOpen,True
sub-331,EyesOpen,posterior,1,-9.963769140546596,19,-9.885598872336256,EyesOpen,True
sub-331,EyesOpen,posterior,2,-9.869463671894282,19,-9.885598872336256,EyesClosed,False
sub-331,EyesOpen,posterior,3,-9.783256744453187,19,-9.885598872336256,EyesClosed,False
sub-331,EyesOpen,posterior,4,-9.915280768376569,19,-9.885598872336256,EyesOpen,True
sub-331,EyesOpen,posterior,5,-9.941983452332256,19,-9.885598872336256,EyesOpen,True
sub-332,EyesClosed,posterior,0,-8.559846481193999,19,-8.991637997809073,EyesClosed,True
sub-332,EyesClosed,posterior,1,-8.703566796646676,19,-8.991637997809073,EyesClosed,True
sub-332,EyesClosed,posterior,2,-8.793631236440834,19,-8.991637997809073,EyesClosed,True
sub-332,EyesClosed,posterior,3,-8.786302780128599,19,-8.991637997809073,EyesClosed,True
sub-332,EyesClosed,posterior,4,-8.766850025665041,19,-8.991637997809073,EyesClosed,True
sub-332,EyesClosed,posterior,5,-8.856106038847313,19,-8.991637997809073,EyesClosed,True
sub-332,EyesOpen,posterior,0,-9.471063923456816,19,-8.991637997809073,EyesOpen,True
sub-332,EyesOpen,posterior,1,-9.533093726019096,19,-8.991637997809073,EyesOpen,True
sub-332,EyesOpen,posterior,2,-9.498694026489034,19,-8.991637997809073,EyesOpen,True
sub-332,EyesOpen,posterior,3,-9.396500261347398,19,-8.991637997809073,EyesOpen,True
sub-332,EyesOpen,posterior,4,-9.37755011009481,19,-8.991637997809073,EyesOpen,True
sub-332,EyesOpen,posterior,5,-9.127169956770834,19,-8.991637997809073,EyesOpen,True
sub-333,EyesClosed,posterior,0,-10.222977404957115,19,-10.318395713162218,EyesClosed,True
sub-333,EyesClosed,posterior,1,-9.898525951360233,19,-10.318395713162218,EyesClosed,True
sub-333,EyesClosed,posterior,2,-10.009540471127359,19,-10.318395713162218,EyesClosed,True
sub-333,EyesClosed,posterior,3,-10.076740325696173,19,-10.318395713162218,EyesClosed,True
sub-333,EyesClosed,posterior,4,-10.091481140353064,19,-10.318395713162218,EyesClosed,True
sub-333,EyesClosed,posterior,5,-9.987443200939206,19,-10.318395713162218,EyesClosed,True
sub-333,EyesOpen,posterior,0,-10.591338970135045,19,-10.318395713162218,EyesOpen,True
sub-333,EyesOpen,posterior,1,-10.644741263778144,19,-10.318395713162218,EyesOpen,True
sub-333,EyesOpen,posterior,2,-10.512420722696916,19,-10.318395713162218,EyesOpen,True
sub-333,EyesOpen,posterior,3,-10.511583002854215,19,-10.318395713162218,EyesOpen,True
sub-333,EyesOpen,posterior,4,-10.59580262174029,19,-10.318395713162218,EyesOpen,True
sub-333,EyesOpen,posterior,5,-10.413814021367319,19,-10.318395713162218,EyesOpen,True
sub-334,EyesClosed,posterior,0,-9.775108740527623,19,-10.017779123318924,EyesClosed,True
sub-334,EyesClosed,posterior,1,-9.547269927239812,19,-10.017779123318924,EyesClosed,True
sub-334,EyesClosed,posterior,2,-9.648176065881083,19,-10.017779123318924,EyesClosed,True
sub-334,EyesClosed,posterior,3,-9.64179643977422,19,-10.017779123318924,EyesClosed,True
sub-334,EyesClosed,posterior,4,-9.774827669960933,19,-10.017779123318924,EyesClosed,True
sub-334,EyesClosed,posterior,5,-9.794236643265913,19,-10.017779123318924,EyesClosed,True
sub-334,EyesOpen,posterior,0,-10.36262580994689,19,-10.017779123318924,EyesOpen,True
sub-334,EyesOpen,posterior,1,-10.284313160620547,19,-10.017779123318924,EyesOpen,True
sub-334,EyesOpen,posterior,2,-10.256535952792019,19,-10.017779123318924,EyesOpen,True
sub-334,EyesOpen,posterior,3,-10.241321603371935,19,-10.017779123318924,EyesOpen,True
sub-334,EyesOpen,posterior,4,-10.304247211628047,19,-10.017779123318924,EyesOpen,True
sub-334,EyesOpen,posterior,5,-10.281364934424852,19,-10.017779123318924,EyesOpen,True
sub-335,EyesClosed,posterior,0,-9.72208665036664,19,-9.957499132376888,EyesClosed,True
sub-335,EyesClosed,posterior,1,-9.826130156193269,19,-9.957499132376888,EyesClosed,True
sub-335,EyesClosed,posterior,2,-9.90053846875241,19,-9.957499132376888,EyesClosed,True
sub-335,EyesClosed,posterior,3,-9.805836945485348,19,-9.957499132376888,EyesClosed,True
sub-335,EyesClosed,posterior,4,-9.636104470752578,19,-9.957499132376888,EyesClosed,True
sub-335,EyesClosed,posterior,5,-9.716160219415038,19,-9.957499132376888,EyesClosed,True
sub-335,EyesClosed,posterior,6,-10.013902942570923,19,-9.957499132376888,EyesOpen,False
sub-335,EyesClosed,posterior,7,-9.898442353838805,19,-9.957499132376888,EyesClosed,True
sub-335,EyesClosed,posterior,8,-9.957499132376888,19,-9.957499132376888,EyesOpen,False
sub-335,EyesOpen,posterior,0,-10.175571548997286,19,-9.957499132376888,EyesOpen,True
sub-335,EyesOpen,posterior,1,-10.274970696628907,19,-9.957499132376888,EyesOpen,True
sub-335,EyesOpen,posterior,2,-10.305869782051987,19,-9.957499132376888,EyesOpen,True
sub-335,EyesOpen,posterior,3,-10.204629100548091,19,-9.957499132376888,EyesOpen,True
sub-335,EyesOpen,posterior,4,-10.344127380408104,19,-9.957499132376888,EyesOpen,True
sub-335,EyesOpen,posterior,5,-10.275847304136143,19,-9.957499132376888,EyesOpen,True
sub-336,EyesClosed,posterior,0,-9.551327237204424,19,-9.72318093833172,EyesClosed,True
sub-336,EyesClosed,posterior,1,-9.35507760979164,19,-9.72318093833172,EyesClosed,True
sub-336,EyesClosed,posterior,2,-9.305761038174857,19,-9.72318093833172,EyesClosed,True
sub-336,EyesClosed,posterior,3,-9.276146574629696,19,-9.72318093833172,EyesClosed,True
sub-336,EyesClosed,posterior,4,-9.423984446268493,19,-9.72318093833172,EyesClosed,True
sub-336,EyesClosed,posterior,5,-9.351006672830872,19,-9.72318093833172,EyesClosed,True
sub-336,EyesOpen,posterior,0,-10.183317385506486,19,-9.72318093833172,EyesOpen,True
sub-336,EyesOpen,posterior,1,-10.152749613101289,19,-9.72318093833172,EyesOpen,True
sub-336,EyesOpen,posterior,2,-9.977260749574336,19,-9.72318093833172,EyesOpen,True
sub-336,EyesOpen,posterior,3,-9.895034639459015,19,-9.72318093833172,EyesOpen,True
sub-336,EyesOpen,posterior,4,-10.118899320949625,19,-9.72318093833172,EyesOpen,True
sub-336,EyesOpen,posterior,5,-10.035317978080485,19,-9.72318093833172,EyesOpen,True
sub-337,EyesClosed,posterior,0,-9.704237842452548,19,-10.114110426977932,EyesClosed,True
sub-337,EyesClosed,posterior,1,-9.962644373243691,19,-10.114110426977932,EyesClosed,True
sub-337,EyesClosed,posterior,2,-9.960147963044898,19,-10.114110426977932,EyesClosed,True
sub-337,EyesClosed,posterior,3,-9.913117140965962,19,-10.114110426977932,EyesClosed,True
sub-337,EyesClosed,posterior,4,-9.775596038968935,19,-10.114110426977932,EyesClosed,True
sub-337,EyesClosed,posterior,5,-9.808706036323656,19,-10.114110426977932,EyesClosed,True
sub-337,EyesOpen,posterior,0,-10.514157561870247,19,-10.114110426977932,EyesOpen,True
sub-337,EyesOpen,posterior,1,-10.756368757373947,19,-10.114110426977932,EyesOpen,True
sub-337,EyesOpen,posterior,2,-10.67314096322882,19,-10.114110426977932,EyesOpen,True
sub-337,EyesOpen,posterior,3,-10.507297093440537,19,-10.114110426977932,EyesOpen,True
sub-337,EyesOpen,posterior,4,-10.363129769471003,19,-10.114110426977932,EyesOpen,True
sub-337,EyesOpen,posterior,5,-10.265576480712173,19,-10.114110426977932,EyesOpen,True
sub-338,EyesClosed,posterior,0,-9.633572957871205,19,-9.884011585775553,EyesClosed,True
sub-338,EyesClosed,posterior,1,-9.660635264092816,19,-9.884011585775553,EyesClosed,True
sub-338,EyesClosed,posterior,2,-9.657470402845886,19,-9.884011585775553,EyesClosed,True
sub-338,EyesClosed,posterior,3,-9.698780689222207,19,-9.884011585775553,EyesClosed,True
sub-338,EyesClosed,posterior,4,-9.726582685035938,19,-9.884011585775553,EyesClosed,True
sub-338,EyesClosed,posterior,5,-9.69295806827606,19,-9.884011585775553,EyesClosed,True
sub-338,EyesOpen,posterior,0,-10.161152028947807,19,-9.884011585775553,EyesOpen,True
sub-338,EyesOpen,posterior,1,-10.053276132433549,19,-9.884011585775553,EyesOpen,True
sub-338,EyesOpen,posterior,2,-10.140251748579596,19,-9.884011585775553,EyesOpen,True
sub-338,EyesOpen,posterior,3,-10.04144048651517,19,-9.884011585775553,EyesOpen,True
sub-338,EyesOpen,posterior,4,-10.248025081921508,19,-9.884011585775553,EyesOpen,True
sub-338,EyesOpen,posterior,5,-10.068112909670328,19,-9.884011585775553,EyesOpen,True
sub-339,EyesClosed,posterior,0,-10.495256558147725,19,-10.487004585493903,EyesOpen,False
sub-339,EyesClosed,posterior,1,-10.380655779084002,19,-10.487004585493903,EyesClosed,True
sub-339,EyesClosed,posterior,2,-10.420217904804353,19,-10.487004585493903,EyesClosed,True
sub-339,EyesClosed,posterior,3,-10.490955951035014,19,-10.487004585493903,EyesOpen,False
sub-339,EyesClosed,posterior,4,-10.405475356112527,19,-10.487004585493903,EyesClosed,True
sub-339,EyesClosed,posterior,5,-10.487004585493903,19,-10.487004585493903,EyesOpen,False
sub-339,EyesOpen,posterior,0,-10.555716570845496,19,-10.487004585493903,EyesOpen,True
sub-339,EyesOpen,posterior,1,-10.465660599180657,19,-10.487004585493903,EyesClosed,False
sub-339,EyesOpen,posterior,2,-10.482289095002983,19,-10.487004585493903,EyesClosed,False
sub-339,EyesOpen,posterior,3,-10.554775100730192,19,-10.487004585493903,EyesOpen,True
sub-339,EyesOpen,posterior,4,-10.436569872813891,19,-10.487004585493903,EyesClosed,False
sub-339,EyesOpen,posterior,5,-10.623350804159076,19,-10.487004585493903,EyesOpen,True
sub-339,EyesOpen,posterior,6,-10.523834627163433,19,-10.487004585493903,EyesOpen,True
sub-340,EyesClosed,posterior,0,-10.456918577492326,19,-10.467449745244435,EyesClosed,True
sub-340,EyesClosed,posterior,1,-9.984737129630936,19,-10.467449745244435,EyesClosed,True
sub-340,EyesClosed,posterior,2,-10.2562006470059,19,-10.467449745244435,EyesClosed,True
sub-340,EyesClosed,posterior,3,-10.449299235704363,19,-10.467449745244435,EyesClosed,True
sub-340,EyesClosed,posterior,4,-10.180675916144617,19,-10.467449745244435,EyesClosed,True
sub-340,EyesClosed,posterior,5,-10.132966087049176,19,-10.467449745244435,EyesClosed,True
sub-340,EyesOpen,posterior,0,-10.658136716989345,19,-10.467449745244435,EyesOpen,True
sub-340,EyesOpen,posterior,1,-10.662316319486417,19,-10.467449745244435,EyesOpen,True
sub-340,EyesOpen,posterior,2,-10.590328936930995,19,-10.467449745244435,EyesOpen,True
sub-340,EyesOpen,posterior,3,-10.477980912996545,19,-10.467449745244435,EyesOpen,True
sub-340,EyesOpen,posterior,4,-10.59524908605773,19,-10.467449745244435,EyesOpen,True
sub-340,EyesOpen,posterior,5,-10.56762313145502,19,-10.467449745244435,EyesOpen,True
sub-341,EyesClosed,posterior,0,-9.735484937514077,19,-9.903911500237715,EyesClosed,True
sub-341,EyesClosed,posterior,1,-9.856167213330496,19,-9.903911500237715,EyesClosed,True
sub-341,EyesClosed,posterior,2,-9.852401904905491,19,-9.903911500237715,EyesClosed,True
sub-341,EyesClosed,posterior,3,-9.900746706083012,19,-9.903911500237715,EyesClosed,True
sub-341,EyesClosed,posterior,4,-9.740192973976374,19,-9.903911500237715,EyesClosed,True
sub-341,EyesClosed,posterior,5,-9.966015495336894,19,-9.903911500237715,EyesOpen,False
sub-341,EyesOpen,posterior,0,-10.088737941621593,19,-9.903911500237715,EyesOpen,True
sub-341,EyesOpen,posterior,1,-9.925970659410918,19,-9.903911500237715,EyesOpen,True
sub-341,EyesOpen,posterior,2,-10.099109992115212,19,-9.903911500237715,EyesOpen,True
sub-341,EyesOpen,posterior,3,-9.83292402548142,19,-9.903911500237715,EyesClosed,False
sub-341,EyesOpen,posterior,4,-9.907076294392416,19,-9.903911500237715,EyesOpen,True
sub-341,EyesOpen,posterior,5,-9.990236099546376,19,-9.903911500237715,EyesOpen,True
sub-342,EyesClosed,posterior,0,-9.699470136581086,19,-9.805840571769776,EyesClosed,True
sub-342,EyesClosed,posterior,1,-9.506372584114612,19,-9.805840571769776,EyesClosed,True
sub-342,EyesClosed,posterior,2,-9.399883043838122,19,-9.805840571769776,EyesClosed,True
sub-342,EyesClosed,posterior,3,-9.341476853038511,19,-9.805840571769776,EyesClosed,True
sub-342,EyesClosed,posterior,4,-9.3331968927303,19,-9.805840571769776,EyesClosed,True
sub-342,EyesClosed,posterior,5,-9.912211006958467,19,-9.805840571769776,EyesOpen,False
sub-342,EyesOpen,posterior,0,-10.441152977300911,19,-9.805840571769776,EyesOpen,True
sub-342,EyesOpen,posterior,1,-10.10746947176343,19,-9.805840571769776,EyesOpen,True
sub-342,EyesOpen,posterior,2,-10.23934642744443,19,-9.805840571769776,EyesOpen,True
sub-342,EyesOpen,posterior,3,-10.398748757431193,19,-9.805840571769776,EyesOpen,True
sub-342,EyesOpen,posterior,4,-5.7146415049985935,19,-9.805840571769776,EyesClosed,False
sub-342,EyesOpen,posterior,5,-10.543651194229172,19,-9.805840571769776,EyesOpen,True
sub-343,EyesClosed,posterior,0,-9.652438699833887,19,-9.711687459223915,EyesClosed,True
sub-343,EyesClosed,posterior,1,-9.502573086428336,19,-9.711687459223915,EyesClosed,True
sub-343,EyesClosed,posterior,2,-9.325280618257946,19,-9.711687459223915,EyesClosed,True
sub-343,EyesClosed,posterior,3,-9.460236051821312,19,-9.711687459223915,EyesClosed,True
sub-343,EyesClosed,posterior,4,-9.518008158141779,19,-9.711687459223915,EyesClosed,True
sub-343,EyesClosed,posterior,5,-9.488900037476421,19,-9.711687459223915,EyesClosed,True
sub-343,EyesOpen,posterior,0,-10.29216840502741,19,-9.711687459223915,EyesOpen,True
sub-343,EyesOpen,posterior,1,-10.273966224707552,19,-9.711687459223915,EyesOpen,True
sub-343,EyesOpen,posterior,2,-9.864053076762787,19,-9.711687459223915,EyesOpen,True
sub-343,EyesOpen,posterior,3,-9.770936218613944,19,-9.711687459223915,EyesOpen,True
sub-343,EyesOpen,posterior,4,-10.299420991270056,19,-9.711687459223915,EyesOpen,True
sub-343,EyesOpen,posterior,5,-10.22970000224709,19,-9.711687459223915,EyesOpen,True
sub-344,EyesClosed,posterior,0,-10.130970631032786,19,-10.130970631032786,EyesOpen,False
sub-344,EyesClosed,posterior,1,-9.789173365374694,19,-10.130970631032786,EyesClosed,True
sub-344,EyesClosed,posterior,2,-9.811848048182153,19,-10.130970631032786,EyesClosed,True
sub-344,EyesClosed,posterior,3,-9.735196895314038,19,-10.130970631032786,EyesClosed,True
sub-344,EyesClosed,posterior,4,-9.70820235001857,19,-10.130970631032786,EyesClosed,True
sub-344,EyesClosed,posterior,5,-9.617844163540715,19,-10.130970631032786,EyesClosed,True
sub-344,EyesClosed,posterior,6,-9.623412962728839,19,-10.130970631032786,EyesClosed,True
sub-344,EyesOpen,posterior,0,-10.5600034708893,19,-10.130970631032786,EyesOpen,True
sub-344,EyesOpen,posterior,1,-10.626341505318543,19,-10.130970631032786,EyesOpen,True
sub-344,EyesOpen,posterior,2,-10.466068237267088,19,-10.130970631032786,EyesOpen,True
sub-344,EyesOpen,posterior,3,-10.331775187816183,19,-10.130970631032786,EyesOpen,True
sub-344,EyesOpen,posterior,4,-10.374221750485736,19,-10.130970631032786,EyesOpen,True
sub-344,EyesOpen,posterior,5,-10.559685005328667,19,-10.130970631032786,EyesOpen,True
sub-345,EyesClosed,posterior,0,-10.227670937415818,19,-10.244788564144976,EyesClosed,True
sub-345,EyesClosed,posterior,1,-10.073000527413594,19,-10.244788564144976,EyesClosed,True
sub-345,EyesClosed,posterior,2,-10.20240220952873,19,-10.244788564144976,EyesClosed,True
sub-345,EyesClosed,posterior,3,-10.148906604016902,19,-10.244788564144976,EyesClosed,True
sub-345,EyesClosed,posterior,4,-10.257837680575927,19,-10.244788564144976,EyesOpen,False
sub-345,EyesClosed,posterior,5,-10.027768851204295,19,-10.244788564144976,EyesClosed,True
sub-345,EyesOpen,posterior,0,-10.231739447714025,19,-10.244788564144976,EyesClosed,False
sub-345,EyesOpen,posterior,1,-10.274816900651578,19,-10.244788564144976,EyesOpen,True
sub-345,EyesOpen,posterior,2,-10.280016963053415,19,-10.244788564144976,EyesOpen,True
sub-345,EyesOpen,posterior,3,-10.365859340451404,19,-10.244788564144976,EyesOpen,True
sub-345,EyesOpen,posterior,4,-10.269072611651822,19,-10.244788564144976,EyesOpen,True
sub-345,EyesOpen,posterior,5,-10.290833108096873,19,-10.244788564144976,EyesOpen,True
sub-346,EyesClosed,posterior,0,-10.486801470604721,19,-10.355554097384726,EyesOpen,False
sub-346,EyesClosed,posterior,1,-10.363530136858092,19,-10.355554097384726,EyesOpen,False
sub-346,EyesClosed,posterior,2,-10.34757805791136,19,-10.355554097384726,EyesClosed,True
sub-346,EyesClosed,posterior,3,-10.296413789303623,19,-10.355554097384726,EyesClosed,True
sub-346,EyesClosed,posterior,4,-10.330065063014063,19,-10.355554097384726,EyesClosed,True
sub-346,EyesClosed,posterior,5,-10.38053589149204,19,-10.355554097384726,EyesOpen,False
sub-346,EyesOpen,posterior,0,-10.327110465168335,19,-10.355554097384726,EyesClosed,False
sub-346,EyesOpen,posterior,1,-10.461217322263538,19,-10.355554097384726,EyesOpen,True
sub-346,EyesOpen,posterior,2,-10.446287575969443,19,-10.355554097384726,EyesOpen,True
sub-346,EyesOpen,posterior,3,-10.318124214267943,19,-10.355554097384726,EyesClosed,False
sub-346,EyesOpen,posterior,4,-10.423114969479624,19,-10.355554097384726,EyesOpen,True
sub-346,EyesOpen,posterior,5,-10.273725579095837,19,-10.355554097384726,EyesClosed,False
sub-347,EyesClosed,posterior,0,-10.371715201468545,19,-10.319737852245499,EyesOpen,False
sub-347,EyesClosed,posterior,1,-10.178064527450701,19,-10.319737852245499,EyesClosed,True
sub-347,EyesClosed,posterior,2,-10.260729974154614,19,-10.319737852245499,EyesClosed,True
sub-347,EyesClosed,posterior,3,-10.19496949031845,19,-10.319737852245499,EyesClosed,True
sub-347,EyesClosed,posterior,4,-10.09962489843098,19,-10.319737852245499,EyesClosed,True
sub-347,EyesClosed,posterior,5,-10.211979318395619,19,-10.319737852245499,EyesClosed,True
sub-347,EyesOpen,posterior,0,-10.42136371553991,19,-10.319737852245499,EyesOpen,True
sub-347,EyesOpen,posterior,1,-10.472020882229783,19,-10.319737852245499,EyesOpen,True
sub-347,EyesOpen,posterior,2,-10.410607814788792,19,-10.319737852245499,EyesOpen,True
sub-347,EyesOpen,posterior,3,-10.45000710088571,19,-10.319737852245499,EyesOpen,True
sub-347,EyesOpen,posterior,4,-10.350152530178285,19,-10.319737852245499,EyesOpen,True
sub-347,EyesOpen,posterior,5,-10.289323174312713,19,-10.319737852245499,EyesClosed,False
sub-348,EyesClosed,posterior,0,-10.444956752292063,19,-10.459082988697867,EyesClosed,True
sub-348,EyesClosed,posterior,1,-10.37323853387013,19,-10.459082988697867,EyesClosed,True
sub-348,EyesClosed,posterior,2,-10.475971081056095,19,-10.459082988697867,EyesOpen,False
sub-348,EyesClosed,posterior,3,-10.379901975624138,19,-10.459082988697867,EyesClosed,True
sub-348,EyesClosed,posterior,4,-10.378926030182075,19,-10.459082988697867,EyesClosed,True
sub-348,EyesClosed,posterior,5,-10.459082988697867,19,-10.459082988697867,EyesOpen,False
sub-348,EyesClosed,posterior,6,-10.374466869873899,19,-10.459082988697867,EyesClosed,True
sub-348,EyesOpen,posterior,0,-10.352846181929344,19,-10.459082988697867,EyesClosed,False
sub-348,EyesOpen,posterior,1,-10.501465871192128,19,-10.459082988697867,EyesOpen,True
sub-348,EyesOpen,posterior,2,-10.587698282392214,19,-10.459082988697867,EyesOpen,True
sub-348,EyesOpen,posterior,3,-10.48463284023186,19,-10.459082988697867,EyesOpen,True
sub-348,EyesOpen,posterior,4,-10.691977461606372,19,-10.459082988697867,EyesOpen,True
sub-348,EyesOpen,posterior,5,-10.618994570450731,19,-10.459082988697867,EyesOpen,True
sub-349,EyesClosed,posterior,0,-10.063668839860405,19,-9.921782799199443,EyesOpen,False
sub-349,EyesClosed,posterior,1,-9.673034424789417,19,-9.921782799199443,EyesClosed,True
sub-349,EyesClosed,posterior,2,-9.639350920258252,19,-9.921782799199443,EyesClosed,True
sub-349,EyesClosed,posterior,3,-9.517546662377107,19,-9.921782799199443,EyesClosed,True
sub-349,EyesClosed,posterior,4,-9.692746562933316,19,-9.921782799199443,EyesClosed,True
sub-349,EyesClosed,posterior,5,-9.790447474469563,19,-9.921782799199443,EyesClosed,True
sub-349,EyesOpen,posterior,0,-10.124805154392599,19,-9.921782799199443,EyesOpen,True
sub-349,EyesOpen,posterior,1,-10.081108400178957,19,-9.921782799199443,EyesOpen,True
sub-349,EyesOpen,posterior,2,-10.035581590404021,19,-9.921782799199443,EyesOpen,True
sub-349,EyesOpen,posterior,3,-10.242856773124071,19,-9.921782799199443,EyesOpen,True
sub-349,EyesOpen,posterior,4,-9.821378851805338,19,-9.921782799199443,EyesClosed,False
sub-349,EyesOpen,posterior,5,-10.022186746593547,19,-9.921782799199443,EyesOpen,True
sub-350,EyesClosed,posterior,0,-8.89649847018522,19,-9.399582446681347,EyesClosed,True
sub-350,EyesClosed,posterior,1,-9.15862157732712,19,-9.399582446681347,EyesClosed,True
sub-350,EyesClosed,posterior,2,-9.21760270495295,19,-9.399582446681347,EyesClosed,True
sub-350,EyesClosed,posterior,3,-9.250003596983333,19,-9.399582446681347,EyesClosed,True
sub-350,EyesClosed,posterior,4,-9.187029818209224,19,-9.399582446681347,EyesClosed,True
sub-350,EyesClosed,posterior,5,-9.117821043723877,19,-9.399582446681347,EyesClosed,True
sub-350,EyesOpen,posterior,0,-9.941573649041056,19,-9.399582446681347,EyesOpen,True
sub-350,EyesOpen,posterior,1,-9.699784633708985,19,-9.399582446681347,EyesOpen,True
sub-350,EyesOpen,posterior,2,-9.842976160500095,19,-9.399582446681347,EyesOpen,True
sub-350,EyesOpen,posterior,3,-9.761822101538371,19,-9.399582446681347,EyesOpen,True
sub-350,EyesOpen,posterior,4,-9.693896801253185,19,-9.399582446681347,EyesOpen,True
sub-350,EyesOpen,posterior,5,-9.549161296379362,19,-9.399582446681347,EyesOpen,True
sub-351,EyesClosed,posterior,0,-9.173697827998,19,-9.490425139889103,EyesClosed,True
sub-351,EyesClosed,posterior,1,-9.086505051532425,19,-9.490425139889103,EyesClosed,True
sub-351,EyesClosed,posterior,2,-9.131140157584836,19,-9.490425139889103,EyesClosed,True
sub-351,EyesClosed,posterior,3,-8.953031329730361,19,-9.490425139889103,EyesClosed,True
sub-351,EyesClosed,posterior,4,-9.131088251008546,19,-9.490425139889103,EyesClosed,True
sub-351,EyesClosed,posterior,5,-9.234034939891092,19,-9.490425139889103,EyesClosed,True
sub-351,EyesOpen,posterior,0,-10.127015742548311,19,-9.490425139889103,EyesOpen,True
sub-351,EyesOpen,posterior,1,-9.855704819386649,19,-9.490425139889103,EyesOpen,True
sub-351,EyesOpen,posterior,2,-9.746815339887114,19,-9.490425139889103,EyesOpen,True
sub-351,EyesOpen,posterior,3,-9.90788111433129,19,-9.490425139889103,EyesOpen,True
sub-351,EyesOpen,posterior,4,-9.830666300884738,19,-9.490425139889103,EyesOpen,True
sub-351,EyesOpen,posterior,5,-9.95351773882114,19,-9.490425139889103,EyesOpen,True
sub-352,EyesClosed,posterior,0,-8.832285672456338,19,-9.038811157851839,EyesClosed,True
sub-352,EyesClosed,posterior,1,-8.93715491756649,19,-9.038811157851839,EyesClosed,True
sub-352,EyesClosed,posterior,2,-8.967750863282774,19,-9.038811157851839,EyesClosed,True
sub-352,EyesClosed,posterior,3,-8.88449397263,19,-9.038811157851839,EyesClosed,True
sub-352,EyesClosed,posterior,4,-8.875313508060554,19,-9.038811157851839,EyesClosed,True
sub-352,EyesClosed,posterior,5,-8.993363230673175,19,-9.038811157851839,EyesClosed,True
sub-352,EyesOpen,posterior,0,-9.839820344221422,19,-9.038811157851839,EyesOpen,True
sub-352,EyesOpen,posterior,1,-9.21370142568731,19,-9.038811157851839,EyesOpen,True
sub-352,EyesOpen,posterior,2,-9.084259085030501,19,-9.038811157851839,EyesOpen,True
sub-352,EyesOpen,posterior,3,-9.643779976573553,19,-9.038811157851839,EyesOpen,True
sub-352,EyesOpen,posterior,4,-9.397536194124621,19,-9.038811157851839,EyesOpen,True
sub-352,EyesOpen,posterior,5,-9.531144560022936,19,-9.038811157851839,EyesOpen,True
sub-353,EyesClosed,posterior,0,-7.985437806779055,19,-8.487264986012935,EyesClosed,True
sub-353,EyesClosed,posterior,1,-8.073132490754785,19,-8.487264986012935,EyesClosed,True
sub-353,EyesClosed,posterior,2,-8.158893952691624,19,-8.487264986012935,EyesClosed,True
sub-353,EyesClosed,posterior,3,-8.035759233404121,19,-8.487264986012935,EyesClosed,True
sub-353,EyesClosed,posterior,4,-8.319675305504994,19,-8.487264986012935,EyesClosed,True
sub-353,EyesClosed,posterior,5,-8.28861694523652,19,-8.487264986012935,EyesClosed,True
sub-353,EyesOpen,posterior,0,-9.169731759960086,19,-8.487264986012935,EyesOpen,True
sub-353,EyesOpen,posterior,1,-8.87021524679611,19,-8.487264986012935,EyesOpen,True
sub-353,EyesOpen,posterior,2,-8.966733123097343,19,-8.487264986012935,EyesOpen,True
sub-353,EyesOpen,posterior,3,-8.828650728481596,19,-8.487264986012935,EyesOpen,True
sub-353,EyesOpen,posterior,4,-8.654854666520878,19,-8.487264986012935,EyesOpen,True
sub-353,EyesOpen,posterior,5,-8.828948928840369,19,-8.487264986012935,EyesOpen,True
sub-354,EyesClosed,posterior,0,-10.36041801709821,19,-10.338193941381508,EyesOpen,False
sub-354,EyesClosed,posterior,1,-10.236808010818065,19,-10.338193941381508,EyesClosed,True
sub-354,EyesClosed,posterior,2,-10.241466675872669,19,-10.338193941381508,EyesClosed,True
sub-354,EyesClosed,posterior,3,-10.17753924503694,19,-10.338193941381508,EyesClosed,True
sub-354,EyesClosed,posterior,4,-10.21847357449365,19,-10.338193941381508,EyesClosed,True
sub-354,EyesClosed,posterior,5,-10.140314925276344,19,-10.338193941381508,EyesClosed,True
sub-354,EyesOpen,posterior,0,-10.315969865664805,19,-10.338193941381508,EyesClosed,False
sub-354,EyesOpen,posterior,1,-10.409000177464677,19,-10.338193941381508,EyesOpen,True
sub-354,EyesOpen,posterior,2,-10.41264755733264,19,-10.338193941381508,EyesOpen,True
sub-354,EyesOpen,posterior,3,-10.409115239302109,19,-10.338193941381508,EyesOpen,True
sub-354,EyesOpen,posterior,4,-10.451146989156578,19,-10.338193941381508,EyesOpen,True
sub-354,EyesOpen,posterior,5,-10.458159849610402,19,-10.338193941381508,EyesOpen,True
sub-355,EyesClosed,posterior,0,-8.976904683123582,19,-9.445642754861897,EyesClosed,True
sub-355,EyesClosed,posterior,1,-8.919318314392278,19,-9.445642754861897,EyesClosed,True
sub-355,EyesClosed,posterior,2,-8.935260655498817,19,-9.445642754861897,EyesClosed,True
sub-355,EyesClosed,posterior,3,-8.987858950190645,19,-9.445642754861897,EyesClosed,True
sub-355,EyesClosed,posterior,4,-9.042467944405393,19,-9.445642754861897,EyesClosed,True
sub-355,EyesClosed,posterior,5,-9.019420189134209,19,-9.445642754861897,EyesClosed,True
sub-355,EyesOpen,posterior,0,-9.8488175653184,19,-9.445642754861897,EyesOpen,True
sub-355,EyesOpen,posterior,1,-9.962599887739753,19,-9.445642754861897,EyesOpen,True
sub-355,EyesOpen,posterior,2,-9.895518661101537,19,-9.445642754861897,EyesOpen,True
sub-355,EyesOpen,posterior,3,-9.931382126247172,19,-9.445642754861897,EyesOpen,True
sub-355,EyesOpen,posterior,4,-9.983598218875144,19,-9.445642754861897,EyesOpen,True
sub-355,EyesOpen,posterior,5,-10.026439180593627,19,-9.445642754861897,EyesOpen,True
sub-356,EyesClosed,posterior,0,-10.205905611153947,19,-10.394094450248119,EyesClosed,True
sub-356,EyesClosed,posterior,1,-10.116562726453019,19,-10.394094450248119,EyesClosed,True
sub-356,EyesClosed,posterior,2,-10.299587615966146,19,-10.394094450248119,EyesClosed,True
sub-356,EyesClosed,posterior,3,-10.181775968949326,19,-10.394094450248119,EyesClosed,True
sub-356,EyesClosed,posterior,4,-10.306504391298844,19,-10.394094450248119,EyesClosed,True
sub-356,EyesClosed,posterior,5,-10.50838602152053,19,-10.394094450248119,EyesOpen,False
sub-356,EyesOpen,posterior,0,-10.5034477946639,19,-10.394094450248119,EyesOpen,True
sub-356,EyesOpen,posterior,1,-10.340409060652682,19,-10.394094450248119,EyesClosed,False
sub-356,EyesOpen,posterior,2,-10.645835707825,19,-10.394094450248119,EyesOpen,True
sub-356,EyesOpen,posterior,3,-10.525465225829544,19,-10.394094450248119,EyesOpen,True
sub-356,EyesOpen,posterior,4,-10.447779839843557,19,-10.394094450248119,EyesOpen,True
sub-356,EyesOpen,posterior,5,-10.605974337707988,19,-10.394094450248119,EyesOpen,True
sub-357,EyesClosed,posterior,0,-9.070495663673718,19,-9.52164500814818,EyesClosed,True
sub-357,EyesClosed,posterior,1,-9.29517159991469,19,-9.52164500814818,EyesClosed,True
sub-357,EyesClosed,posterior,2,-9.167189521165412,19,-9.52164500814818,EyesClosed,True
sub-357,EyesClosed,posterior,3,-9.137660344850548,19,-9.52164500814818,EyesClosed,True
sub-357,EyesClosed,posterior,4,-9.246315913979839,19,-9.52164500814818,EyesClosed,True
sub-357,EyesClosed,posterior,5,-9.097359276141562,19,-9.52164500814818,EyesClosed,True
sub-357,EyesOpen,posterior,0,-10.375867808206666,19,-9.52164500814818,EyesOpen,True
sub-357,EyesOpen,posterior,1,-10.2064702987261,19,-9.52164500814818,EyesOpen,True
sub-357,EyesOpen,posterior,2,-9.74811841638167,19,-9.52164500814818,EyesOpen,True
sub-357,EyesOpen,posterior,3,-9.866251445466771,19,-9.52164500814818,EyesOpen,True
sub-357,EyesOpen,posterior,4,-9.9392667656723,19,-9.52164500814818,EyesOpen,True
sub-357,EyesOpen,posterior,5,-9.8311113501603,19,-9.52164500814818,EyesOpen,True
sub-358,EyesClosed,posterior,0,-8.82054247267281,19,-8.98156794253655,EyesClosed,True
sub-358,EyesClosed,posterior,1,-8.709625573199858,19,-8.98156794253655,EyesClosed,True
sub-358,EyesClosed,posterior,2,-9.095753701592932,19,-8.98156794253655,EyesOpen,False
sub-358,EyesClosed,posterior,3,-8.870617761759618,19,-8.98156794253655,EyesClosed,True
sub-358,EyesClosed,posterior,4,-8.75172654851271,19,-8.98156794253655,EyesClosed,True
sub-358,EyesClosed,posterior,5,-8.978304364612958,19,-8.98156794253655,EyesClosed,True
sub-358,EyesOpen,posterior,0,-9.2325064860019,19,-8.98156794253655,EyesOpen,True
sub-358,EyesOpen,posterior,1,-8.920178048895417,19,-8.98156794253655,EyesClosed,False
sub-358,EyesOpen,posterior,2,-9.230143449816628,19,-8.98156794253655,EyesOpen,True
sub-358,EyesOpen,posterior,3,-8.98483152046014,19,-8.98156794253655,EyesOpen,True
sub-358,EyesOpen,posterior,4,-9.0569227106566,19,-8.98156794253655,EyesOpen,True
sub-358,EyesOpen,posterior,5,-9.037381847177931,19,-8.98156794253655,EyesOpen,True
sub-359,EyesClosed,posterior,0,-9.054578598990128,19,-9.664467820673426,EyesClosed,True
sub-359,EyesClosed,posterior,1,-8.845786238573353,19,-9.664467820673426,EyesClosed,True
sub-359,EyesClosed,posterior,2,-8.71525196697685,19,-9.664467820673426,EyesClosed,True
sub-359,EyesClosed,posterior,3,-8.702116556816986,19,-9.664467820673426,EyesClosed,True
sub-359,EyesClosed,posterior,4,-8.703189866478292,19,-9.664467820673426,EyesClosed,True
sub-359,EyesClosed,posterior,5,-8.806263108687066,19,-9.664467820673426,EyesClosed,True
sub-359,EyesOpen,posterior,0,-10.510435348110466,19,-9.664467820673426,EyesOpen,True
sub-359,EyesOpen,posterior,1,-10.471996049232258,19,-9.664467820673426,EyesOpen,True
sub-359,EyesOpen,posterior,2,-10.348370666599045,19,-9.664467820673426,EyesOpen,True
sub-359,EyesOpen,posterior,3,-10.274357042356723,19,-9.664467820673426,EyesOpen,True
sub-359,EyesOpen,posterior,4,-10.355725995685685,19,-9.664467820673426,EyesOpen,True
sub-359,EyesOpen,posterior,5,-10.32265090621419,19,-9.664467820673426,EyesOpen,True
sub-360,EyesClosed,posterior,0,-9.248013350279297,19,-9.64597751142412,EyesClosed,True
sub-360,EyesClosed,posterior,1,-9.133305541072604,19,-9.64597751142412,EyesClosed,True
sub-360,EyesClosed,posterior,2,-9.227674692345555,19,-9.64597751142412,EyesClosed,True
sub-360,EyesClosed,posterior,3,-9.150274758309807,19,-9.64597751142412,EyesClosed,True
sub-360,EyesClosed,posterior,4,-9.161933686699642,19,-9.64597751142412,EyesClosed,True
sub-360,EyesClosed,posterior,5,-9.24008859880929,19,-9.64597751142412,EyesClosed,True
sub-360,EyesOpen,posterior,0,-10.252548788410461,19,-9.64597751142412,EyesOpen,True
sub-360,EyesOpen,posterior,1,-10.074279663818054,19,-9.64597751142412,EyesOpen,True
sub-360,EyesOpen,posterior,2,-10.145285913687138,19,-9.64597751142412,EyesOpen,True
sub-360,EyesOpen,posterior,3,-10.222157786669593,19,-9.64597751142412,EyesOpen,True
sub-360,EyesOpen,posterior,4,-10.112464930109008,19,-9.64597751142412,EyesOpen,True
sub-360,EyesOpen,posterior,5,-10.043941672568941,19,-9.64597751142412,EyesOpen,True
sub-361,EyesClosed,posterior,0,-9.560498103132844,19,-9.983725130091315,EyesClosed,True
sub-361,EyesClosed,posterior,1,-9.530352845399548,19,-9.983725130091315,EyesClosed,True
sub-361,EyesClosed,posterior,2,-9.539820084768714,19,-9.983725130091315,EyesClosed,True
sub-361,EyesClosed,posterior,3,-9.237491083312303,19,-9.983725130091315,EyesClosed,True
sub-361,EyesClosed,posterior,4,-9.469296751726825,19,-9.983725130091315,EyesClosed,True
sub-361,EyesClosed,posterior,5,-9.448526550857691,19,-9.983725130091315,EyesClosed,True
sub-361,EyesOpen,posterior,0,-10.504866832606476,19,-9.983725130091315,EyesOpen,True
sub-361,EyesOpen,posterior,1,-10.559752458851195,19,-9.983725130091315,EyesOpen,True
sub-361,EyesOpen,posterior,2,-10.501733051477949,19,-9.983725130091315,EyesOpen,True
sub-361,EyesOpen,posterior,3,-10.525062384035092,19,-9.983725130091315,EyesOpen,True
sub-361,EyesOpen,posterior,4,-10.495355479785097,19,-9.983725130091315,EyesOpen,True
sub-361,EyesOpen,posterior,5,-10.406952157049787,19,-9.983725130091315,EyesOpen,True
sub-362,EyesClosed,posterior,0,-10.158654611860108,19,-10.327687845583156,EyesClosed,True
sub-362,EyesClosed,posterior,1,-10.153469049515255,19,-10.327687845583156,EyesClosed,True
sub-362,EyesClosed,posterior,2,-10.216029474803133,19,-10.327687845583156,EyesClosed,True
sub-362,EyesClosed,posterior,3,-10.286274083594158,19,-10.327687845583156,EyesClosed,True
sub-362,EyesClosed,posterior,4,-10.23009696253175,19,-10.327687845583156,EyesClosed,True
sub-362,EyesClosed,posterior,5,-10.222165418186222,19,-10.327687845583156,EyesClosed,True
sub-362,EyesOpen,posterior,0,-10.369101607572157,19,-10.327687845583156,EyesOpen,True
sub-362,EyesOpen,posterior,1,-10.42919731790858,19,-10.327687845583156,EyesOpen,True
sub-362,EyesOpen,posterior,2,-10.440779765321464,19,-10.327687845583156,EyesOpen,True
sub-362,EyesOpen,posterior,3,-10.492337170505026,19,-10.327687845583156,EyesOpen,True
sub-362,EyesOpen,posterior,4,-10.453090212538559,19,-10.327687845583156,EyesOpen,True
sub-362,EyesOpen,posterior,5,-10.387409742457299,19,-10.327687845583156,EyesOpen,True
sub-363,EyesClosed,posterior,0,-10.007759469732841,19,-10.15863107590679,EyesClosed,True
sub-363,EyesClosed,posterior,1,-10.004192175074675,19,-10.15863107590679,EyesClosed,True
sub-363,EyesClosed,posterior,2,-10.154775758028304,19,-10.15863107590679,EyesClosed,True
sub-363,EyesClosed,posterior,3,-10.039052714447717,19,-10.15863107590679,EyesClosed,True
sub-363,EyesClosed,posterior,4,-10.15168392761326,19,-10.15863107590679,EyesClosed,True
sub-363,EyesClosed,posterior,5,-10.05911097566259,19,-10.15863107590679,EyesClosed,True
sub-363,EyesOpen,posterior,0,-10.174634829172913,19,-10.15863107590679,EyesOpen,True
sub-363,EyesOpen,posterior,1,-10.223032594192137,19,-10.15863107590679,EyesOpen,True
sub-363,EyesOpen,posterior,2,-10.203976322553226,19,-10.15863107590679,EyesOpen,True
sub-363,EyesOpen,posterior,3,-10.173968095303172,19,-10.15863107590679,EyesOpen,True
sub-363,EyesOpen,posterior,4,-10.164283908905329,19,-10.15863107590679,EyesOpen,True
sub-363,EyesOpen,posterior,5,-10.162486393785274,19,-10.15863107590679,EyesOpen,True
sub-364,EyesClosed,posterior,0,-10.036191998783362,19,-10.04959664882115,EyesClosed,True
sub-364,EyesClosed,posterior,1,-10.138289895201977,19,-10.04959664882115,EyesOpen,False
sub-364,EyesClosed,posterior,2,-10.004365790534656,19,-10.04959664882115,EyesClosed,True
sub-364,EyesClosed,posterior,3,-10.02275078562175,19,-10.04959664882115,EyesClosed,True
sub-364,EyesClosed,posterior,4,-9.998908777504615,19,-10.04959664882115,EyesClosed,True
sub-364,EyesClosed,posterior,5,-9.945233927254323,19,-10.04959664882115,EyesClosed,True
sub-364,EyesOpen,posterior,0,-10.52327736491537,19,-10.04959664882115,EyesOpen,True
sub-364,EyesOpen,posterior,1,-10.341760618404129,19,-10.04959664882115,EyesOpen,True
sub-364,EyesOpen,posterior,2,-10.339841252185188,19,-10.04959664882115,EyesOpen,True
sub-364,EyesOpen,posterior,3,-10.473046134749712,19,-10.04959664882115,EyesOpen,True
sub-364,EyesOpen,posterior,4,-10.063001298858937,19,-10.04959664882115,EyesOpen,True
sub-364,EyesOpen,posterior,5,-9.902628602344167,19,-10.04959664882115,EyesClosed,False
sub-365,EyesClosed,posterior,0,-9.191427100332689,19,-9.678214088551275,EyesClosed,True
sub-365,EyesClosed,posterior,1,-9.019945301749152,19,-9.678214088551275,EyesClosed,True
sub-365,EyesClosed,posterior,2,-8.981965124456929,19,-9.678214088551275,EyesClosed,True
sub-365,EyesClosed,posterior,3,-8.790671607814273,19,-9.678214088551275,EyesClosed,True
sub-365,EyesClosed,posterior,4,-8.883780700351261,19,-9.678214088551275,EyesClosed,True
sub-365,EyesClosed,posterior,5,-8.831953823458985,19,-9.678214088551275,EyesClosed,True
sub-365,EyesOpen,posterior,0,-10.165001076769864,19,-9.678214088551275,EyesOpen,True
sub-365,EyesOpen,posterior,1,-10.19278625970183,19,-9.678214088551275,EyesOpen,True
sub-365,EyesOpen,posterior,2,-10.257363918436553,19,-9.678214088551275,EyesOpen,True
sub-365,EyesOpen,posterior,3,-10.240050965362977,19,-9.678214088551275,EyesOpen,True
sub-365,EyesOpen,posterior,4,-10.273984810077529,19,-9.678214088551275,EyesOpen,True
sub-365,EyesOpen,posterior,5,-10.190090678281253,19,-9.678214088551275,EyesOpen,True
sub-366,EyesClosed,posterior,0,-10.645933230576526,19,-10.584461235708284,EyesOpen,False
sub-366,EyesClosed,posterior,1,-10.505245679856651,19,-10.584461235708284,EyesClosed,True
sub-366,EyesClosed,posterior,2,-10.354210225170798,19,-10.584461235708284,EyesClosed,True
sub-366,EyesClosed,posterior,3,-10.244114678155968,19,-10.584461235708284,EyesClosed,True
sub-366,EyesClosed,posterior,4,-10.686721152708241,19,-10.584461235708284,EyesOpen,False
sub-366,EyesClosed,posterior,5,-10.257690646275405,19,-10.584461235708284,EyesClosed,True
sub-366,EyesOpen,posterior,0,-10.696707345610493,19,-10.584461235708284,EyesOpen,True
sub-366,EyesOpen,posterior,1,-10.681116361480353,19,-10.584461235708284,EyesOpen,True
sub-366,EyesOpen,posterior,2,-10.77640658088825,19,-10.584461235708284,EyesOpen,True
sub-366,EyesOpen,posterior,3,-10.470213549550586,19,-10.584461235708284,EyesClosed,False
sub-366,EyesOpen,posterior,4,-10.689846197491685,19,-10.584461235708284,EyesOpen,True
sub-366,EyesOpen,posterior,5,-10.522989240840042,19,-10.584461235708284,EyesClosed,False
sub-367,EyesClosed,posterior,0,-9.242720944860498,19,-9.373328934313054,EyesClosed,True
sub-367,EyesClosed,posterior,1,-9.219388014389699,19,-9.373328934313054,EyesClosed,True
sub-367,EyesClosed,posterior,2,-9.208425041366807,19,-9.373328934313054,EyesClosed,True
sub-367,EyesClosed,posterior,3,-9.179699182571914,19,-9.373328934313054,EyesClosed,True
sub-367,EyesClosed,posterior,4,-9.176911821510975,19,-9.373328934313054,EyesClosed,True
sub-367,EyesClosed,posterior,5,-9.125216751290601,19,-9.373328934313054,EyesClosed,True
sub-367,EyesOpen,posterior,0,-9.752104571206207,19,-9.373328934313054,EyesOpen,True
sub-367,EyesOpen,posterior,1,-9.579795512266989,19,-9.373328934313054,EyesOpen,True
sub-367,EyesOpen,posterior,2,-9.515823737790424,19,-9.373328934313054,EyesOpen,True
sub-367,EyesOpen,posterior,3,-9.569170529219406,19,-9.373328934313054,EyesOpen,True
sub-367,EyesOpen,posterior,4,-9.50393692376561,19,-9.373328934313054,EyesOpen,True
sub-367,EyesOpen,posterior,5,-9.927443077291795,19,-9.373328934313054,EyesOpen,True
sub-368,EyesClosed,posterior,0,-10.770216147672567,19,-10.634674991293542,EyesOpen,False
sub-368,EyesClosed,posterior,1,-10.71880240419533,19,-10.634674991293542,EyesOpen,False
sub-368,EyesClosed,posterior,2,-10.763026251720774,19,-10.634674991293542,EyesOpen,False
sub-368,EyesClosed,posterior,3,-10.797096730148759,19,-10.634674991293542,EyesOpen,False
sub-368,EyesClosed,posterior,4,-10.759481741077146,19,-10.634674991293542,EyesOpen,False
sub-368,EyesClosed,posterior,5,-10.673697220942586,19,-10.634674991293542,EyesOpen,False
sub-368,EyesOpen,posterior,0,-10.562427320643184,19,-10.634674991293542,EyesClosed,False
sub-368,EyesOpen,posterior,1,-10.549359239343005,19,-10.634674991293542,EyesClosed,False
sub-368,EyesOpen,posterior,2,-10.430287926062693,19,-10.634674991293542,EyesClosed,False
sub-368,EyesOpen,posterior,3,-10.595652761644498,19,-10.634674991293542,EyesClosed,False
sub-368,EyesOpen,posterior,4,-10.348017135054508,19,-10.634674991293542,EyesClosed,False
sub-368,EyesOpen,posterior,5,-10.531994542624206,19,-10.634674991293542,EyesClosed,False
sub-369,EyesClosed,posterior,0,-8.509770517013028,19,-9.04040041193484,EyesClosed,True
sub-369,EyesClosed,posterior,1,-8.6902055166543,19,-9.04040041193484,EyesClosed,True
sub-369,EyesClosed,posterior,2,-8.559949604199899,19,-9.04040041193484,EyesClosed,True
sub-369,EyesClosed,posterior,3,-8.653253913947767,19,-9.04040041193484,EyesClosed,True
sub-369,EyesClosed,posterior,4,-8.572048504428206,19,-9.04040041193484,EyesClosed,True
sub-369,EyesClosed,posterior,5,-8.811262730033961,19,-9.04040041193484,EyesClosed,True
sub-369,EyesOpen,posterior,0,-9.635027063217029,19,-9.04040041193484,EyesOpen,True
sub-369,EyesOpen,posterior,1,-9.269538093835717,19,-9.04040041193484,EyesOpen,True
sub-369,EyesOpen,posterior,2,-9.966493627842576,19,-9.04040041193484,EyesOpen,True
sub-369,EyesOpen,posterior,3,-9.724714985301187,19,-9.04040041193484,EyesOpen,True
sub-369,EyesOpen,posterior,4,-9.644968379546798,19,-9.04040041193484,EyesOpen,True
sub-369,EyesOpen,posterior,5,-9.75292032252765,19,-9.04040041193484,EyesOpen,True
sub-370,EyesClosed,posterior,0,-9.901228609823983,19,-9.901228609823983,EyesOpen,False
sub-370,EyesClosed,posterior,1,-9.285210888320599,19,-9.901228609823983,EyesClosed,True
sub-370,EyesClosed,posterior,2,-9.177252041070261,19,-9.901228609823983,EyesClosed,True
sub-370,EyesClosed,posterior,3,-9.389295282428789,19,-9.901228609823983,EyesClosed,True
sub-370,EyesClosed,posterior,4,-9.739326443576527,19,-9.901228609823983,EyesClosed,True
sub-370,EyesClosed,posterior,5,-9.348293111774069,19,-9.901228609823983,EyesClosed,True
sub-370,EyesClosed,posterior,6,-9.146724358842517,19,-9.901228609823983,EyesClosed,True
sub-370,EyesOpen,posterior,0,-10.408256206518317,19,-9.901228609823983,EyesOpen,True
sub-370,EyesOpen,posterior,1,-10.327284668600473,19,-9.901228609823983,EyesOpen,True
sub-370,EyesOpen,posterior,2,-10.394158086953128,19,-9.901228609823983,EyesOpen,True
sub-370,EyesOpen,posterior,3,-10.208836985399888,19,-9.901228609823983,EyesOpen,True
sub-370,EyesOpen,posterior,4,-10.234475279866126,19,-9.901228609823983,EyesOpen,True
sub-370,EyesOpen,posterior,5,-10.324243857528861,19,-9.901228609823983,EyesOpen,True
sub-371,EyesClosed,posterior,0,-8.784208952136058,19,-8.845242561844751,EyesClosed,True
sub-371,EyesClosed,posterior,1,-8.691727058775244,19,-8.845242561844751,EyesClosed,True
sub-371,EyesClosed,posterior,2,-8.757112435877417,19,-8.845242561844751,EyesClosed,True
sub-371,EyesClosed,posterior,3,-8.75524999595028,19,-8.845242561844751,EyesClosed,True
sub-371,EyesClosed,posterior,4,-8.804924802724287,19,-8.845242561844751,EyesClosed,True
sub-371,EyesClosed,posterior,5,-8.733695255567893,19,-8.845242561844751,EyesClosed,True
sub-371,EyesOpen,posterior,0,-9.141070443390857,19,-8.845242561844751,EyesOpen,True
sub-371,EyesOpen,posterior,1,-9.164098066735757,19,-8.845242561844751,EyesOpen,True
sub-371,EyesOpen,posterior,2,-9.391261296843572,19,-8.845242561844751,EyesOpen,True
sub-371,EyesOpen,posterior,3,-9.183226704016747,19,-8.845242561844751,EyesOpen,True
sub-371,EyesOpen,posterior,4,-8.885560320965215,19,-8.845242561844751,EyesOpen,True
sub-371,EyesOpen,posterior,5,-9.165544904127218,19,-8.845242561844751,EyesOpen,True
sub-372,EyesClosed,posterior,0,-9.93576821890345,19,-10.07875567539315,EyesClosed,True
sub-372,EyesClosed,posterior,1,-9.779783380538705,19,-10.07875567539315,EyesClosed,True
sub-372,EyesClosed,posterior,2,-9.604234652831927,19,-10.07875567539315,EyesClosed,True
sub-372,EyesClosed,posterior,3,-9.453937768750817,19,-10.07875567539315,EyesClosed,True
sub-372,EyesClosed,posterior,4,-9.473495034027213,19,-10.07875567539315,EyesClosed,True
sub-372,EyesClosed,posterior,5,-9.670632234833773,19,-10.07875567539315,EyesClosed,True
sub-372,EyesOpen,posterior,0,-10.233554233582312,19,-10.07875567539315,EyesOpen,True
sub-372,EyesOpen,posterior,1,-10.353564182886206,19,-10.07875567539315,EyesOpen,True
sub-372,EyesOpen,posterior,2,-10.281828497160564,19,-10.07875567539315,EyesOpen,True
sub-372,EyesOpen,posterior,3,-10.308673208334916,19,-10.07875567539315,EyesOpen,True
sub-372,EyesOpen,posterior,4,-10.221743131882853,19,-10.07875567539315,EyesOpen,True
sub-372,EyesOpen,posterior,5,-10.285851361690796,19,-10.07875567539315,EyesOpen,True
sub-373,EyesClosed,posterior,0,-8.582404799132245,19,-9.372849653157322,EyesClosed,True
sub-373,EyesClosed,posterior,1,-8.399080322618468,19,-9.372849653157322,EyesClosed,True
sub-373,EyesClosed,posterior,2,-8.398332754634108,19,-9.372849653157322,EyesClosed,True
sub-373,EyesClosed,posterior,3,-8.465389799259567,19,-9.372849653157322,EyesClosed,True
sub-373,EyesClosed,posterior,4,-8.45826352095587,19,-9.372849653157322,EyesClosed,True
sub-373,EyesClosed,posterior,5,-8.456289448319406,19,-9.372849653157322,EyesClosed,True
sub-373,EyesOpen,posterior,0,-10.302728547633812,19,-9.372849653157322,EyesOpen,True
sub-373,EyesOpen,posterior,1,-10.1632945071824,19,-9.372849653157322,EyesOpen,True
sub-373,EyesOpen,posterior,2,-10.176477149762478,19,-9.372849653157322,EyesOpen,True
sub-373,EyesOpen,posterior,3,-10.241753493861381,19,-9.372849653157322,EyesOpen,True
sub-373,EyesOpen,posterior,4,-10.279909737130907,19,-9.372849653157322,EyesOpen,True
sub-373,EyesOpen,posterior,5,-10.302617028786694,19,-9.372849653157322,EyesOpen,True
sub-374,EyesClosed,posterior,0,-9.069209605760559,19,-9.206300871218037,EyesClosed,True
sub-374,EyesClosed,posterior,1,-9.140559836736825,19,-9.206300871218037,EyesClosed,True
sub-374,EyesClosed,posterior,2,-8.83752892520705,19,-9.206300871218037,EyesClosed,True
sub-374,EyesClosed,posterior,3,-8.865885867437912,19,-9.206300871218037,EyesClosed,True
sub-374,EyesClosed,posterior,4,-8.902959243234182,19,-9.206300871218037,EyesClosed,True
sub-374,EyesClosed,posterior,5,-8.849160425377743,19,-9.206300871218037,EyesClosed,True
sub-374,EyesOpen,posterior,0,-9.272041905699249,19,-9.206300871218037,EyesOpen,True
sub-374,EyesOpen,posterior,1,-9.5179358698258,19,-9.206300871218037,EyesOpen,True
sub-374,EyesOpen,posterior,2,-9.31716472468662,19,-9.206300871218037,EyesOpen,True
sub-374,EyesOpen,posterior,3,-9.630337468170088,19,-9.206300871218037,EyesOpen,True
sub-374,EyesOpen,posterior,4,-9.37190209551754,19,-9.206300871218037,EyesOpen,True
sub-374,EyesOpen,posterior,5,-9.58207635915124,19,-9.206300871218037,EyesOpen,True
sub-375,EyesClosed,posterior,0,-9.821847155956341,19,-10.027214928025487,EyesClosed,True
sub-375,EyesClosed,posterior,1,-9.92850881774662,19,-10.027214928025487,EyesClosed,True
sub-375,EyesClosed,posterior,2,-9.792370740865712,19,-10.027214928025487,EyesClosed,True
sub-375,EyesClosed,posterior,3,-9.765936921568908,19,-10.027214928025487,EyesClosed,True
sub-375,EyesClosed,posterior,4,-9.833304192870777,19,-10.027214928025487,EyesClosed,True
sub-375,EyesClosed,posterior,5,-9.895795804902944,19,-10.027214928025487,EyesClosed,True
sub-375,EyesOpen,posterior,0,-10.146112935095587,19,-10.027214928025487,EyesOpen,True
sub-375,EyesOpen,posterior,1,-10.206360114113679,19,-10.027214928025487,EyesOpen,True
sub-375,EyesOpen,posterior,2,-10.304555017212046,19,-10.027214928025487,EyesOpen,True
sub-375,EyesOpen,posterior,3,-10.42914945490592,19,-10.027214928025487,EyesOpen,True
sub-375,EyesOpen,posterior,4,-10.43537876940603,19,-10.027214928025487,EyesOpen,True
sub-375,EyesOpen,posterior,5,-10.125921038304355,19,-10.027214928025487,EyesOpen,True
sub-376,EyesClosed,posterior,0,-10.068061853676502,19,-10.401404426903062,EyesClosed,True
sub-376,EyesClosed,posterior,1,-10.4591365071667,19,-10.401404426903062,EyesOpen,False
sub-376,EyesClosed,posterior,2,-10.065171268458101,19,-10.401404426903062,EyesClosed,True
sub-376,EyesClosed,posterior,3,-10.219460041452026,19,-10.401404426903062,EyesClosed,True
sub-376,EyesClosed,posterior,4,-10.016862117297228,19,-10.401404426903062,EyesClosed,True
sub-376,EyesClosed,posterior,5,-10.30653730811802,19,-10.401404426903062,EyesClosed,True
sub-376,EyesOpen,posterior,0,-10.500507693486993,19,-10.401404426903062,EyesOpen,True
sub-376,EyesOpen,posterior,1,-10.39132597922003,19,-10.401404426903062,EyesClosed,False
sub-376,EyesOpen,posterior,2,-10.503838568962825,19,-10.401404426903062,EyesOpen,True
sub-376,EyesOpen,posterior,3,-10.451767437854622,19,-10.401404426903062,EyesOpen,True
sub-376,EyesOpen,posterior,4,-10.411482874586094,19,-10.401404426903062,EyesOpen,True
sub-376,EyesOpen,posterior,5,-10.450746982170296,19,-10.401404426903062,EyesOpen,True
sub-377,EyesClosed,posterior,0,-10.542150888645656,19,-10.505270053712472,EyesOpen,False
sub-377,EyesClosed,posterior,1,-10.404279371861575,19,-10.505270053712472,EyesClosed,True
sub-377,EyesClosed,posterior,2,-10.422331458758947,19,-10.505270053712472,EyesClosed,True
sub-377,EyesClosed,posterior,3,-10.393946187974848,19,-10.505270053712472,EyesClosed,True
sub-377,EyesClosed,posterior,4,-10.41861452862823,19,-10.505270053712472,EyesClosed,True
sub-377,EyesClosed,posterior,5,-10.50547628603711,19,-10.505270053712472,EyesOpen,False
sub-377,EyesOpen,posterior,0,-10.564421154959902,19,-10.505270053712472,EyesOpen,True
sub-377,EyesOpen,posterior,1,-10.505063821387832,19,-10.505270053712472,EyesClosed,False
sub-377,EyesOpen,posterior,2,-10.466939841043608,19,-10.505270053712472,EyesClosed,False
sub-377,EyesOpen,posterior,3,-10.597556641771263,19,-10.505270053712472,EyesOpen,True
sub-377,EyesOpen,posterior,4,-10.63367414883564,19,-10.505270053712472,EyesOpen,True
sub-377,EyesOpen,posterior,5,-10.698144724050481,19,-10.505270053712472,EyesOpen,True
sub-378,EyesClosed,posterior,0,-9.641697943563495,19,-10.051956623867566,EyesClosed,True
sub-378,EyesClosed,posterior,1,-9.912435208086794,19,-10.051956623867566,EyesClosed,True
sub-378,EyesClosed,posterior,2,-9.530212171534497,19,-10.051956623867566,EyesClosed,True
sub-378,EyesClosed,posterior,3,-9.576989408177354,19,-10.051956623867566,EyesClosed,True
sub-378,EyesClosed,posterior,4,-9.671556819759365,19,-10.051956623867566,EyesClosed,True
sub-378,EyesClosed,posterior,5,-9.504486316521103,19,-10.051956623867566,EyesClosed,True
sub-378,EyesOpen,posterior,0,-10.40062991888433,19,-10.051956623867566,EyesOpen,True
sub-378,EyesOpen,posterior,1,-10.191478039648338,19,-10.051956623867566,EyesOpen,True
sub-378,EyesOpen,posterior,2,-10.29301784872783,19,-10.051956623867566,EyesOpen,True
sub-378,EyesOpen,posterior,3,-10.311258932766991,19,-10.051956623867566,EyesOpen,True
sub-378,EyesOpen,posterior,4,-10.338996974604797,19,-10.051956623867566,EyesOpen,True
sub-378,EyesOpen,posterior,5,-10.33456046116827,19,-10.051956623867566,EyesOpen,True
sub-379,EyesClosed,posterior,0,-8.433034299938003,19,-8.942117737280414,EyesClosed,True
sub-379,EyesClosed,posterior,1,-8.492716037563348,19,-8.942117737280414,EyesClosed,True
sub-379,EyesClosed,posterior,2,-8.686429244056383,19,-8.942117737280414,EyesClosed,True
sub-379,EyesClosed,posterior,3,-8.386773544258768,19,-8.942117737280414,EyesClosed,True
sub-379,EyesClosed,posterior,4,-8.573976284116403,19,-8.942117737280414,EyesClosed,True
sub-379,EyesClosed,posterior,5,-8.604749148585855,19,-8.942117737280414,EyesClosed,True
sub-379,EyesOpen,posterior,0,-10.209106753588673,19,-8.942117737280414,EyesOpen,True
sub-379,EyesOpen,posterior,1,-9.76019997934186,19,-8.942117737280414,EyesOpen,True
sub-379,EyesOpen,posterior,2,-9.815112661935904,19,-8.942117737280414,EyesOpen,True
sub-379,EyesOpen,posterior,3,-9.357557384342948,19,-8.942117737280414,EyesOpen,True
sub-379,EyesOpen,posterior,4,-9.197806230504446,19,-8.942117737280414,EyesOpen,True
sub-379,EyesOpen,posterior,5,-9.495717934037183,19,-8.942117737280414,EyesOpen,True
sub-380,EyesClosed,posterior,0,-9.430350310291134,19,-9.378772357304817,EyesOpen,False
sub-380,EyesClosed,posterior,1,-9.207959823385297,19,-9.378772357304817,EyesClosed,True
sub-380,EyesClosed,posterior,2,-9.327194404318499,19,-9.378772357304817,EyesClosed,True
sub-380,EyesClosed,posterior,3,-9.24928284309582,19,-9.378772357304817,EyesClosed,True
sub-380,EyesClosed,posterior,4,-9.315969857288442,19,-9.378772357304817,EyesClosed,True
sub-380,EyesClosed,posterior,5,-9.04266929887747,19,-9.378772357304817,EyesClosed,True
sub-380,EyesOpen,posterior,0,-10.235092626418858,19,-9.378772357304817,EyesOpen,True
sub-380,EyesOpen,posterior,1,-10.33358958490212,19,-9.378772357304817,EyesOpen,True
sub-380,EyesOpen,posterior,2,-10.299044195660478,19,-9.378772357304817,EyesOpen,True
sub-380,EyesOpen,posterior,3,-9.980238988496753,19,-9.378772357304817,EyesOpen,True
sub-380,EyesOpen,posterior,4,-10.207693586731509,19,-9.378772357304817,EyesOpen,True
sub-380,EyesOpen,posterior,5,-6.3806047043633205,19,-9.378772357304817,EyesClosed,False
sub-381,EyesClosed,posterior,0,-9.718919893068094,19,-9.818041184454703,EyesClosed,True
sub-381,EyesClosed,posterior,1,-9.884488075776286,19,-9.818041184454703,EyesOpen,False
sub-381,EyesClosed,posterior,2,-9.886039413138777,19,-9.818041184454703,EyesOpen,False
sub-381,EyesClosed,posterior,3,-9.971312378664429,19,-9.818041184454703,EyesOpen,False
sub-381,EyesClosed,posterior,4,-9.641256267644092,19,-9.818041184454703,EyesClosed,True
sub-381,EyesClosed,posterior,5,-9.213766164579102,19,-9.818041184454703,EyesClosed,True
sub-381,EyesOpen,posterior,0,-9.787883109702523,19,-9.818041184454703,EyesClosed,False
sub-381,EyesOpen,posterior,1,-9.848199259206881,19,-9.818041184454703,EyesOpen,True
sub-381,EyesOpen,posterior,2,-9.888686121997306,19,-9.818041184454703,EyesOpen,True
sub-381,EyesOpen,posterior,3,-9.99293983032153,19,-9.818041184454703,EyesOpen,True
sub-381,EyesOpen,posterior,4,-9.601020804585051,19,-9.818041184454703,EyesClosed,False
sub-381,EyesOpen,posterior,5,-9.699871998744436,19,-9.818041184454703,EyesClosed,False
sub-382,EyesClosed,posterior,0,-10.595964243568652,19,-10.524950210728868,EyesOpen,False
sub-382,EyesClosed,posterior,1,-10.544337886328863,19,-10.524950210728868,EyesOpen,False
sub-382,EyesClosed,posterior,2,-10.524950210728868,19,-10.524950210728868,EyesOpen,False
sub-382,EyesClosed,posterior,3,-10.595755647401903,19,-10.524950210728868,EyesOpen,False
sub-382,EyesClosed,posterior,4,-10.486576981827898,19,-10.524950210728868,EyesClosed,True
sub-382,EyesClosed,posterior,5,-10.522840365884093,19,-10.524950210728868,EyesClosed,True
sub-382,EyesClosed,posterior,6,-10.52239244672024,19,-10.524950210728868,EyesClosed,True
sub-382,EyesOpen,posterior,0,-10.570603175392101,19,-10.524950210728868,EyesOpen,True
sub-382,EyesOpen,posterior,1,-10.537536595519295,19,-10.524950210728868,EyesOpen,True
sub-382,EyesOpen,posterior,2,-10.443881025795724,19,-10.524950210728868,EyesClosed,False
sub-382,EyesOpen,posterior,3,-10.482253029405296,19,-10.524950210728868,EyesClosed,False
sub-382,EyesOpen,posterior,4,-10.551677031246456,19,-10.524950210728868,EyesOpen,True
sub-382,EyesOpen,posterior,5,-10.517288991695093,19,-10.524950210728868,EyesClosed,False
sub-383,EyesClosed,posterior,0,-9.905716282277023,19,-9.981078096672054,EyesClosed,True
sub-383,EyesClosed,posterior,1,-9.051091266771893,19,-9.981078096672054,EyesClosed,True
sub-383,EyesClosed,posterior,2,-9.035980169485809,19,-9.981078096672054,EyesClosed,True
sub-383,EyesClosed,posterior,3,-9.659848338225347,19,-9.981078096672054,EyesClosed,True
sub-383,EyesClosed,posterior,4,-8.972207336786937,19,-9.981078096672054,EyesClosed,True
sub-383,EyesClosed,posterior,5,-9.084701859673432,19,-9.981078096672054,EyesClosed,True
sub-383,EyesOpen,posterior,0,-10.237972317656844,19,-9.981078096672054,EyesOpen,True
sub-383,EyesOpen,posterior,1,-10.147327929047561,19,-9.981078096672054,EyesOpen,True
sub-383,EyesOpen,posterior,2,-10.058180181153462,19,-9.981078096672054,EyesOpen,True
sub-383,EyesOpen,posterior,3,-10.147339496955812,19,-9.981078096672054,EyesOpen,True
sub-383,EyesOpen,posterior,4,-10.096932935552932,19,-9.981078096672054,EyesOpen,True
sub-383,EyesOpen,posterior,5,-10.056439911067082,19,-9.981078096672054,EyesOpen,True
sub-384,EyesClosed,posterior,0,-9.57594225777504,19,-9.738746092225366,EyesClosed,True
sub-384,EyesClosed,posterior,1,-9.384032007274007,19,-9.738746092225366,EyesClosed,True
sub-384,EyesClosed,posterior,2,-9.36510172048658,19,-9.738746092225366,EyesClosed,True
sub-384,EyesClosed,posterior,3,-9.230676250769287,19,-9.738746092225366,EyesClosed,True
sub-384,EyesClosed,posterior,4,-9.269634651802658,19,-9.738746092225366,EyesClosed,True
sub-384,EyesClosed,posterior,5,-9.20649882056929,19,-9.738746092225366,EyesClosed,True
sub-384,EyesOpen,posterior,0,-10.211774729567306,19,-9.738746092225366,EyesOpen,True
sub-384,EyesOpen,posterior,1,-9.904165666879534,19,-9.738746092225366,EyesOpen,True
sub-384,EyesOpen,posterior,2,-9.90154992667569,19,-9.738746092225366,EyesOpen,True
sub-384,EyesOpen,posterior,3,-9.96959729121163,19,-9.738746092225366,EyesOpen,True
sub-384,EyesOpen,posterior,4,-9.924040791864737,19,-9.738746092225366,EyesOpen,True
sub-384,EyesOpen,posterior,5,-10.034954081532252,19,-9.738746092225366,EyesOpen,True
sub-385,EyesClosed,posterior,0,-8.567979196617433,19,-8.882083536421225,EyesClosed,True
sub-385,EyesClosed,posterior,1,-8.53724821932875,19,-8.882083536421225,EyesClosed,True
sub-385,EyesClosed,posterior,2,-8.540879032721408,19,-8.882083536421225,EyesClosed,True
sub-385,EyesClosed,posterior,3,-8.427074850437874,19,-8.882083536421225,EyesClosed,True
sub-385,EyesClosed,posterior,4,-8.45229097540457,19,-8.882083536421225,EyesClosed,True
sub-385,EyesClosed,posterior,5,-8.629121076008873,19,-8.882083536421225,EyesClosed,True
sub-385,EyesOpen,posterior,0,-10.051169225159128,19,-8.882083536421225,EyesOpen,True
sub-385,EyesOpen,posterior,1,-9.888583809434142,19,-8.882083536421225,EyesOpen,True
sub-385,EyesOpen,posterior,2,-9.51308843002308,19,-8.882083536421225,EyesOpen,True
sub-385,EyesOpen,posterior,3,-9.809475856169067,19,-8.882083536421225,EyesOpen,True
sub-385,EyesOpen,posterior,4,-9.135045996833577,19,-8.882083536421225,EyesOpen,True
sub-385,EyesOpen,posterior,5,-9.779322890227126,19,-8.882083536421225,EyesOpen,True
sub-386,EyesClosed,posterior,0,-9.553394782619865,19,-9.735938993232146,EyesClosed,True
sub-386,EyesClosed,posterior,1,-9.556722959613111,19,-9.735938993232146,EyesClosed,True
sub-386,EyesClosed,posterior,2,-9.360807036747374,19,-9.735938993232146,EyesClosed,True
sub-386,EyesClosed,posterior,3,-9.585167850497275,19,-9.735938993232146,EyesClosed,True
sub-386,EyesClosed,posterior,4,-9.452231238989462,19,-9.735938993232146,EyesClosed,True
sub-386,EyesClosed,posterior,5,-9.4141767790082,19,-9.735938993232146,EyesClosed,True
sub-386,EyesOpen,posterior,0,-9.93536009334473,19,-9.735938993232146,EyesOpen,True
sub-386,EyesOpen,posterior,1,-9.88671013596702,19,-9.735938993232146,EyesOpen,True
sub-386,EyesOpen,posterior,2,-9.958895083848926,19,-9.735938993232146,EyesOpen,True
sub-386,EyesOpen,posterior,3,-9.926935551789056,19,-9.735938993232146,EyesOpen,True
sub-386,EyesOpen,posterior,4,-9.951674520245485,19,-9.735938993232146,EyesOpen,True
sub-386,EyesOpen,posterior,5,-9.900970278558688,19,-9.735938993232146,EyesOpen,True
sub-387,EyesClosed,posterior,0,-9.922780885611525,19,-10.04622354345523,EyesClosed,True
sub-387,EyesClosed,posterior,1,-9.836925257716933,19,-10.04622354345523,EyesClosed,True
sub-387,EyesClosed,posterior,2,-9.888785243468899,19,-10.04622354345523,EyesClosed,True
sub-387,EyesClosed,posterior,3,-10.032790551343842,19,-10.04622354345523,EyesClosed,True
sub-387,EyesClosed,posterior,4,-9.915409534893469,19,-10.04622354345523,EyesClosed,True
sub-387,EyesClosed,posterior,5,-9.834452391461271,19,-10.04622354345523,EyesClosed,True
sub-387,EyesOpen,posterior,0,-10.215786402736708,19,-10.04622354345523,EyesOpen,True
sub-387,EyesOpen,posterior,1,-10.16040092940495,19,-10.04622354345523,EyesOpen,True
sub-387,EyesOpen,posterior,2,-10.059656535566617,19,-10.04622354345523,EyesOpen,True
sub-387,EyesOpen,posterior,3,-10.283436754260267,19,-10.04622354345523,EyesOpen,True
sub-387,EyesOpen,posterior,4,-10.12218399474428,19,-10.04622354345523,EyesOpen,True
sub-387,EyesOpen,posterior,5,-10.155431282124349,19,-10.04622354345523,EyesOpen,True
sub-388,EyesClosed,posterior,0,-10.197137650208301,19,-10.19338331958134,EyesOpen,False
sub-388,EyesClosed,posterior,1,-10.204418915257088,19,-10.19338331958134,EyesOpen,False
sub-388,EyesClosed,posterior,2,-10.03000659599896,19,-10.19338331958134,EyesClosed,True
sub-388,EyesClosed,posterior,3,-9.662357263184361,19,-10.19338331958134,EyesClosed,True
sub-388,EyesClosed,posterior,4,-9.87383988883085,19,-10.19338331958134,EyesClosed,True
sub-388,EyesClosed,posterior,5,-9.90320711331226,19,-10.19338331958134,EyesClosed,True
sub-388,EyesOpen,posterior,0,-10.189628988954379,19,-10.19338331958134,EyesClosed,False
sub-388,EyesOpen,posterior,1,-10.182482219394526,19,-10.19338331958134,EyesClosed,False
sub-388,EyesOpen,posterior,2,-10.231279036869957,19,-10.19338331958134,EyesOpen,True
sub-388,EyesOpen,posterior,3,-10.208572606855459,19,-10.19338331958134,EyesOpen,True
sub-388,EyesOpen,posterior,4,-10.227387008000045,19,-10.19338331958134,EyesOpen,True
sub-388,EyesOpen,posterior,5,-10.363601102338713,19,-10.19338331958134,EyesOpen,True
sub-389,EyesClosed,posterior,0,-10.32270297570239,19,-10.46614106270848,EyesClosed,True
sub-389,EyesClosed,posterior,1,-10.257528201490935,19,-10.46614106270848,EyesClosed,True
sub-389,EyesClosed,posterior,2,-10.238007845774838,19,-10.46614106270848,EyesClosed,True
sub-389,EyesClosed,posterior,3,-10.251095065336571,19,-10.46614106270848,EyesClosed,True
sub-389,EyesClosed,posterior,4,-10.307152512736666,19,-10.46614106270848,EyesClosed,True
sub-389,EyesClosed,posterior,5,-10.244753822464743,19,-10.46614106270848,EyesClosed,True
sub-389,EyesOpen,posterior,0,-10.650019718289848,19,-10.46614106270848,EyesOpen,True
sub-389,EyesOpen,posterior,1,-10.615378927383091,19,-10.46614106270848,EyesOpen,True
sub-389,EyesOpen,posterior,2,-10.653918793117088,19,-10.46614106270848,EyesOpen,True
sub-389,EyesOpen,posterior,3,-10.609579149714571,19,-10.46614106270848,EyesOpen,True
sub-389,EyesOpen,posterior,4,-10.669532578010115,19,-10.46614106270848,EyesOpen,True
sub-389,EyesOpen,posterior,5,-10.683361814138694,19,-10.46614106270848,EyesOpen,True
sub-390,EyesClosed,posterior,0,-9.20613954182447,19,-9.756508245687181,EyesClosed,True
sub-390,EyesClosed,posterior,1,-9.288984611540158,19,-9.756508245687181,EyesClosed,True
sub-390,EyesClosed,posterior,2,-9.269773269260922,19,-9.756508245687181,EyesClosed,True
sub-390,EyesClosed,posterior,3,-9.146405980941356,19,-9.756508245687181,EyesClosed,True
sub-390,EyesClosed,posterior,4,-9.31730295570971,19,-9.756508245687181,EyesClosed,True
sub-390,EyesClosed,posterior,5,-9.253431505702775,19,-9.756508245687181,EyesClosed,True
sub-390,EyesOpen,posterior,0,-10.374286696457666,19,-9.756508245687181,EyesOpen,True
sub-390,EyesOpen,posterior,1,-10.195713535664652,19,-9.756508245687181,EyesOpen,True
sub-390,EyesOpen,posterior,2,-10.373828797945581,19,-9.756508245687181,EyesOpen,True
sub-390,EyesOpen,posterior,3,-10.278724912945723,19,-9.756508245687181,EyesOpen,True
sub-390,EyesOpen,posterior,4,-10.330022195694113,19,-9.756508245687181,EyesOpen,True
sub-390,EyesOpen,posterior,5,-10.44936154612085,19,-9.756508245687181,EyesOpen,True
sub-391,EyesClosed,posterior,0,-9.15533943722449,19,-9.616215698794466,EyesClosed,True
sub-391,EyesClosed,posterior,1,-9.186229464829902,19,-9.616215698794466,EyesClosed,True
sub-391,EyesClosed,posterior,2,-9.044281917309727,19,-9.616215698794466,EyesClosed,True
sub-391,EyesClosed,posterior,3,-9.297597536912924,19,-9.616215698794466,EyesClosed,True
sub-391,EyesClosed,posterior,4,-9.261722292532353,19,-9.616215698794466,EyesClosed,True
sub-391,EyesClosed,posterior,5,-9.279191486686889,19,-9.616215698794466,EyesClosed,True
sub-391,EyesOpen,posterior,0,-9.990514050428462,19,-9.616215698794466,EyesOpen,True
sub-391,EyesOpen,posterior,1,-9.93483386067601,19,-9.616215698794466,EyesOpen,True
sub-391,EyesOpen,posterior,2,-9.97571129213606,19,-9.616215698794466,EyesOpen,True
sub-391,EyesOpen,posterior,3,-10.022749296768641,19,-9.616215698794466,EyesOpen,True
sub-391,EyesOpen,posterior,4,-10.059213802051492,19,-9.616215698794466,EyesOpen,True
sub-391,EyesOpen,posterior,5,-9.997542358724884,19,-9.616215698794466,EyesOpen,True
sub-392,EyesClosed,posterior,0,-9.062382194316758,19,-9.536422915799498,EyesClosed,True
sub-392,EyesClosed,posterior,1,-9.219168730942288,19,-9.536422915799498,EyesClosed,True
sub-392,EyesClosed,posterior,2,-9.251685920996577,19,-9.536422915799498,EyesClosed,True
sub-392,EyesClosed,posterior,3,-9.281430772492397,19,-9.536422915799498,EyesClosed,True
sub-392,EyesClosed,posterior,4,-9.38517699647792,19,-9.536422915799498,EyesClosed,True
sub-392,EyesClosed,posterior,5,-9.220248839206244,19,-9.536422915799498,EyesClosed,True
sub-392,EyesOpen,posterior,0,-9.856627332241025,19,-9.536422915799498,EyesOpen,True
sub-392,EyesOpen,posterior,1,-9.823280293507363,19,-9.536422915799498,EyesOpen,True
sub-392,EyesOpen,posterior,2,-9.687668835121077,19,-9.536422915799498,EyesOpen,True
sub-392,EyesOpen,posterior,3,-9.912871997136067,19,-9.536422915799498,EyesOpen,True
sub-392,EyesOpen,posterior,4,-9.794102920715881,19,-9.536422915799498,EyesOpen,True
sub-392,EyesOpen,posterior,5,-9.87386196871865,19,-9.536422915799498,EyesOpen,True
sub-393,EyesClosed,posterior,0,-9.579850228096909,19,-9.866621273230058,EyesClosed,True
sub-393,EyesClosed,posterior,1,-9.624369636973736,19,-9.866621273230058,EyesClosed,True
sub-393,EyesClosed,posterior,2,-9.801140908177011,19,-9.866621273230058,EyesClosed,True
sub-393,EyesClosed,posterior,3,-9.847874401123637,19,-9.866621273230058,EyesClosed,True
sub-393,EyesClosed,posterior,4,-9.814344516468145,19,-9.866621273230058,EyesClosed,True
sub-393,EyesClosed,posterior,5,-9.683488379617577,19,-9.866621273230058,EyesClosed,True
sub-393,EyesClosed,posterior,6,-9.866621273230058,19,-9.866621273230058,EyesOpen,False
sub-393,EyesOpen,posterior,0,-10.597243958093307,19,-9.866621273230058,EyesOpen,True
sub-393,EyesOpen,posterior,1,-10.48171783724863,19,-9.866621273230058,EyesOpen,True
sub-393,EyesOpen,posterior,2,-10.467369615842944,19,-9.866621273230058,EyesOpen,True
sub-393,EyesOpen,posterior,3,-10.459044016804299,19,-9.866621273230058,EyesOpen,True
sub-393,EyesOpen,posterior,4,-10.568651808634012,19,-9.866621273230058,EyesOpen,True
sub-393,EyesOpen,posterior,5,-10.53942301475459,19,-9.866621273230058,EyesOpen,True
sub-394,EyesClosed,posterior,0,-8.367308533302893,19,-8.816276432011342,EyesClosed,True
sub-394,EyesClosed,posterior,1,-8.449933544156885,19,-8.816276432011342,EyesClosed,True
sub-394,EyesClosed,posterior,2,-8.599578761513152,19,-8.816276432011342,EyesClosed,True
sub-394,EyesClosed,posterior,3,-8.455818387392467,19,-8.816276432011342,EyesClosed,True
sub-394,EyesClosed,posterior,4,-8.465804850649953,19,-8.816276432011342,EyesClosed,True
sub-394,EyesClosed,posterior,5,-8.530647753784002,19,-8.816276432011342,EyesClosed,True
sub-394,EyesOpen,posterior,0,-9.61228969496475,19,-8.816276432011342,EyesOpen,True
sub-394,EyesOpen,posterior,1,-9.032974102509533,19,-8.816276432011342,EyesOpen,True
sub-394,EyesOpen,posterior,2,-9.304240602422972,19,-8.816276432011342,EyesOpen,True
sub-394,EyesOpen,posterior,3,-9.667840758678075,19,-8.816276432011342,EyesOpen,True
sub-394,EyesOpen,posterior,4,-9.844133122553552,19,-8.816276432011342,EyesOpen,True
sub-394,EyesOpen,posterior,5,-9.628813110334313,19,-8.816276432011342,EyesOpen,True
sub-395,EyesClosed,posterior,0,-9.46934636487802,19,-9.733722921554216,EyesClosed,True
sub-395,EyesClosed,posterior,1,-9.312413310302295,19,-9.733722921554216,EyesClosed,True
sub-395,EyesClosed,posterior,2,-9.473190628734185,19,-9.733722921554216,EyesClosed,True
sub-395,EyesClosed,posterior,3,-9.505978868722876,19,-9.733722921554216,EyesClosed,True
sub-395,EyesClosed,posterior,4,-9.724033775241741,19,-9.733722921554216,EyesClosed,True
sub-395,EyesClosed,posterior,5,-9.523236115305998,19,-9.733722921554216,EyesClosed,True
sub-395,EyesOpen,posterior,0,-10.40344280297584,19,-9.733722921554216,EyesOpen,True
sub-395,EyesOpen,posterior,1,-10.11578048733155,19,-9.733722921554216,EyesOpen,True
sub-395,EyesOpen,posterior,2,-10.187704509451533,19,-9.733722921554216,EyesOpen,True
sub-395,EyesOpen,posterior,3,-9.963951554379637,19,-9.733722921554216,EyesOpen,True
sub-395,EyesOpen,posterior,4,-9.743412067866691,19,-9.733722921554216,EyesOpen,True
sub-395,EyesOpen,posterior,5,-9.859834034537943,19,-9.733722921554216,EyesOpen,True
sub-396,EyesClosed,posterior,0,-9.776396074424628,19,-10.21062094098145,EyesClosed,True
sub-396,EyesClosed,posterior,1,-9.781510618919084,19,-10.21062094098145,EyesClosed,True
sub-396,EyesClosed,posterior,2,-10.091564917287455,19,-10.21062094098145,EyesClosed,True
sub-396,EyesClosed,posterior,3,-9.970445372339093,19,-10.21062094098145,EyesClosed,True
sub-396,EyesClosed,posterior,4,-10.141718691398497,19,-10.21062094098145,EyesClosed,True
sub-396,EyesClosed,posterior,5,-10.036212625437068,19,-10.21062094098145,EyesClosed,True
sub-396,EyesOpen,posterior,0,-10.279523190564404,19,-10.21062094098145,EyesOpen,True
sub-396,EyesOpen,posterior,1,-10.285138312483188,19,-10.21062094098145,EyesOpen,True
sub-396,EyesOpen,posterior,2,-10.301070028495909,19,-10.21062094098145,EyesOpen,True
sub-396,EyesOpen,posterior,3,-10.312762948893647,19,-10.21062094098145,EyesOpen,True
sub-396,EyesOpen,posterior,4,-10.398625903329828,19,-10.21062094098145,EyesOpen,True
sub-396,EyesOpen,posterior,5,-10.364180197944684,19,-10.21062094098145,EyesOpen,True
sub-397,EyesClosed,posterior,0,-9.325120131876258,19,-9.830423996231616,EyesClosed,True
sub-397,EyesClosed,posterior,1,-9.42925214132032,19,-9.830423996231616,EyesClosed,True
sub-397,EyesClosed,posterior,2,-9.258283502326732,19,-9.830423996231616,EyesClosed,True
sub-397,EyesClosed,posterior,3,-9.381959434746824,19,-9.830423996231616,EyesClosed,True
sub-397,EyesClosed,posterior,4,-9.260356166655503,19,-9.830423996231616,EyesClosed,True
sub-397,EyesClosed,posterior,5,-9.461855439948499,19,-9.830423996231616,EyesClosed,True
sub-397,EyesOpen,posterior,0,-10.236348462557432,19,-9.830423996231616,EyesOpen,True
sub-397,EyesOpen,posterior,1,-10.268489086467461,19,-9.830423996231616,EyesOpen,True
sub-397,EyesOpen,posterior,2,-10.229694935726823,19,-9.830423996231616,EyesOpen,True
sub-397,EyesOpen,posterior,3,-10.198992552514733,19,-9.830423996231616,EyesOpen,True
sub-397,EyesOpen,posterior,4,-10.209630305591627,19,-9.830423996231616,EyesOpen,True
sub-397,EyesOpen,posterior,5,-10.29019213602851,19,-9.830423996231616,EyesOpen,True
sub-398,EyesClosed,posterior,0,-8.776009124678215,19,-9.664956508165444,EyesClosed,True
sub-398,EyesClosed,posterior,1,-8.852786055698125,19,-9.664956508165444,EyesClosed,True
sub-398,EyesClosed,posterior,2,-9.03350660097552,19,-9.664956508165444,EyesClosed,True
sub-398,EyesClosed,posterior,3,-9.032351706187482,19,-9.664956508165444,EyesClosed,True
sub-398,EyesClosed,posterior,4,-8.876692766723941,19,-9.664956508165444,EyesClosed,True
sub-398,EyesClosed,posterior,5,-9.0874543328888,19,-9.664956508165444,EyesClosed,True
sub-398,EyesOpen,posterior,0,-10.437517246392066,19,-9.664956508165444,EyesOpen,True
sub-398,EyesOpen,posterior,1,-10.400997380661357,19,-9.664956508165444,EyesOpen,True
sub-398,EyesOpen,posterior,2,-10.362134225226844,19,-9.664956508165444,EyesOpen,True
sub-398,EyesOpen,posterior,3,-10.478462635687388,19,-9.664956508165444,EyesOpen,True
sub-398,EyesOpen,posterior,4,-10.38253578680251,19,-9.664956508165444,EyesOpen,True
sub-398,EyesOpen,posterior,5,-10.242458683442088,19,-9.664956508165444,EyesOpen,True
sub-399,EyesClosed,posterior,0,-10.457964954862126,19,-10.431172148842105,EyesOpen,False
sub-399,EyesClosed,posterior,1,-10.419968510479745,19,-10.431172148842105,EyesClosed,True
sub-399,EyesClosed,posterior,2,-10.46663154623738,19,-10.431172148842105,EyesOpen,False
sub-399,EyesClosed,posterior,3,-10.531050235023931,19,-10.431172148842105,EyesOpen,False
sub-399,EyesClosed,posterior,4,-10.584041004397893,19,-10.431172148842105,EyesOpen,False
sub-399,EyesClosed,posterior,5,-10.474157427796767,19,-10.431172148842105,EyesOpen,False
sub-399,EyesOpen,posterior,0,-10.351400493379565,19,-10.431172148842105,EyesClosed,False
sub-399,EyesOpen,posterior,1,-10.107297089870901,19,-10.431172148842105,EyesClosed,False
sub-399,EyesOpen,posterior,2,-10.348998452441075,19,-10.431172148842105,EyesClosed,False
sub-399,EyesOpen,posterior,3,-10.275352178302038,19,-10.431172148842105,EyesClosed,False
sub-399,EyesOpen,posterior,4,-10.164529115327454,19,-10.431172148842105,EyesClosed,False
sub-399,EyesOpen,posterior,5,-10.442375787204465,19,-10.431172148842105,EyesOpen,True
sub-400,EyesClosed,posterior,0,-9.313166893207256,19,-9.616471063709685,EyesClosed,True
sub-400,EyesClosed,posterior,1,-9.194274503870536,19,-9.616471063709685,EyesClosed,True
sub-400,EyesClosed,posterior,2,-9.427099922106768,19,-9.616471063709685,EyesClosed,True
sub-400,EyesClosed,posterior,3,-9.422514163982532,19,-9.616471063709685,EyesClosed,True
sub-400,EyesClosed,posterior,4,-8.988800921947528,19,-9.616471063709685,EyesClosed,True
sub-400,EyesClosed,posterior,5,-9.18986624159544,19,-9.616471063709685,EyesClosed,True
sub-400,EyesOpen,posterior,0,-10.222192486801404,19,-9.616471063709685,EyesOpen,True
sub-400,EyesOpen,posterior,1,-9.805842205312603,19,-9.616471063709685,EyesOpen,True
sub-400,EyesOpen,posterior,2,-9.886684165901842,19,-9.616471063709685,EyesOpen,True
sub-400,EyesOpen,posterior,3,-9.833536515755204,19,-9.616471063709685,EyesOpen,True
sub-400,EyesOpen,posterior,4,-10.068620933996675,19,-9.616471063709685,EyesOpen,True
sub-400,EyesOpen,posterior,5,-10.143037054068007,19,-9.616471063709685,EyesOpen,True
sub-401,EyesClosed,posterior,0,-10.82690358594676,19,-10.747533394044211,EyesOpen,False
sub-401,EyesClosed,posterior,1,-10.730700338932811,19,-10.747533394044211,EyesClosed,True
sub-401,EyesClosed,posterior,2,-10.761399946809302,19,-10.747533394044211,EyesOpen,False
sub-401,EyesClosed,posterior,3,-10.733666841279119,19,-10.747533394044211,EyesClosed,True
sub-401,EyesClosed,posterior,4,-10.7200803602823,19,-10.747533394044211,EyesClosed,True
sub-401,EyesClosed,posterior,5,-10.778415744773492,19,-10.747533394044211,EyesOpen,False
sub-401,EyesOpen,posterior,0,-10.727418045051007,19,-10.747533394044211,EyesClosed,False
sub-401,EyesOpen,posterior,1,-10.768102534822493,19,-10.747533394044211,EyesOpen,True
sub-401,EyesOpen,posterior,2,-10.714610395226355,19,-10.747533394044211,EyesClosed,False
sub-401,EyesOpen,posterior,3,-10.65847130156083,19,-10.747533394044211,EyesClosed,False
sub-401,EyesOpen,posterior,4,-10.817298501891539,19,-10.747533394044211,EyesOpen,True
sub-401,EyesOpen,posterior,5,-10.844322669788008,19,-10.747533394044211,EyesOpen,True
sub-402,EyesClosed,posterior,0,-9.516748595071148,19,-9.785576803347077,EyesClosed,True
sub-402,EyesClosed,posterior,1,-9.275066081717542,19,-9.785576803347077,EyesClosed,True
sub-402,EyesClosed,posterior,2,-9.44669358129112,19,-9.785576803347077,EyesClosed,True
sub-402,EyesClosed,posterior,3,-9.584973048750916,19,-9.785576803347077,EyesClosed,True
sub-402,EyesClosed,posterior,4,-9.64514221536798,19,-9.785576803347077,EyesClosed,True
sub-402,EyesClosed,posterior,5,-9.540207237959555,19,-9.785576803347077,EyesClosed,True
sub-402,EyesOpen,posterior,0,-10.094503643954155,19,-9.785576803347077,EyesOpen,True
sub-402,EyesOpen,posterior,1,-10.133995497317906,19,-9.785576803347077,EyesOpen,True
sub-402,EyesOpen,posterior,2,-9.930385841212338,19,-9.785576803347077,EyesOpen,True
sub-402,EyesOpen,posterior,3,-10.258961309187775,19,-9.785576803347077,EyesOpen,True
sub-402,EyesOpen,posterior,4,-9.926011391326172,19,-9.785576803347077,EyesOpen,True
sub-402,EyesOpen,posterior,5,-9.987894116448434,19,-9.785576803347077,EyesOpen,True
sub-403,EyesClosed,posterior,0,-8.695051593427797,19,-9.086642150855644,EyesClosed,True
sub-403,EyesClosed,posterior,1,-8.734665486378882,19,-9.086642150855644,EyesClosed,True
sub-403,EyesClosed,posterior,2,-8.812864341510945,19,-9.086642150855644,EyesClosed,True
sub-403,EyesClosed,posterior,3,-8.655721643460438,19,-9.086642150855644,EyesClosed,True
sub-403,EyesClosed,posterior,4,-8.67441202355178,19,-9.086642150855644,EyesClosed,True
sub-403,EyesClosed,posterior,5,-8.700028082471373,19,-9.086642150855644,EyesClosed,True
sub-403,EyesOpen,posterior,0,-9.347713707130636,19,-9.086642150855644,EyesOpen,True
sub-403,EyesOpen,posterior,1,-9.086642150855644,19,-9.086642150855644,EyesOpen,True
sub-403,EyesOpen,posterior,2,-9.337741197475669,19,-9.086642150855644,EyesOpen,True
sub-403,EyesOpen,posterior,3,-9.384897417493429,19,-9.086642150855644,EyesOpen,True
sub-403,EyesOpen,posterior,4,-9.833499124242296,19,-9.086642150855644,EyesOpen,True
sub-403,EyesOpen,posterior,5,-9.380624045218083,19,-9.086642150855644,EyesOpen,True
sub-403,EyesOpen,posterior,6,-9.179106858899504,19,-9.086642150855644,EyesOpen,True
sub-404,EyesClosed,posterior,0,-9.007858058758258,19,-9.61378205524991,EyesClosed,True
sub-404,EyesClosed,posterior,1,-9.05989121710057,19,-9.61378205524991,EyesClosed,True
sub-404,EyesClosed,posterior,2,-9.020793831595888,19,-9.61378205524991,EyesClosed,True
sub-404,EyesClosed,posterior,3,-8.94254390275919,19,-9.61378205524991,EyesClosed,True
sub-404,EyesClosed,posterior,4,-8.985835009409662,19,-9.61378205524991,EyesClosed,True
sub-404,EyesClosed,posterior,5,-8.916703170025615,19,-9.61378205524991,EyesClosed,True
sub-404,EyesOpen,posterior,0,-10.466209033870744,19,-9.61378205524991,EyesOpen,True
sub-404,EyesOpen,posterior,1,-10.363333172732831,19,-9.61378205524991,EyesOpen,True
sub-404,EyesOpen,posterior,2,-10.38267100032153,19,-9.61378205524991,EyesOpen,True
sub-404,EyesOpen,posterior,3,-10.248001218345584,19,-9.61378205524991,EyesOpen,True
sub-404,EyesOpen,posterior,4,-10.385251197596254,19,-9.61378205524991,EyesOpen,True
sub-404,EyesOpen,posterior,5,-10.16767289339925,19,-9.61378205524991,EyesOpen,True
sub-405,EyesClosed,posterior,0,-10.289548439328106,19,-10.456919196417704,EyesClosed,True
sub-405,EyesClosed,posterior,1,-9.834702003762244,19,-10.456919196417704,EyesClosed,True
sub-405,EyesClosed,posterior,2,-9.907573142589946,19,-10.456919196417704,EyesClosed,True
sub-405,EyesClosed,posterior,3,-9.832573521100594,19,-10.456919196417704,EyesClosed,True
sub-405,EyesClosed,posterior,4,-10.013720521939984,19,-10.456919196417704,EyesClosed,True
sub-405,EyesClosed,posterior,5,-9.924188924294997,19,-10.456919196417704,EyesClosed,True
sub-405,EyesOpen,posterior,0,-10.48269445594495,19,-10.456919196417704,EyesOpen,True
sub-405,EyesOpen,posterior,1,-10.67812291352288,19,-10.456919196417704,EyesOpen,True
sub-405,EyesOpen,posterior,2,-10.538318643463084,19,-10.456919196417704,EyesOpen,True
sub-405,EyesOpen,posterior,3,-10.799410077642305,19,-10.456919196417704,EyesOpen,True
sub-405,EyesOpen,posterior,4,-10.827424673206847,19,-10.456919196417704,EyesOpen,True
sub-405,EyesOpen,posterior,5,-10.514780386169768,19,-10.456919196417704,EyesOpen,True
sub-405,EyesOpen,posterior,6,-10.456919196417704,19,-10.456919196417704,EyesOpen,True
sub-406,EyesClosed,posterior,0,-9.753396109988165,19,-9.930632625457607,EyesClosed,True
sub-406,EyesClosed,posterior,1,-9.707390384879576,19,-9.930632625457607,EyesClosed,True
sub-406,EyesClosed,posterior,2,-9.735001615858971,19,-9.930632625457607,EyesClosed,True
sub-406,EyesClosed,posterior,3,-9.886728668435511,19,-9.930632625457607,EyesClosed,True
sub-406,EyesClosed,posterior,4,-9.673555957585773,19,-9.930632625457607,EyesClosed,True
sub-406,EyesClosed,posterior,5,-9.847690873777045,19,-9.930632625457607,EyesClosed,True
sub-406,EyesOpen,posterior,0,-10.18539851985603,19,-9.930632625457607,EyesOpen,True
sub-406,EyesOpen,posterior,1,-10.117436393785459,19,-9.930632625457607,EyesOpen,True
sub-406,EyesOpen,posterior,2,-10.076611876569206,19,-9.930632625457607,EyesOpen,True
sub-406,EyesOpen,posterior,3,-10.08624265479972,19,-9.930632625457607,EyesOpen,True
sub-406,EyesOpen,posterior,4,-9.974536582479702,19,-9.930632625457607,EyesOpen,True
sub-406,EyesOpen,posterior,5,-10.1892592964899,19,-9.930632625457607,EyesOpen,True
sub-407,EyesClosed,posterior,0,-9.37896910497854,19,-9.355100612272153,EyesOpen,False
sub-407,EyesClosed,posterior,1,-9.331232119565767,19,-9.355100612272153,EyesClosed,True
sub-407,EyesClosed,posterior,2,-9.200931191082987,19,-9.355100612272153,EyesClosed,True
sub-407,EyesClosed,posterior,3,-9.131745914829263,19,-9.355100612272153,EyesClosed,True
sub-407,EyesClosed,posterior,4,-9.103571916923467,19,-9.355100612272153,EyesClosed,True
sub-407,EyesClosed,posterior,5,-9.098480402354586,19,-9.355100612272153,EyesClosed,True
sub-407,EyesOpen,posterior,0,-9.972809262559561,19,-9.355100612272153,EyesOpen,True
sub-407,EyesOpen,posterior,1,-9.81286590068408,19,-9.355100612272153,EyesOpen,True
sub-407,EyesOpen,posterior,2,-9.727559435467356,19,-9.355100612272153,EyesOpen,True
sub-407,EyesOpen,posterior,3,-9.207126891375802,19,-9.355100612272153,EyesClosed,False
sub-407,EyesOpen,posterior,4,-9.605773630746707,19,-9.355100612272153,EyesOpen,True
sub-407,EyesOpen,posterior,5,-9.620280020316851,19,-9.355100612272153,EyesOpen,True
sub-408,EyesClosed,posterior,0,-8.87383052901594,19,-9.371228431002411,EyesClosed,True
sub-408,EyesClosed,posterior,1,-8.76022185593397,19,-9.371228431002411,EyesClosed,True
sub-408,EyesClosed,posterior,2,-8.846814429203734,19,-9.371228431002411,EyesClosed,True
sub-408,EyesClosed,posterior,3,-8.729456204866697,19,-9.371228431002411,EyesClosed,True
sub-408,EyesClosed,posterior,4,-8.805560371367266,19,-9.371228431002411,EyesClosed,True
sub-408,EyesClosed,posterior,5,-8.833772376185445,19,-9.371228431002411,EyesClosed,True
sub-408,EyesOpen,posterior,0,-10.066345045921693,19,-9.371228431002411,EyesOpen,True
sub-408,EyesOpen,posterior,1,-10.029984657529791,19,-9.371228431002411,EyesOpen,True
sub-408,EyesOpen,posterior,2,-9.976680050866314,19,-9.371228431002411,EyesOpen,True
sub-408,EyesOpen,posterior,3,-9.868626332988883,19,-9.371228431002411,EyesOpen,True
sub-408,EyesOpen,posterior,4,-10.077111361252516,19,-9.371228431002411,EyesOpen,True
sub-408,EyesOpen,posterior,5,-10.090692270758641,19,-9.371228431002411,EyesOpen,True
sub-409,EyesClosed,posterior,0,-8.64336621651484,19,-9.334277373267172,EyesClosed,True
sub-409,EyesClosed,posterior,1,-8.690347721634119,19,-9.334277373267172,EyesClosed,True
sub-409,EyesClosed,posterior,2,-8.900368223241802,19,-9.334277373267172,EyesClosed,True
sub-409,EyesClosed,posterior,3,-8.643378565561969,19,-9.334277373267172,EyesClosed,True
sub-409,EyesClosed,posterior,4,-8.708410655219136,19,-9.334277373267172,EyesClosed,True
sub-409,EyesClosed,posterior,5,-8.686419499018049,19,-9.334277373267172,EyesClosed,True
sub-409,EyesOpen,posterior,0,-10.217729375596301,19,-9.334277373267172,EyesOpen,True
sub-409,EyesOpen,posterior,1,-10.233595817501913,19,-9.334277373267172,EyesOpen,True
sub-409,EyesOpen,posterior,2,-10.161783999916393,19,-9.334277373267172,EyesOpen,True
sub-409,EyesOpen,posterior,3,-9.946354630836684,19,-9.334277373267172,EyesOpen,True
sub-409,EyesOpen,posterior,4,-10.276369879464426,19,-9.334277373267172,EyesOpen,True
sub-409,EyesOpen,posterior,5,-9.768186523292542,19,-9.334277373267172,EyesOpen,True
sub-410,EyesClosed,posterior,0,-8.946642067205941,19,-9.26549362671607,EyesClosed,True
sub-410,EyesClosed,posterior,1,-8.995282072901908,19,-9.26549362671607,EyesClosed,True
sub-410,EyesClosed,posterior,2,-8.96229378310525,19,-9.26549362671607,EyesClosed,True
sub-410,EyesClosed,posterior,3,-8.902496138669575,19,-9.26549362671607,EyesClosed,True
sub-410,EyesClosed,posterior,4,-8.978645312674473,19,-9.26549362671607,EyesClosed,True
sub-410,EyesClosed,posterior,5,-8.840697076852733,19,-9.26549362671607,EyesClosed,True
sub-410,EyesOpen,posterior,0,-9.642270453831902,19,-9.26549362671607,EyesOpen,True
sub-410,EyesOpen,posterior,1,-9.696707760362385,19,-9.26549362671607,EyesOpen,True
sub-410,EyesOpen,posterior,2,-9.71062179270302,19,-9.26549362671607,EyesOpen,True
sub-410,EyesOpen,posterior,3,-9.722725601594782,19,-9.26549362671607,EyesOpen,True
sub-410,EyesOpen,posterior,4,-9.741021034072753,19,-9.26549362671607,EyesOpen,True
sub-410,EyesOpen,posterior,5,-9.535705180530233,19,-9.26549362671607,EyesOpen,True
sub-411,EyesClosed,posterior,0,-8.436081103824488,19,-8.64494925207737,EyesClosed,True
sub-411,EyesClosed,posterior,1,-8.453877201934288,19,-8.64494925207737,EyesClosed,True
sub-411,EyesClosed,posterior,2,-8.39533501150363,19,-8.64494925207737,EyesClosed,True
sub-411,EyesClosed,posterior,3,-8.377815695553917,19,-8.64494925207737,EyesClosed,True
sub-411,EyesClosed,posterior,4,-8.470552662918243,19,-8.64494925207737,EyesClosed,True
sub-411,EyesClosed,posterior,5,-8.439834705150558,19,-8.64494925207737,EyesClosed,True
sub-411,EyesOpen,posterior,0,-9.163404214931951,19,-8.64494925207737,EyesOpen,True
sub-411,EyesOpen,posterior,1,-8.857201118610298,19,-8.64494925207737,EyesOpen,True
sub-411,EyesOpen,posterior,2,-8.819345841236496,19,-8.64494925207737,EyesOpen,True
sub-411,EyesOpen,posterior,3,-9.273808007146012,19,-8.64494925207737,EyesOpen,True
sub-411,EyesOpen,posterior,4,-8.860725948788598,19,-8.64494925207737,EyesOpen,True
sub-411,EyesOpen,posterior,5,-8.971172013070444,19,-8.64494925207737,EyesOpen,True
sub-412,EyesClosed,posterior,0,-10.165042927359522,19,-10.68163582850204,EyesClosed,True
sub-412,EyesClosed,posterior,1,-10.473220345450816,19,-10.68163582850204,EyesClosed,True
sub-412,EyesClosed,posterior,2,-10.668893991515137,19,-10.68163582850204,EyesClosed,True
sub-412,EyesClosed,posterior,3,-10.544426707224845,19,-10.68163582850204,EyesClosed,True
sub-412,EyesClosed,posterior,4,-10.756368807425613,19,-10.68163582850204,EyesOpen,False
sub-412,EyesClosed,posterior,5,-10.826549641916229,19,-10.68163582850204,EyesOpen,False
sub-412,EyesOpen,posterior,0,-10.694377665488943,19,-10.68163582850204,EyesOpen,True
sub-412,EyesOpen,posterior,1,-10.830583464091102,19,-10.68163582850204,EyesOpen,True
sub-412,EyesOpen,posterior,2,-10.910775531440859,19,-10.68163582850204,EyesOpen,True
sub-412,EyesOpen,posterior,3,-10.56531028443588,19,-10.68163582850204,EyesClosed,False
sub-412,EyesOpen,posterior,4,-10.77820809459256,19,-10.68163582850204,EyesOpen,True
sub-412,EyesOpen,posterior,5,-10.66800317966916,19,-10.68163582850204,EyesClosed,False
sub-413,EyesClosed,posterior,0,-8.851556249637841,19,-9.123993924813421,EyesClosed,True
sub-413,EyesClosed,posterior,1,-8.968590565655798,19,-9.123993924813421,EyesClosed,True
sub-413,EyesClosed,posterior,2,-9.091468618113348,19,-9.123993924813421,EyesClosed,True
sub-413,EyesClosed,posterior,3,-9.123993924813421,19,-9.123993924813421,EyesOpen,False
sub-413,EyesClosed,posterior,4,-8.974154164241261,19,-9.123993924813421,EyesClosed,True
sub-413,EyesClosed,posterior,5,-9.052676346329392,19,-9.123993924813421,EyesClosed,True
sub-413,EyesClosed,posterior,6,-9.034375353842565,19,-9.123993924813421,EyesClosed,True
sub-413,EyesOpen,posterior,0,-10.115836450728048,19,-9.123993924813421,EyesOpen,True
sub-413,EyesOpen,posterior,1,-10.098914619409157,19,-9.123993924813421,EyesOpen,True
sub-413,EyesOpen,posterior,2,-9.844362786859563,19,-9.123993924813421,EyesOpen,True
sub-413,EyesOpen,posterior,3,-10.05762618434784,19,-9.123993924813421,EyesOpen,True
sub-413,EyesOpen,posterior,4,-10.119263600997064,19,-9.123993924813421,EyesOpen,True
sub-413,EyesOpen,posterior,5,-10.092131041968786,19,-9.123993924813421,EyesOpen,True
sub-414,EyesClosed,posterior,0,-9.91234387436501,19,-10.014714197903778,EyesClosed,True
sub-414,EyesClosed,posterior,1,-9.957835302250823,19,-10.014714197903778,EyesClosed,True
sub-414,EyesClosed,posterior,2,-9.924532938215755,19,-10.014714197903778,EyesClosed,True
sub-414,EyesClosed,posterior,3,-9.73408230519316,19,-10.014714197903778,EyesClosed,True
sub-414,EyesClosed,posterior,4,-9.924383052160524,19,-10.014714197903778,EyesClosed,True
sub-414,EyesClosed,posterior,5,-9.793204161303336,19,-10.014714197903778,EyesClosed,True
sub-414,EyesOpen,posterior,0,-10.234617068532136,19,-10.014714197903778,EyesOpen,True
sub-414,EyesOpen,posterior,1,-10.344154689554529,19,-10.014714197903778,EyesOpen,True
sub-414,EyesOpen,posterior,2,-10.143299420529758,19,-10.014714197903778,EyesOpen,True
sub-414,EyesOpen,posterior,3,-10.071593093556734,19,-10.014714197903778,EyesOpen,True
sub-414,EyesOpen,posterior,4,-10.289799310650968,19,-10.014714197903778,EyesOpen,True
sub-414,EyesOpen,posterior,5,-10.120017149422596,19,-10.014714197903778,EyesOpen,True
sub-415,EyesClosed,posterior,0,-10.694563649278422,19,-10.660002520042646,EyesOpen,False
sub-415,EyesClosed,posterior,1,-10.794591142557795,19,-10.660002520042646,EyesOpen,False
sub-415,EyesClosed,posterior,2,-10.756088129872472,19,-10.660002520042646,EyesOpen,False
sub-415,EyesClosed,posterior,3,-10.799001315135154,19,-10.660002520042646,EyesOpen,False
sub-415,EyesClosed,posterior,4,-10.660002520042646,19,-10.660002520042646,EyesOpen,False
sub-415,EyesClosed,posterior,5,-10.74379224214559,19,-10.660002520042646,EyesOpen,False
sub-415,EyesOpen,posterior,0,-10.648155916422326,19,-10.660002520042646,EyesClosed,False
sub-415,EyesOpen,posterior,1,-10.655465007508583,19,-10.660002520042646,EyesClosed,False
sub-415,EyesOpen,posterior,2,-10.725077915959025,19,-10.660002520042646,EyesOpen,True
sub-415,EyesOpen,posterior,3,-10.33758631086958,19,-10.660002520042646,EyesClosed,False
sub-415,EyesOpen,posterior,4,-10.263199660650763,19,-10.660002520042646,EyesClosed,False
sub-415,EyesOpen,posterior,5,-10.193203919700887,19,-10.660002520042646,EyesClosed,False
sub-415,EyesOpen,posterior,6,-8.044312369566994,19,-10.660002520042646,EyesClosed,False
sub-416,EyesClosed,posterior,0,-8.797175762350244,19,-8.87386423033563,EyesClosed,True
sub-416,EyesClosed,posterior,1,-8.657108448437594,19,-8.87386423033563,EyesClosed,True
sub-416,EyesClosed,posterior,2,-8.625534649241247,19,-8.87386423033563,EyesClosed,True
sub-416,EyesClosed,posterior,3,-8.790774085396425,19,-8.87386423033563,EyesClosed,True
sub-416,EyesClosed,posterior,4,-8.768613646730827,19,-8.87386423033563,EyesClosed,True
sub-416,EyesClosed,posterior,5,-8.684469380650595,19,-8.87386423033563,EyesClosed,True
sub-416,EyesOpen,posterior,0,-9.216352486050154,19,-8.87386423033563,EyesOpen,True
sub-416,EyesOpen,posterior,1,-9.122628981798133,19,-8.87386423033563,EyesOpen,True
sub-416,EyesOpen,posterior,2,-9.023184332636388,19,-8.87386423033563,EyesOpen,True
sub-416,EyesOpen,posterior,3,-9.567742136687645,19,-8.87386423033563,EyesOpen,True
sub-416,EyesOpen,posterior,4,-9.186807929736855,19,-8.87386423033563,EyesOpen,True
sub-416,EyesOpen,posterior,5,-8.950552698321019,19,-8.87386423033563,EyesOpen,True
sub-417,EyesClosed,posterior,0,-9.138619879720018,19,-9.606029695707685,EyesClosed,True
sub-417,EyesClosed,posterior,1,-9.12956921754042,19,-9.606029695707685,EyesClosed,True
sub-417,EyesClosed,posterior,2,-8.969889463254203,19,-9.606029695707685,EyesClosed,True
sub-417,EyesClosed,posterior,3,-9.220170422602008,19,-9.606029695707685,EyesClosed,True
sub-417,EyesClosed,posterior,4,-9.592790324221495,19,-9.606029695707685,EyesClosed,True
sub-417,EyesClosed,posterior,5,-9.502944106389272,19,-9.606029695707685,EyesClosed,True
sub-417,EyesOpen,posterior,0,-10.321551512455096,19,-9.606029695707685,EyesOpen,True
sub-417,EyesOpen,posterior,1,-10.195285006226985,19,-9.606029695707685,EyesOpen,True
sub-417,EyesOpen,posterior,2,-9.619269067193875,19,-9.606029695707685,EyesOpen,True
sub-417,EyesOpen,posterior,3,-9.885940674005406,19,-9.606029695707685,EyesOpen,True
sub-417,EyesOpen,posterior,4,-9.672322638857409,19,-9.606029695707685,EyesOpen,True
sub-417,EyesOpen,posterior,5,-9.87130867940625,19,-9.606029695707685,EyesOpen,True
sub-418,EyesClosed,posterior,0,-9.528853443173896,19,-9.806270085719412,EyesClosed,True
sub-418,EyesClosed,posterior,1,-9.638247776238764,19,-9.806270085719412,EyesClosed,True
sub-418,EyesClosed,posterior,2,-9.178659674349493,19,-9.806270085719412,EyesClosed,True
sub-418,EyesClosed,posterior,3,-9.183131213855368,19,-9.806270085719412,EyesClosed,True
sub-418,EyesClosed,posterior,4,-9.086557783231202,19,-9.806270085719412,EyesClosed,True
sub-418,EyesClosed,posterior,5,-9.261386692804548,19,-9.806270085719412,EyesClosed,True
sub-418,EyesOpen,posterior,0,-10.170257944768338,19,-9.806270085719412,EyesOpen,True
sub-418,EyesOpen,posterior,1,-10.02716344976572,19,-9.806270085719412,EyesOpen,True
sub-418,EyesOpen,posterior,2,-10.124942364990257,19,-9.806270085719412,EyesOpen,True
sub-418,EyesOpen,posterior,3,-9.974292395200061,19,-9.806270085719412,EyesOpen,True
sub-418,EyesOpen,posterior,4,-10.000136432631507,19,-9.806270085719412,EyesOpen,True
sub-418,EyesOpen,posterior,5,-10.039197237706171,19,-9.806270085719412,EyesOpen,True
sub-419,EyesClosed,posterior,0,-8.92269463369989,19,-9.590892629153618,EyesClosed,True
sub-419,EyesClosed,posterior,1,-9.055244147946564,19,-9.590892629153618,EyesClosed,True
sub-419,EyesClosed,posterior,2,-9.086925181104368,19,-9.590892629153618,EyesClosed,True
sub-419,EyesClosed,posterior,3,-9.147572903198702,19,-9.590892629153618,EyesClosed,True
sub-419,EyesClosed,posterior,4,-8.982710653020312,19,-9.590892629153618,EyesClosed,True
sub-419,EyesClosed,posterior,5,-9.013975579174652,19,-9.590892629153618,EyesClosed,True
sub-419,EyesOpen,posterior,0,-10.299689957347509,19,-9.590892629153618,EyesOpen,True
sub-419,EyesOpen,posterior,1,-10.211360048520609,19,-9.590892629153618,EyesOpen,True
sub-419,EyesOpen,posterior,2,-10.218656665334414,19,-9.590892629153618,EyesOpen,True
sub-419,EyesOpen,posterior,3,-10.213483491818058,19,-9.590892629153618,EyesOpen,True
sub-419,EyesOpen,posterior,4,-10.186048528832286,19,-9.590892629153618,EyesOpen,True
sub-419,EyesOpen,posterior,5,-10.034212355108536,19,-9.590892629153618,EyesOpen,True
sub-420,EyesClosed,posterior,0,-10.475954216332395,19,-10.382031086853637,EyesOpen,False
sub-420,EyesClosed,posterior,1,-10.393018775484789,19,-10.382031086853637,EyesOpen,False
sub-420,EyesClosed,posterior,2,-10.430904411693335,19,-10.382031086853637,EyesOpen,False
sub-420,EyesClosed,posterior,3,-10.445640903770512,19,-10.382031086853637,EyesOpen,False
sub-420,EyesClosed,posterior,4,-10.38423522171875,19,-10.382031086853637,EyesOpen,False
sub-420,EyesClosed,posterior,5,-10.379826951988523,19,-10.382031086853637,EyesClosed,True
sub-420,EyesOpen,posterior,0,-10.387184497088235,19,-10.382031086853637,EyesOpen,True
sub-420,EyesOpen,posterior,1,-10.335329671821954,19,-10.382031086853637,EyesClosed,False
sub-420,EyesOpen,posterior,2,-10.28505493842922,19,-10.382031086853637,EyesClosed,False
sub-420,EyesOpen,posterior,3,-10.247584968479288,19,-10.382031086853637,EyesClosed,False
sub-420,EyesOpen,posterior,4,-10.340214826334128,19,-10.382031086853637,EyesClosed,False
sub-420,EyesOpen,posterior,5,-10.296293953452302,19,-10.382031086853637,EyesClosed,False
sub-421,EyesClosed,posterior,0,-8.952954256510589,19,-9.37549469509821,EyesClosed,True
sub-421,EyesClosed,posterior,1,-8.94589822901648,19,-9.37549469509821,EyesClosed,True
sub-421,EyesClosed,posterior,2,-8.915339259167204,19,-9.37549469509821,EyesClosed,True
sub-421,EyesClosed,posterior,3,-9.019560813275708,19,-9.37549469509821,EyesClosed,True
sub-421,EyesClosed,posterior,4,-8.930144695407098,19,-9.37549469509821,EyesClosed,True
sub-421,EyesClosed,posterior,5,-9.003915429061191,19,-9.37549469509821,EyesClosed,True
sub-421,EyesOpen,posterior,0,-10.357323480859174,19,-9.37549469509821,EyesOpen,True
sub-421,EyesOpen,posterior,1,-10.093713023532755,19,-9.37549469509821,EyesOpen,True
sub-421,EyesOpen,posterior,2,-10.17180054614498,19,-9.37549469509821,EyesOpen,True
sub-421,EyesOpen,posterior,3,-10.10075612127467,19,-9.37549469509821,EyesOpen,True
sub-421,EyesOpen,posterior,4,-10.122701150090512,19,-9.37549469509821,EyesOpen,True
sub-421,EyesOpen,posterior,5,-9.731428576920711,19,-9.37549469509821,EyesOpen,True
sub-422,EyesClosed,posterior,0,-9.376790690993392,19,-9.745411896538034,EyesClosed,True
sub-422,EyesClosed,posterior,1,-9.451077460302036,19,-9.745411896538034,EyesClosed,True
sub-422,EyesClosed,posterior,2,-9.351726164971664,19,-9.745411896538034,EyesClosed,True
sub-422,EyesClosed,posterior,3,-9.338265593771336,19,-9.745411896538034,EyesClosed,True
sub-422,EyesClosed,posterior,4,-9.599678870518368,19,-9.745411896538034,EyesClosed,True
sub-422,EyesClosed,posterior,5,-9.460681071311102,19,-9.745411896538034,EyesClosed,True
sub-422,EyesOpen,posterior,0,-10.24798101034757,19,-9.745411896538034,EyesOpen,True
sub-422,EyesOpen,posterior,1,-10.112058055303288,19,-9.745411896538034,EyesOpen,True
sub-422,EyesOpen,posterior,2,-10.03707836742818,19,-9.745411896538034,EyesOpen,True
sub-422,EyesOpen,posterior,3,-9.891144922557698,19,-9.745411896538034,EyesOpen,True
sub-422,EyesOpen,posterior,4,-10.298665944063913,19,-9.745411896538034,EyesOpen,True
sub-422,EyesOpen,posterior,5,-10.147832638941814,19,-9.745411896538034,EyesOpen,True
sub-423,EyesClosed,posterior,0,-10.003814687759133,19,-10.040315539067288,EyesClosed,True
sub-423,EyesClosed,posterior,1,-9.77622681632,19,-10.040315539067288,EyesClosed,True
sub-423,EyesClosed,posterior,2,-9.061478511240663,19,-10.040315539067288,EyesClosed,True
sub-423,EyesClosed,posterior,3,-8.890877218900597,19,-10.040315539067288,EyesClosed,True
sub-423,EyesClosed,posterior,4,-8.90514490671671,19,-10.040315539067288,EyesClosed,True
sub-423,EyesClosed,posterior,5,-8.81055625500038,19,-10.040315539067288,EyesClosed,True
sub-423,EyesOpen,posterior,0,-10.355579879481928,19,-10.040315539067288,EyesOpen,True
sub-423,EyesOpen,posterior,1,-10.397044414677275,19,-10.040315539067288,EyesOpen,True
sub-423,EyesOpen,posterior,2,-10.372198761357113,19,-10.040315539067288,EyesOpen,True
sub-423,EyesOpen,posterior,3,-10.350797273175605,19,-10.040315539067288,EyesOpen,True
sub-423,EyesOpen,posterior,4,-10.076816390375443,19,-10.040315539067288,EyesOpen,True
sub-423,EyesOpen,posterior,5,-10.115114136917162,19,-10.040315539067288,EyesOpen,True
sub-424,EyesClosed,posterior,0,-9.229172624089584,19,-9.314474427287413,EyesClosed,True
sub-424,EyesClosed,posterior,1,-8.966819627021433,19,-9.314474427287413,EyesClosed,True
sub-424,EyesClosed,posterior,2,-9.119204857929992,19,-9.314474427287413,EyesClosed,True
sub-424,EyesClosed,posterior,3,-9.068582848821002,19,-9.314474427287413,EyesClosed,True
sub-424,EyesClosed,posterior,4,-9.040200273503437,19,-9.314474427287413,EyesClosed,True
sub-424,EyesClosed,posterior,5,-8.99247802486185,19,-9.314474427287413,EyesClosed,True
sub-424,EyesOpen,posterior,0,-9.428848078928317,19,-9.314474427287413,EyesOpen,True
sub-424,EyesOpen,posterior,1,-9.399776230485243,19,-9.314474427287413,EyesOpen,True
sub-424,EyesOpen,posterior,2,-9.49345994553473,19,-9.314474427287413,EyesOpen,True
sub-424,EyesOpen,posterior,3,-9.67644308408025,19,-9.314474427287413,EyesOpen,True
sub-424,EyesOpen,posterior,4,-9.49995629777321,19,-9.314474427287413,EyesOpen,True
sub-424,EyesOpen,posterior,5,-9.446539697085493,19,-9.314474427287413,EyesOpen,True
sub-425,EyesClosed,posterior,0,-10.51450258459627,19,-10.207140119789758,EyesOpen,False
sub-425,EyesClosed,posterior,1,-10.350329010870407,19,-10.207140119789758,EyesOpen,False
sub-425,EyesClosed,posterior,2,-9.592438918379539,19,-10.207140119789758,EyesClosed,True
sub-425,EyesClosed,posterior,3,-5.587554616141252,19,-10.207140119789758,EyesClosed,True
sub-425,EyesClosed,posterior,4,-7.874740621984681,19,-10.207140119789758,EyesClosed,True
sub-425,EyesClosed,posterior,5,-9.751643511397969,19,-10.207140119789758,EyesClosed,True
sub-425,EyesClosed,posterior,6,-9.983636444460554,19,-10.207140119789758,EyesClosed,True
sub-425,EyesOpen,posterior,0,-10.284496975268631,19,-10.207140119789758,EyesOpen,True
sub-425,EyesOpen,posterior,1,-10.204419206325857,19,-10.207140119789758,EyesClosed,False
sub-425,EyesOpen,posterior,2,-10.207140119789758,19,-10.207140119789758,EyesOpen,True
sub-425,EyesOpen,posterior,3,-10.286796615754437,19,-10.207140119789758,EyesOpen,True
sub-425,EyesOpen,posterior,4,-10.27182752667953,19,-10.207140119789758,EyesOpen,True
sub-425,EyesOpen,posterior,5,-10.464669069778124,19,-10.207140119789758,EyesOpen,True
sub-426,EyesClosed,posterior,0,-10.319362862527727,19,-10.259322691658067,EyesOpen,False
sub-426,EyesClosed,posterior,1,-10.326528737800677,19,-10.259322691658067,EyesOpen,False
sub-426,EyesClosed,posterior,2,-10.270136055640247,19,-10.259322691658067,EyesOpen,False
sub-426,EyesClosed,posterior,3,-10.255436095161453,19,-10.259322691658067,EyesClosed,True
sub-426,EyesClosed,posterior,4,-10.273923752269075,19,-10.259322691658067,EyesOpen,False
sub-426,EyesClosed,posterior,5,-10.263209288154682,19,-10.259322691658067,EyesOpen,False
sub-426,EyesOpen,posterior,0,-10.14647739753544,19,-10.259322691658067,EyesClosed,False
sub-426,EyesOpen,posterior,1,-10.206705402211742,19,-10.259322691658067,EyesClosed,False
sub-426,EyesOpen,posterior,2,-10.307958809753785,19,-10.259322691658067,EyesOpen,True
sub-426,EyesOpen,posterior,3,-10.234089497905286,19,-10.259322691658067,EyesClosed,False
sub-426,EyesOpen,posterior,4,-10.211815078055798,19,-10.259322691658067,EyesClosed,False
sub-426,EyesOpen,posterior,5,-10.164576642728608,19,-10.259322691658067,EyesClosed,False
sub-427,EyesClosed,posterior,0,-9.863439096978285,19,-10.113477525281574,EyesClosed,True
sub-427,EyesClosed,posterior,1,-10.03906184017053,19,-10.113477525281574,EyesClosed,True
sub-427,EyesClosed,posterior,2,-10.256394897977968,19,-10.113477525281574,EyesOpen,False
sub-427,EyesClosed,posterior,3,-9.87658179231739,19,-10.113477525281574,EyesClosed,True
sub-427,EyesClosed,posterior,4,-10.107005163962222,19,-10.113477525281574,EyesClosed,True
sub-427,EyesClosed,posterior,5,-10.0970572225224,19,-10.113477525281574,EyesClosed,True
sub-427,EyesOpen,posterior,0,-10.148236744390227,19,-10.113477525281574,EyesOpen,True
sub-427,EyesOpen,posterior,1,-10.21317513542154,19,-10.113477525281574,EyesOpen,True
sub-427,EyesOpen,posterior,2,-10.119949886600924,19,-10.113477525281574,EyesOpen,True
sub-427,EyesOpen,posterior,3,-10.222664114594291,19,-10.113477525281574,EyesOpen,True
sub-427,EyesOpen,posterior,4,-10.153248263661824,19,-10.113477525281574,EyesOpen,True
sub-427,EyesOpen,posterior,5,-10.014874670413592,19,-10.113477525281574,EyesClosed,False
sub-428,EyesClosed,posterior,0,-9.90374953897061,19,-10.038620833562835,EyesClosed,True
sub-428,EyesClosed,posterior,1,-10.025573159846152,19,-10.038620833562835,EyesClosed,True
sub-428,EyesClosed,posterior,2,-9.99689864652028,19,-10.038620833562835,EyesClosed,True
sub-428,EyesClosed,posterior,3,-9.933186597968175,19,-10.038620833562835,EyesClosed,True
sub-428,EyesClosed,posterior,4,-9.686234385500715,19,-10.038620833562835,EyesClosed,True
sub-428,EyesClosed,posterior,5,-9.80616460465956,19,-10.038620833562835,EyesClosed,True
sub-428,EyesOpen,posterior,0,-10.051668507279516,19,-10.038620833562835,EyesOpen,True
sub-428,EyesOpen,posterior,1,-10.151728304127507,19,-10.038620833562835,EyesOpen,True
sub-428,EyesOpen,posterior,2,-10.085451529693804,19,-10.038620833562835,EyesOpen,True
sub-428,EyesOpen,posterior,3,-10.157869417186793,19,-10.038620833562835,EyesOpen,True
sub-428,EyesOpen,posterior,4,-10.221176752375635,19,-10.038620833562835,EyesOpen,True
sub-428,EyesOpen,posterior,5,-10.057773791219061,19,-10.038620833562835,EyesOpen,True
sub-429,EyesClosed,posterior,0,-9.616730305348966,19,-9.55502781980218,EyesOpen,False
sub-429,EyesClosed,posterior,1,-9.401113844723408,19,-9.55502781980218,EyesClosed,True
sub-429,EyesClosed,posterior,2,-9.370199427424758,19,-9.55502781980218,EyesClosed,True
sub-429,EyesClosed,posterior,3,-9.402417254717749,19,-9.55502781980218,EyesClosed,True
sub-429,EyesClosed,posterior,4,-9.313370148885541,19,-9.55502781980218,EyesClosed,True
sub-429,EyesClosed,posterior,5,-9.278247180556773,19,-9.55502781980218,EyesClosed,True
sub-429,EyesOpen,posterior,0,-9.782915909609319,19,-9.55502781980218,EyesOpen,True
sub-429,EyesOpen,posterior,1,-9.730026716722366,19,-9.55502781980218,EyesOpen,True
sub-429,EyesOpen,posterior,2,-9.899380024166874,19,-9.55502781980218,EyesOpen,True
sub-429,EyesOpen,posterior,3,-9.493325334255395,19,-9.55502781980218,EyesClosed,False
sub-429,EyesOpen,posterior,4,-10.037517632697313,19,-9.55502781980218,EyesOpen,True
sub-429,EyesOpen,posterior,5,-9.628724611584836,19,-9.55502781980218,EyesOpen,True
sub-430,EyesClosed,posterior,0,-10.619093104058196,19,-10.596079289531563,EyesOpen,False
sub-430,EyesClosed,posterior,1,-10.606372952003019,19,-10.596079289531563,EyesOpen,False
sub-430,EyesClosed,posterior,2,-10.559600623650667,19,-10.596079289531563,EyesClosed,True
sub-430,EyesClosed,posterior,3,-10.615205146670208,19,-10.596079289531563,EyesOpen,False
sub-430,EyesClosed,posterior,4,-10.658412455045468,19,-10.596079289531563,EyesOpen,False
sub-430,EyesClosed,posterior,5,-10.703065127418348,19,-10.596079289531563,EyesOpen,False
sub-430,EyesOpen,posterior,0,-10.585785627060108,19,-10.596079289531563,EyesClosed,False
sub-430,EyesOpen,posterior,1,-10.512756992843045,19,-10.596079289531563,EyesClosed,False
sub-430,EyesOpen,posterior,2,-10.678093877535241,19,-10.596079289531563,EyesOpen,True
sub-430,EyesOpen,posterior,3,-10.221865276255603,19,-10.596079289531563,EyesClosed,False
sub-430,EyesOpen,posterior,4,-10.359207347557183,19,-10.596079289531563,EyesClosed,False
sub-430,EyesOpen,posterior,5,-10.439116673990899,19,-10.596079289531563,EyesClosed,False
sub-431,EyesClosed,posterior,0,-9.426514876445726,19,-9.469644260329865,EyesClosed,True
sub-431,EyesClosed,posterior,1,-9.330789417168575,19,-9.469644260329865,EyesClosed,True
sub-431,EyesClosed,posterior,2,-9.351880157865489,19,-9.469644260329865,EyesClosed,True
sub-431,EyesClosed,posterior,3,-9.31961078210232,19,-9.469644260329865,EyesClosed,True
sub-431,EyesClosed,posterior,4,-9.353547547688061,19,-9.469644260329865,EyesClosed,True
sub-431,EyesClosed,posterior,5,-9.323351356961876,19,-9.469644260329865,EyesClosed,True
sub-431,EyesOpen,posterior,0,-9.706706599632382,19,-9.469644260329865,EyesOpen,True
sub-431,EyesOpen,posterior,1,-9.734497744032652,19,-9.469644260329865,EyesOpen,True
sub-431,EyesOpen,posterior,2,-9.517281689657397,19,-9.469644260329865,EyesOpen,True
sub-431,EyesOpen,posterior,3,-9.512773644214006,19,-9.469644260329865,EyesOpen,True
sub-431,EyesOpen,posterior,4,-9.54827803041985,19,-9.469644260329865,EyesOpen,True
sub-431,EyesOpen,posterior,5,-9.764136677699483,19,-9.469644260329865,EyesOpen,True
sub-432,EyesClosed,posterior,0,-9.061757125101632,19,-9.221865612738757,EyesClosed,True
sub-432,EyesClosed,posterior,1,-9.045155720520741,19,-9.221865612738757,EyesClosed,True
sub-432,EyesClosed,posterior,2,-9.245837662093267,19,-9.221865612738757,EyesOpen,False
sub-432,EyesClosed,posterior,3,-9.182633840748407,19,-9.221865612738757,EyesClosed,True
sub-432,EyesClosed,posterior,4,-9.183005363866148,19,-9.221865612738757,EyesClosed,True
sub-432,EyesClosed,posterior,5,-9.272182564955711,19,-9.221865612738757,EyesOpen,False
sub-432,EyesOpen,posterior,0,-9.458570154000336,19,-9.221865612738757,EyesOpen,True
sub-432,EyesOpen,posterior,1,-9.197893563384246,19,-9.221865612738757,EyesClosed,False
sub-432,EyesOpen,posterior,2,-9.446172515055576,19,-9.221865612738757,EyesOpen,True
sub-432,EyesOpen,posterior,3,-9.18212426934197,19,-9.221865612738757,EyesClosed,False
sub-432,EyesOpen,posterior,4,-9.560424963836772,19,-9.221865612738757,EyesOpen,True
sub-432,EyesOpen,posterior,5,-9.512961894424608,19,-9.221865612738757,EyesOpen,True
sub-433,EyesClosed,posterior,0,-10.430072163090227,19,-10.371217349844843,EyesOpen,False
sub-433,EyesClosed,posterior,1,-10.263603947029376,19,-10.371217349844843,EyesClosed,True
sub-433,EyesClosed,posterior,2,-10.321660632569616,19,-10.371217349844843,EyesClosed,True
sub-433,EyesClosed,posterior,3,-10.156553883584195,19,-10.371217349844843,EyesClosed,True
sub-433,EyesClosed,posterior,4,-10.192645126076421,19,-10.371217349844843,EyesClosed,True
sub-433,EyesClosed,posterior,5,-10.393336703106867,19,-10.371217349844843,EyesOpen,False
sub-433,EyesOpen,posterior,0,-10.574280981367824,19,-10.371217349844843,EyesOpen,True
sub-433,EyesOpen,posterior,1,-10.386430849381844,19,-10.371217349844843,EyesOpen,True
sub-433,EyesOpen,posterior,2,-10.671540298215147,19,-10.371217349844843,EyesOpen,True
sub-433,EyesOpen,posterior,3,-10.341311910366224,19,-10.371217349844843,EyesClosed,False
sub-433,EyesOpen,posterior,4,-10.356003850307841,19,-10.371217349844843,EyesClosed,False
sub-433,EyesOpen,posterior,5,-10.523981000038317,19,-10.371217349844843,EyesOpen,True
sub-434,EyesClosed,posterior,0,-8.818470623704705,19,-9.065133928910715,EyesClosed,True
sub-434,EyesClosed,posterior,1,-8.771416837857805,19,-9.065133928910715,EyesClosed,True
sub-434,EyesClosed,posterior,2,-8.80926038805321,19,-9.065133928910715,EyesClosed,True
sub-434,EyesClosed,posterior,3,-8.911779912902368,19,-9.065133928910715,EyesClosed,True
sub-434,EyesClosed,posterior,4,-8.837913705252488,19,-9.065133928910715,EyesClosed,True
sub-434,EyesClosed,posterior,5,-8.762485909349028,19,-9.065133928910715,EyesClosed,True
sub-434,EyesOpen,posterior,0,-9.814515001464285,19,-9.065133928910715,EyesOpen,True
sub-434,EyesOpen,posterior,1,-9.74826819288547,19,-9.065133928910715,EyesOpen,True
sub-434,EyesOpen,posterior,2,-9.818338715552954,19,-9.065133928910715,EyesOpen,True
sub-434,EyesOpen,posterior,3,-9.578168397513112,19,-9.065133928910715,EyesOpen,True
sub-434,EyesOpen,posterior,4,-9.308118248486673,19,-9.065133928910715,EyesOpen,True
sub-434,EyesOpen,posterior,5,-9.218487944919064,19,-9.065133928910715,EyesOpen,True
sub-435,EyesClosed,posterior,0,-9.42747367213085,19,-9.693064596716335,EyesClosed,True
sub-435,EyesClosed,posterior,1,-9.180511484010774,19,-9.693064596716335,EyesClosed,True
sub-435,EyesClosed,posterior,2,-9.189962346750766,19,-9.693064596716335,EyesClosed,True
sub-435,EyesClosed,posterior,3,-9.360450090906804,19,-9.693064596716335,EyesClosed,True
sub-435,EyesClosed,posterior,4,-9.406839310917585,19,-9.693064596716335,EyesClosed,True
sub-435,EyesClosed,posterior,5,-9.079194292860278,19,-9.693064596716335,EyesClosed,True
sub-435,EyesOpen,posterior,0,-10.20018788897002,19,-9.693064596716335,EyesOpen,True
sub-435,EyesOpen,posterior,1,-10.099821618177275,19,-9.693064596716335,EyesOpen,True
sub-435,EyesOpen,posterior,2,-9.95865552130182,19,-9.693064596716335,EyesOpen,True
sub-435,EyesOpen,posterior,3,-9.971342663454955,19,-9.693064596716335,EyesOpen,True
sub-435,EyesOpen,posterior,4,-10.042244658021684,19,-9.693064596716335,EyesOpen,True
sub-435,EyesOpen,posterior,5,-10.104109135744238,19,-9.693064596716335,EyesOpen,True
sub-436,EyesClosed,posterior,0,-9.668311742817508,19,-9.961819994121598,EyesClosed,True
sub-436,EyesClosed,posterior,1,-9.655809679023996,19,-9.961819994121598,EyesClosed,True
sub-436,EyesClosed,posterior,2,-9.756682752143895,19,-9.961819994121598,EyesClosed,True
sub-436,EyesClosed,posterior,3,-9.703946932574532,19,-9.961819994121598,EyesClosed,True
sub-436,EyesClosed,posterior,4,-9.838866221078156,19,-9.961819994121598,EyesClosed,True
sub-436,EyesClosed,posterior,5,-9.618465478459841,19,-9.961819994121598,EyesClosed,True
sub-436,EyesOpen,posterior,0,-10.128535319207945,19,-9.961819994121598,EyesOpen,True
sub-436,EyesOpen,posterior,1,-10.084773767165037,19,-9.961819994121598,EyesOpen,True
sub-436,EyesOpen,posterior,2,-10.293949740659794,19,-9.961819994121598,EyesOpen,True
sub-436,EyesOpen,posterior,3,-10.349182608886723,19,-9.961819994121598,EyesOpen,True
sub-436,EyesOpen,posterior,4,-10.37691932895198,19,-9.961819994121598,EyesOpen,True
sub-436,EyesOpen,posterior,5,-10.31122415632652,19,-9.961819994121598,EyesOpen,True
sub-437,EyesClosed,posterior,0,-10.201646689967001,19,-10.307022315400747,EyesClosed,True
sub-437,EyesClosed,posterior,1,-9.8875579886468,19,-10.307022315400747,EyesClosed,True
sub-437,EyesClosed,posterior,2,-9.761077997949657,19,-10.307022315400747,EyesClosed,True
sub-437,EyesClosed,posterior,3,-10.162184107323721,19,-10.307022315400747,EyesClosed,True
sub-437,EyesClosed,posterior,4,-9.657353008709615,19,-10.307022315400747,EyesClosed,True
sub-437,EyesClosed,posterior,5,-9.766594740429635,19,-10.307022315400747,EyesClosed,True
sub-437,EyesOpen,posterior,0,-10.592215748804652,19,-10.307022315400747,EyesOpen,True
sub-437,EyesOpen,posterior,1,-10.412397940834493,19,-10.307022315400747,EyesOpen,True
sub-437,EyesOpen,posterior,2,-10.673651954181326,19,-10.307022315400747,EyesOpen,True
sub-437,EyesOpen,posterior,3,-10.605776221193514,19,-10.307022315400747,EyesOpen,True
sub-437,EyesOpen,posterior,4,-10.558507644974688,19,-10.307022315400747,EyesOpen,True
sub-437,EyesOpen,posterior,5,-10.569739529691214,19,-10.307022315400747,EyesOpen,True
sub-438,EyesClosed,posterior,0,-10.14320099928721,19,-10.242295753795561,EyesClosed,True
sub-438,EyesClosed,posterior,1,-9.79625693032339,19,-10.242295753795561,EyesClosed,True
sub-438,EyesClosed,posterior,2,-9.667921883224475,19,-10.242295753795561,EyesClosed,True
sub-438,EyesClosed,posterior,3,-9.924297452506918,19,-10.242295753795561,EyesClosed,True
sub-438,EyesClosed,posterior,4,-9.706762963884866,19,-10.242295753795561,EyesClosed,True
sub-438,EyesClosed,posterior,5,-9.70967475232809,19,-10.242295753795561,EyesClosed,True
sub-438,EyesOpen,posterior,0,-10.711184000350043,19,-10.242295753795561,EyesOpen,True
sub-438,EyesOpen,posterior,1,-10.518014351491475,19,-10.242295753795561,EyesOpen,True
sub-438,EyesOpen,posterior,2,-10.57766524993871,19,-10.242295753795561,EyesOpen,True
sub-438,EyesOpen,posterior,3,-10.341390508303913,19,-10.242295753795561,EyesOpen,True
sub-438,EyesOpen,posterior,4,-10.60804751886701,19,-10.242295753795561,EyesOpen,True
sub-438,EyesOpen,posterior,5,-10.602863258243772,19,-10.242295753795561,EyesOpen,True
sub-439,EyesClosed,posterior,0,-9.427846663991483,19,-9.550596218362118,EyesClosed,True
sub-439,EyesClosed,posterior,1,-9.339710404263775,19,-9.550596218362118,EyesClosed,True
sub-439,EyesClosed,posterior,2,-9.371368135711492,19,-9.550596218362118,EyesClosed,True
sub-439,EyesClosed,posterior,3,-9.398028983006453,19,-9.550596218362118,EyesClosed,True
sub-439,EyesClosed,posterior,4,-9.253935329314016,19,-9.550596218362118,EyesClosed,True
sub-439,EyesClosed,posterior,5,-9.400338630161974,19,-9.550596218362118,EyesClosed,True
sub-439,EyesOpen,posterior,0,-10.141608476891681,19,-9.550596218362118,EyesOpen,True
sub-439,EyesOpen,posterior,1,-9.954617212703761,19,-9.550596218362118,EyesOpen,True
sub-439,EyesOpen,posterior,2,-9.773510091767113,19,-9.550596218362118,EyesOpen,True
sub-439,EyesOpen,posterior,3,-9.694402074933642,19,-9.550596218362118,EyesOpen,True
sub-439,EyesOpen,posterior,4,-9.673345772732754,19,-9.550596218362118,EyesOpen,True
sub-439,EyesOpen,posterior,5,-9.839600650835479,19,-9.550596218362118,EyesOpen,True
sub-440,EyesClosed,posterior,0,-9.783998599008655,19,-9.871250787678726,EyesClosed,True
sub-440,EyesClosed,posterior,1,-9.67486428964957,19,-9.871250787678726,EyesClosed,True
sub-440,EyesClosed,posterior,2,-9.68217334997276,19,-9.871250787678726,EyesClosed,True
sub-440,EyesClosed,posterior,3,-9.780956406968748,19,-9.871250787678726,EyesClosed,True
sub-440,EyesClosed,posterior,4,-9.890676872234877,19,-9.871250787678726,EyesOpen,False
sub-440,EyesClosed,posterior,5,-9.712375220069804,19,-9.871250787678726,EyesClosed,True
sub-440,EyesOpen,posterior,0,-10.115085452295634,19,-9.871250787678726,EyesOpen,True
sub-440,EyesOpen,posterior,1,-9.851824703122572,19,-9.871250787678726,EyesClosed,False
sub-440,EyesOpen,posterior,2,-10.116252658753021,19,-9.871250787678726,EyesOpen,True
sub-440,EyesOpen,posterior,3,-9.957966316431273,19,-9.871250787678726,EyesOpen,True
sub-440,EyesOpen,posterior,4,-9.950452100993251,19,-9.871250787678726,EyesOpen,True
sub-440,EyesOpen,posterior,5,-10.204121954347245,19,-9.871250787678726,EyesOpen,True
sub-441,EyesClosed,posterior,0,-8.900019979680176,19,-9.182042676203258,EyesClosed,True
sub-441,EyesClosed,posterior,1,-8.797456116658878,19,-9.182042676203258,EyesClosed,True
sub-441,EyesClosed,posterior,2,-8.9420485195357,19,-9.182042676203258,EyesClosed,True
sub-441,EyesClosed,posterior,3,-8.889745014639745,19,-9.182042676203258,EyesClosed,True
sub-441,EyesClosed,posterior,4,-8.895996665393515,19,-9.182042676203258,EyesClosed,True
sub-441,EyesClosed,posterior,5,-8.891490190112256,19,-9.182042676203258,EyesClosed,True
sub-441,EyesOpen,posterior,0,-9.973085961230138,19,-9.182042676203258,EyesOpen,True
sub-441,EyesOpen,posterior,1,-9.665585315507682,19,-9.182042676203258,EyesOpen,True
sub-441,EyesOpen,posterior,2,-9.618226486391512,19,-9.182042676203258,EyesOpen,True
sub-441,EyesOpen,posterior,3,-9.658373424661354,19,-9.182042676203258,EyesOpen,True
sub-441,EyesOpen,posterior,4,-9.422036832870816,19,-9.182042676203258,EyesOpen,True
sub-441,EyesOpen,posterior,5,-9.587278149425122,19,-9.182042676203258,EyesOpen,True
sub-442,EyesClosed,posterior,0,-10.09555940492335,19,-10.073939784726395,EyesOpen,False
sub-442,EyesClosed,posterior,1,-10.039021490578573,19,-10.073939784726395,EyesClosed,True
sub-442,EyesClosed,posterior,2,-9.563238421287974,19,-10.073939784726395,EyesClosed,True
sub-442,EyesClosed,posterior,3,-9.606208935630848,19,-10.073939784726395,EyesClosed,True
sub-442,EyesClosed,posterior,4,-9.542843280771278,19,-10.073939784726395,EyesClosed,True
sub-442,EyesClosed,posterior,5,-9.947666486047583,19,-10.073939784726395,EyesClosed,True
sub-442,EyesOpen,posterior,0,-10.279979218221388,19,-10.073939784726395,EyesOpen,True
sub-442,EyesOpen,posterior,1,-10.052320164529439,19,-10.073939784726395,EyesClosed,False
sub-442,EyesOpen,posterior,2,-10.365947802235741,19,-10.073939784726395,EyesOpen,True
sub-442,EyesOpen,posterior,3,-10.332595022155985,19,-10.073939784726395,EyesOpen,True
sub-442,EyesOpen,posterior,4,-10.0988906222558,19,-10.073939784726395,EyesOpen,True
sub-442,EyesOpen,posterior,5,-10.374884612874562,19,-10.073939784726395,EyesOpen,True
sub-443,EyesClosed,posterior,0,-8.890557025399879,19,-9.641500917604747,EyesClosed,True
sub-443,EyesClosed,posterior,1,-8.872852196531927,19,-9.641500917604747,EyesClosed,True
sub-443,EyesClosed,posterior,2,-9.389089858179872,19,-9.641500917604747,EyesClosed,True
sub-443,EyesClosed,posterior,3,-8.88550265230676,19,-9.641500917604747,EyesClosed,True
sub-443,EyesClosed,posterior,4,-9.262624790402027,19,-9.641500917604747,EyesClosed,True
sub-443,EyesClosed,posterior,5,-9.313383960193056,19,-9.641500917604747,EyesClosed,True
sub-443,EyesOpen,posterior,0,-10.044628953609076,19,-9.641500917604747,EyesOpen,True
sub-443,EyesOpen,posterior,1,-9.894830389854254,19,-9.641500917604747,EyesOpen,True
sub-443,EyesOpen,posterior,2,-9.92683581776562,19,-9.641500917604747,EyesOpen,True
sub-443,EyesOpen,posterior,3,-10.040658540296398,19,-9.641500917604747,EyesOpen,True
sub-443,EyesOpen,posterior,4,-9.904720683367051,19,-9.641500917604747,EyesOpen,True
sub-443,EyesOpen,posterior,5,-9.89391197702962,19,-9.641500917604747,EyesOpen,True
sub-444,EyesClosed,posterior,0,-8.942807606023052,19,-9.178874935546148,EyesClosed,True
sub-444,EyesClosed,posterior,1,-8.95479817872071,19,-9.178874935546148,EyesClosed,True
sub-444,EyesClosed,posterior,2,-8.903349894697431,19,-9.178874935546148,EyesClosed,True
sub-444,EyesClosed,posterior,3,-8.896197820079259,19,-9.178874935546148,EyesClosed,True
sub-444,EyesClosed,posterior,4,-8.7863097030709,19,-9.178874935546148,EyesClosed,True
sub-444,EyesClosed,posterior,5,-9.065203590171054,19,-9.178874935546148,EyesClosed,True
sub-444,EyesOpen,posterior,0,-9.619296235700283,19,-9.178874935546148,EyesOpen,True
sub-444,EyesOpen,posterior,1,-9.398983496016669,19,-9.178874935546148,EyesOpen,True
sub-444,EyesOpen,posterior,2,-9.29254628092124,19,-9.178874935546148,EyesOpen,True
sub-444,EyesOpen,posterior,3,-9.840334200062603,19,-9.178874935546148,EyesOpen,True
sub-444,EyesOpen,posterior,4,-9.682235545154995,19,-9.178874935546148,EyesOpen,True
sub-444,EyesOpen,posterior,5,-9.520973751932681,19,-9.178874935546148,EyesOpen,True
sub-445,EyesClosed,posterior,0,-9.958198999218844,19,-10.105566154190868,EyesClosed,True
sub-445,EyesClosed,posterior,1,-9.923975365282665,19,-10.105566154190868,EyesClosed,True
sub-445,EyesClosed,posterior,2,-10.061394680075,19,-10.105566154190868,EyesClosed,True
sub-445,EyesClosed,posterior,3,-9.880961362498457,19,-10.105566154190868,EyesClosed,True
sub-445,EyesClosed,posterior,4,-9.845554466717742,19,-10.105566154190868,EyesClosed,True
sub-445,EyesClosed,posterior,5,-9.899397848861259,19,-10.105566154190868,EyesClosed,True
sub-445,EyesOpen,posterior,0,-10.310199218276116,19,-10.105566154190868,EyesOpen,True
sub-445,EyesOpen,posterior,1,-10.169767842707115,19,-10.105566154190868,EyesOpen,True
sub-445,EyesOpen,posterior,2,-10.207723660254842,19,-10.105566154190868,EyesOpen,True
sub-445,EyesOpen,posterior,3,-10.244968718122553,19,-10.105566154190868,EyesOpen,True
sub-445,EyesOpen,posterior,4,-10.149737628306736,19,-10.105566154190868,EyesOpen,True
sub-445,EyesOpen,posterior,5,-10.29600031898349,19,-10.105566154190868,EyesOpen,True
sub-446,EyesClosed,posterior,0,-9.773879667570636,19,-9.992960269786025,EyesClosed,True
sub-446,EyesClosed,posterior,1,-9.7085912633515,19,-9.992960269786025,EyesClosed,True
sub-446,EyesClosed,posterior,2,-9.572134940373306,19,-9.992960269786025,EyesClosed,True
sub-446,EyesClosed,posterior,3,-9.759636254683532,19,-9.992960269786025,EyesClosed,True
sub-446,EyesClosed,posterior,4,-9.735561424548242,19,-9.992960269786025,EyesClosed,True
sub-446,EyesClosed,posterior,5,-9.673245760047493,19,-9.992960269786025,EyesClosed,True
sub-446,EyesOpen,posterior,0,-10.264937562962007,19,-9.992960269786025,EyesOpen,True
sub-446,EyesOpen,posterior,1,-10.212040872001415,19,-9.992960269786025,EyesOpen,True
sub-446,EyesOpen,posterior,2,-10.21998334411756,19,-9.992960269786025,EyesOpen,True
sub-446,EyesOpen,posterior,3,-10.228800450829551,19,-9.992960269786025,EyesOpen,True
sub-446,EyesOpen,posterior,4,-10.236656855487219,19,-9.992960269786025,EyesOpen,True
sub-446,EyesOpen,posterior,5,-10.251468869799881,19,-9.992960269786025,EyesOpen,True
sub-447,EyesClosed,posterior,0,-9.337901459384621,19,-9.845000634223867,EyesClosed,True
sub-447,EyesClosed,posterior,1,-9.342054385587714,19,-9.845000634223867,EyesClosed,True
sub-447,EyesClosed,posterior,2,-9.548001379603756,19,-9.845000634223867,EyesClosed,True
sub-447,EyesClosed,posterior,3,-9.228767685005984,19,-9.845000634223867,EyesClosed,True
sub-447,EyesClosed,posterior,4,-9.171064244949843,19,-9.845000634223867,EyesClosed,True
sub-447,EyesClosed,posterior,5,-9.276565509066764,19,-9.845000634223867,EyesClosed,True
sub-447,EyesOpen,posterior,0,-10.149670527905368,19,-9.845000634223867,EyesOpen,True
sub-447,EyesOpen,posterior,1,-10.141999888843978,19,-9.845000634223867,EyesOpen,True
sub-447,EyesOpen,posterior,2,-10.207430912621097,19,-9.845000634223867,EyesOpen,True
sub-447,EyesOpen,posterior,3,-10.425648589629764,19,-9.845000634223867,EyesOpen,True
sub-447,EyesOpen,posterior,4,-10.285458753030895,19,-9.845000634223867,EyesOpen,True
sub-447,EyesOpen,posterior,5,-10.16077622035665,19,-9.845000634223867,EyesOpen,True
sub-448,EyesClosed,posterior,0,-9.417237437386728,19,-9.957530826626643,EyesClosed,True
sub-448,EyesClosed,posterior,1,-9.545422468143382,19,-9.957530826626643,EyesClosed,True
sub-448,EyesClosed,posterior,2,-9.452800000147567,19,-9.957530826626643,EyesClosed,True
sub-448,EyesClosed,posterior,3,-9.575779145214678,19,-9.957530826626643,EyesClosed,True
sub-448,EyesClosed,posterior,4,-9.770491204000383,19,-9.957530826626643,EyesClosed,True
sub-448,EyesClosed,posterior,5,-9.653345114320743,19,-9.957530826626643,EyesClosed,True
sub-448,EyesOpen,posterior,0,-10.297251139530568,19,-9.957530826626643,EyesOpen,True
sub-448,EyesOpen,posterior,1,-10.199215514811529,19,-9.957530826626643,EyesOpen,True
sub-448,EyesOpen,posterior,2,-10.276533918674906,19,-9.957530826626643,EyesOpen,True
sub-448,EyesOpen,posterior,3,-10.144570449252903,19,-9.957530826626643,EyesOpen,True
sub-448,EyesOpen,posterior,4,-10.23196888554489,19,-9.957530826626643,EyesOpen,True
sub-448,EyesOpen,posterior,5,-10.337023419313473,19,-9.957530826626643,EyesOpen,True
sub-449,EyesClosed,posterior,0,-9.170798585127436,19,-9.546989787868032,EyesClosed,True
sub-449,EyesClosed,posterior,1,-9.154570995654327,19,-9.546989787868032,EyesClosed,True
sub-449,EyesClosed,posterior,2,-9.130205783655503,19,-9.546989787868032,EyesClosed,True
sub-449,EyesClosed,posterior,3,-8.924867883021028,19,-9.546989787868032,EyesClosed,True
sub-449,EyesClosed,posterior,4,-9.165952741317218,19,-9.546989787868032,EyesClosed,True
sub-449,EyesClosed,posterior,5,-8.787554709575907,19,-9.546989787868032,EyesClosed,True
sub-449,EyesOpen,posterior,0,-9.957585082826983,19,-9.546989787868032,EyesOpen,True
sub-449,EyesOpen,posterior,1,-10.034730592381065,19,-9.546989787868032,EyesOpen,True
sub-449,EyesOpen,posterior,2,-10.100900886701256,19,-9.546989787868032,EyesOpen,True
sub-449,EyesOpen,posterior,3,-10.103321734789201,19,-9.546989787868032,EyesOpen,True
sub-449,EyesOpen,posterior,4,-10.075023571025284,19,-9.546989787868032,EyesOpen,True
sub-449,EyesOpen,posterior,5,-9.92318099060863,19,-9.546989787868032,EyesOpen,True
sub-450,EyesClosed,posterior,0,-10.132106007458214,19,-10.329137446677514,EyesClosed,True
sub-450,EyesClosed,posterior,1,-10.082302423594165,19,-10.329137446677514,EyesClosed,True
sub-450,EyesClosed,posterior,2,-10.32416323256757,19,-10.329137446677514,EyesClosed,True
sub-450,EyesClosed,posterior,3,-9.999065135272042,19,-10.329137446677514,EyesClosed,True
sub-450,EyesClosed,posterior,4,-10.197320102188847,19,-10.329137446677514,EyesClosed,True
sub-450,EyesClosed,posterior,5,-9.88104122273974,19,-10.329137446677514,EyesClosed,True
sub-450,EyesOpen,posterior,0,-10.436723042782933,19,-10.329137446677514,EyesOpen,True
sub-450,EyesOpen,posterior,1,-10.334111660787459,19,-10.329137446677514,EyesOpen,True
sub-450,EyesOpen,posterior,2,-10.447849327674257,19,-10.329137446677514,EyesOpen,True
sub-450,EyesOpen,posterior,3,-10.520814270746769,19,-10.329137446677514,EyesOpen,True
sub-450,EyesOpen,posterior,4,-10.516581356722742,19,-10.329137446677514,EyesOpen,True
sub-450,EyesOpen,posterior,5,-10.392139873211109,19,-10.329137446677514,EyesOpen,True
sub-451,EyesClosed,posterior,0,-10.117399211434003,19,-10.079485964259257,EyesOpen,False
sub-451,EyesClosed,posterior,1,-9.071737979655026,19,-10.079485964259257,EyesClosed,True
sub-451,EyesClosed,posterior,2,-8.876375959918498,19,-10.079485964259257,EyesClosed,True
sub-451,EyesClosed,posterior,3,-8.787407875320206,19,-10.079485964259257,EyesClosed,True
sub-451,EyesClosed,posterior,4,-8.651664713713954,19,-10.079485964259257,EyesClosed,True
sub-451,EyesClosed,posterior,5,-8.759644521144418,19,-10.079485964259257,EyesClosed,True
sub-451,EyesOpen,posterior,0,-10.31062610623572,19,-10.079485964259257,EyesOpen,True
sub-451,EyesOpen,posterior,1,-10.199105408053525,19,-10.079485964259257,EyesOpen,True
sub-451,EyesOpen,posterior,2,-10.210285553790309,19,-10.079485964259257,EyesOpen,True
sub-451,EyesOpen,posterior,3,-10.194281779192199,19,-10.079485964259257,EyesOpen,True
sub-451,EyesOpen,posterior,4,-10.152345928670712,19,-10.079485964259257,EyesOpen,True
sub-451,EyesOpen,posterior,5,-10.041572717084511,19,-10.079485964259257,EyesClosed,False
sub-452,EyesClosed,posterior,0,-9.76447982784841,19,-10.214396819570023,EyesClosed,True
sub-452,EyesClosed,posterior,1,-9.596135369936494,19,-10.214396819570023,EyesClosed,True
sub-452,EyesClosed,posterior,2,-10.074052933018606,19,-10.214396819570023,EyesClosed,True
sub-452,EyesClosed,posterior,3,-9.930632229784246,19,-10.214396819570023,EyesClosed,True
sub-452,EyesClosed,posterior,4,-10.198370237021146,19,-10.214396819570023,EyesClosed,True
sub-452,EyesClosed,posterior,5,-9.844854364491873,19,-10.214396819570023,EyesClosed,True
sub-452,EyesOpen,posterior,0,-10.485064345825682,19,-10.214396819570023,EyesOpen,True
sub-452,EyesOpen,posterior,1,-10.429810895956889,19,-10.214396819570023,EyesOpen,True
sub-452,EyesOpen,posterior,2,-10.230423402118902,19,-10.214396819570023,EyesOpen,True
sub-452,EyesOpen,posterior,3,-10.305436841811837,19,-10.214396819570023,EyesOpen,True
sub-452,EyesOpen,posterior,4,-10.56770541152449,19,-10.214396819570023,EyesOpen,True
sub-452,EyesOpen,posterior,5,-10.404975860807138,19,-10.214396819570023,EyesOpen,True
sub-453,EyesClosed,posterior,0,-10.212488119148118,19,-10.290245369011947,EyesClosed,True
sub-453,EyesClosed,posterior,1,-10.083291712489178,19,-10.290245369011947,EyesClosed,True
sub-453,EyesClosed,posterior,2,-10.090655721669851,19,-10.290245369011947,EyesClosed,True
sub-453,EyesClosed,posterior,3,-10.07075641601973,19,-10.290245369011947,EyesClosed,True
sub-453,EyesClosed,posterior,4,-9.952541528905103,19,-10.290245369011947,EyesClosed,True
sub-453,EyesClosed,posterior,5,-10.02522897158055,19,-10.290245369011947,EyesClosed,True
sub-453,EyesOpen,posterior,0,-10.494641519849745,19,-10.290245369011947,EyesOpen,True
sub-453,EyesOpen,posterior,1,-10.50222319136532,19,-10.290245369011947,EyesOpen,True
sub-453,EyesOpen,posterior,2,-10.368002618875776,19,-10.290245369011947,EyesOpen,True
sub-453,EyesOpen,posterior,3,-10.515005172616629,19,-10.290245369011947,EyesOpen,True
sub-453,EyesOpen,posterior,4,-10.555121281862153,19,-10.290245369011947,EyesOpen,True
sub-453,EyesOpen,posterior,5,-10.440876511859479,19,-10.290245369011947,EyesOpen,True
sub-454,EyesClosed,posterior,0,-10.056450940757196,19,-10.051714260574144,EyesOpen,False
sub-454,EyesClosed,posterior,1,-10.031123395034058,19,-10.051714260574144,EyesClosed,True
sub-454,EyesClosed,posterior,2,-9.953068352472544,19,-10.051714260574144,EyesClosed,True
sub-454,EyesClosed,posterior,3,-10.029657185506254,19,-10.051714260574144,EyesClosed,True
sub-454,EyesClosed,posterior,4,-10.046977580391093,19,-10.051714260574144,EyesClosed,True
sub-454,EyesClosed,posterior,5,-9.903365590754005,19,-10.051714260574144,EyesClosed,True
sub-454,EyesOpen,posterior,0,-10.235788089140584,19,-10.051714260574144,EyesOpen,True
sub-454,EyesOpen,posterior,1,-10.229071093046096,19,-10.051714260574144,EyesOpen,True
sub-454,EyesOpen,posterior,2,-10.186778688069593,19,-10.051714260574144,EyesOpen,True
sub-454,EyesOpen,posterior,3,-10.116512191176065,19,-10.051714260574144,EyesOpen,True
sub-454,EyesOpen,posterior,4,-10.172697140290689,19,-10.051714260574144,EyesOpen,True
sub-454,EyesOpen,posterior,5,-10.022829332276627,19,-10.051714260574144,EyesClosed,False
sub-455,EyesClosed,posterior,0,-10.73305984471686,19,-10.616375964685549,EyesOpen,False
sub-455,EyesClosed,posterior,1,-10.68432946027893,19,-10.616375964685549,EyesOpen,False
sub-455,EyesClosed,posterior,2,-10.567499875153544,19,-10.616375964685549,EyesClosed,True
sub-455,EyesClosed,posterior,3,-10.520913784886961,19,-10.616375964685549,EyesClosed,True
sub-455,EyesClosed,posterior,4,-10.56876579403071,19,-10.616375964685549,EyesClosed,True
sub-455,EyesClosed,posterior,5,-10.293328171115244,19,-10.616375964685549,EyesClosed,True
sub-455,EyesOpen,posterior,0,-10.632541127452066,19,-10.616375964685549,EyesOpen,True
sub-455,EyesOpen,posterior,1,-10.691091287008396,19,-10.616375964685549,EyesOpen,True
sub-455,EyesOpen,posterior,2,-10.63378803399932,19,-10.616375964685549,EyesOpen,True
sub-455,EyesOpen,posterior,3,-10.207151786034956,19,-10.616375964685549,EyesClosed,False
sub-455,EyesOpen,posterior,4,-10.631657245343666,19,-10.616375964685549,EyesOpen,True
sub-455,EyesOpen,posterior,5,-10.60109468402743,19,-10.616375964685549,EyesClosed,False
sub-456,EyesClosed,posterior,0,-8.85116144097891,19,-8.975341419442682,EyesClosed,True
sub-456,EyesClosed,posterior,1,-8.810934105003447,19,-8.975341419442682,EyesClosed,True
sub-456,EyesClosed,posterior,2,-8.825758140739882,19,-8.975341419442682,EyesClosed,True
sub-456,EyesClosed,posterior,3,-8.800450147157198,19,-8.975341419442682,EyesClosed,True
sub-456,EyesClosed,posterior,4,-8.913431693864696,19,-8.975341419442682,EyesClosed,True
sub-456,EyesClosed,posterior,5,-8.856070123837263,19,-8.975341419442682,EyesClosed,True
sub-456,EyesOpen,posterior,0,-9.259416377941966,19,-8.975341419442682,EyesOpen,True
sub-456,EyesOpen,posterior,1,-9.250148640564072,19,-8.975341419442682,EyesOpen,True
sub-456,EyesOpen,posterior,2,-9.037251145020665,19,-8.975341419442682,EyesOpen,True
sub-456,EyesOpen,posterior,3,-9.080146425207122,19,-8.975341419442682,EyesOpen,True
sub-456,EyesOpen,posterior,4,-9.337795870814082,19,-8.975341419442682,EyesOpen,True
sub-456,EyesOpen,posterior,5,-9.219220520624837,19,-8.975341419442682,EyesOpen,True
sub-457,EyesClosed,posterior,0,-8.782147800591696,19,-9.037897490892867,EyesClosed,True
sub-457,EyesClosed,posterior,1,-8.728169547074183,19,-9.037897490892867,EyesClosed,True
sub-457,EyesClosed,posterior,2,-8.788176477915007,19,-9.037897490892867,EyesClosed,True
sub-457,EyesClosed,posterior,3,-8.704300738300134,19,-9.037897490892867,EyesClosed,True
sub-457,EyesClosed,posterior,4,-8.819428879145786,19,-9.037897490892867,EyesClosed,True
sub-457,EyesClosed,posterior,5,-8.751547434492837,19,-9.037897490892867,EyesClosed,True
sub-457,EyesOpen,posterior,0,-10.018095398762489,19,-9.037897490892867,EyesOpen,True
sub-457,EyesOpen,posterior,1,-9.807684311911313,19,-9.037897490892867,EyesOpen,True
sub-457,EyesOpen,posterior,2,-9.43792052985033,19,-9.037897490892867,EyesOpen,True
sub-457,EyesOpen,posterior,3,-9.558302074429136,19,-9.037897490892867,EyesOpen,True
sub-457,EyesOpen,posterior,4,-9.256366102639948,19,-9.037897490892867,EyesOpen,True
sub-457,EyesOpen,posterior,5,-9.625732475589095,19,-9.037897490892867,EyesOpen,True
sub-458,EyesClosed,posterior,0,-9.771646078159307,19,-9.939552687491137,EyesClosed,True
sub-458,EyesClosed,posterior,1,-9.7842955576145,19,-9.939552687491137,EyesClosed,True
sub-458,EyesClosed,posterior,2,-9.781952786141458,19,-9.939552687491137,EyesClosed,True
sub-458,EyesClosed,posterior,3,-9.86583896913824,19,-9.939552687491137,EyesClosed,True
sub-458,EyesClosed,posterior,4,-9.890493915438975,19,-9.939552687491137,EyesClosed,True
sub-458,EyesClosed,posterior,5,-9.906133627212647,19,-9.939552687491137,EyesClosed,True
sub-458,EyesOpen,posterior,0,-10.182078095204147,19,-9.939552687491137,EyesOpen,True
sub-458,EyesOpen,posterior,1,-10.210573192896216,19,-9.939552687491137,EyesOpen,True
sub-458,EyesOpen,posterior,2,-10.217282179061767,19,-9.939552687491137,EyesOpen,True
sub-458,EyesOpen,posterior,3,-10.106326568083913,19,-9.939552687491137,EyesOpen,True
sub-458,EyesOpen,posterior,4,-10.148421496650815,19,-9.939552687491137,EyesOpen,True
sub-458,EyesOpen,posterior,5,-9.972971747769625,19,-9.939552687491137,EyesOpen,True
sub-459,EyesClosed,posterior,0,-9.992159891245935,19,-10.172018209051377,EyesClosed,True
sub-459,EyesClosed,posterior,1,-9.843288007756493,19,-10.172018209051377,EyesClosed,True
sub-459,EyesClosed,posterior,2,-9.952380465103722,19,-10.172018209051377,EyesClosed,True
sub-459,EyesClosed,posterior,3,-9.665839115532554,19,-10.172018209051377,EyesClosed,True
sub-459,EyesClosed,posterior,4,-9.866293105970321,19,-10.172018209051377,EyesClosed,True
sub-459,EyesClosed,posterior,5,-9.813641022910078,19,-10.172018209051377,EyesClosed,True
sub-459,EyesOpen,posterior,0,-10.360083240693058,19,-10.172018209051377,EyesOpen,True
sub-459,EyesOpen,posterior,1,-10.351876526856818,19,-10.172018209051377,EyesOpen,True
sub-459,EyesOpen,posterior,2,-10.45943416244985,19,-10.172018209051377,EyesOpen,True
sub-459,EyesOpen,posterior,3,-10.507010315383491,19,-10.172018209051377,EyesOpen,True
sub-459,EyesOpen,posterior,4,-10.473262413936494,19,-10.172018209051377,EyesOpen,True
sub-459,EyesOpen,posterior,5,-10.514451930802093,19,-10.172018209051377,EyesOpen,True
sub-460,EyesClosed,posterior,0,-9.624300089409077,19,-10.08910208632286,EyesClosed,True
sub-460,EyesClosed,posterior,1,-9.630279138636181,19,-10.08910208632286,EyesClosed,True
sub-460,EyesClosed,posterior,2,-9.176532887418945,19,-10.08910208632286,EyesClosed,True
sub-460,EyesClosed,posterior,3,-9.820887959228777,19,-10.08910208632286,EyesClosed,True
sub-460,EyesClosed,posterior,4,-9.516425001765132,19,-10.08910208632286,EyesClosed,True
sub-460,EyesClosed,posterior,5,-9.238423058276764,19,-10.08910208632286,EyesClosed,True
sub-460,EyesOpen,posterior,0,-10.52828798289079,19,-10.08910208632286,EyesOpen,True
sub-460,EyesOpen,posterior,1,-10.461175292691644,19,-10.08910208632286,EyesOpen,True
sub-460,EyesOpen,posterior,2,-10.366964541156298,19,-10.08910208632286,EyesOpen,True
sub-460,EyesOpen,posterior,3,-10.614866821290834,19,-10.08910208632286,EyesOpen,True
sub-460,EyesOpen,posterior,4,-10.49515785654667,19,-10.08910208632286,EyesOpen,True
sub-460,EyesOpen,posterior,5,-10.357316213416944,19,-10.08910208632286,EyesOpen,True
sub-461,EyesClosed,posterior,0,-9.217045827410566,19,-9.791941813215331,EyesClosed,True
sub-461,EyesClosed,posterior,1,-9.09417606467006,19,-9.791941813215331,EyesClosed,True
sub-461,EyesClosed,posterior,2,-9.077569737131105,19,-9.791941813215331,EyesClosed,True
sub-461,EyesClosed,posterior,3,-9.25619889087834,19,-9.791941813215331,EyesClosed,True
sub-461,EyesClosed,posterior,4,-9.619239957264071,19,-9.791941813215331,EyesClosed,True
sub-461,EyesClosed,posterior,5,-9.452721275746145,19,-9.791941813215331,EyesClosed,True
sub-461,EyesOpen,posterior,0,-10.387751078447375,19,-9.791941813215331,EyesOpen,True
sub-461,EyesOpen,posterior,1,-10.286604470029005,19,-9.791941813215331,EyesOpen,True
sub-461,EyesOpen,posterior,2,-10.07778055877894,19,-9.791941813215331,EyesOpen,True
sub-461,EyesOpen,posterior,3,-9.964643669166593,19,-9.791941813215331,EyesOpen,True
sub-461,EyesOpen,posterior,4,-10.033320532974775,19,-9.791941813215331,EyesOpen,True
sub-461,EyesOpen,posterior,5,-9.996372030518494,19,-9.791941813215331,EyesOpen,True
sub-462,EyesClosed,posterior,0,-10.345138018333769,19,-10.339254657278854,EyesOpen,False
sub-462,EyesClosed,posterior,1,-10.346640299625244,19,-10.339254657278854,EyesOpen,False
sub-462,EyesClosed,posterior,2,-10.166075445419752,19,-10.339254657278854,EyesClosed,True
sub-462,EyesClosed,posterior,3,-10.212085868008854,19,-10.339254657278854,EyesClosed,True
sub-462,EyesClosed,posterior,4,-10.325122025695642,19,-10.339254657278854,EyesClosed,True
sub-462,EyesClosed,posterior,5,-10.155488500664982,19,-10.339254657278854,EyesClosed,True
sub-462,EyesOpen,posterior,0,-10.332339010624063,19,-10.339254657278854,EyesClosed,False
sub-462,EyesOpen,posterior,1,-10.34559265650614,19,-10.339254657278854,EyesOpen,True
sub-462,EyesOpen,posterior,2,-10.415405536445045,19,-10.339254657278854,EyesOpen,True
sub-462,EyesOpen,posterior,3,-10.427714460537597,19,-10.339254657278854,EyesOpen,True
sub-462,EyesOpen,posterior,4,-10.33337129622394,19,-10.339254657278854,EyesClosed,False
sub-462,EyesOpen,posterior,5,-10.465611431409723,19,-10.339254657278854,EyesOpen,True
sub-463,EyesClosed,posterior,0,-10.355615379865807,19,-10.147057172095652,EyesOpen,False
sub-463,EyesClosed,posterior,1,-9.82707310058005,19,-10.147057172095652,EyesClosed,True
sub-463,EyesClosed,posterior,2,-10.037476615875898,19,-10.147057172095652,EyesClosed,True
sub-463,EyesClosed,posterior,3,-9.631245296398316,19,-10.147057172095652,EyesClosed,True
sub-463,EyesClosed,posterior,4,-10.059623138666163,19,-10.147057172095652,EyesClosed,True
sub-463,EyesClosed,posterior,5,-9.663290890841953,19,-10.147057172095652,EyesClosed,True
sub-463,EyesOpen,posterior,0,-10.31489621822026,19,-10.147057172095652,EyesOpen,True
sub-463,EyesOpen,posterior,1,-9.98834024067912,19,-10.147057172095652,EyesClosed,False
sub-463,EyesOpen,posterior,2,-10.326232028949313,19,-10.147057172095652,EyesOpen,True
sub-463,EyesOpen,posterior,3,-10.30075336634944,19,-10.147057172095652,EyesOpen,True
sub-463,EyesOpen,posterior,4,-10.23449120552514,19,-10.147057172095652,EyesOpen,True
sub-463,EyesOpen,posterior,5,-10.335753259359443,19,-10.147057172095652,EyesOpen,True
sub-464,EyesClosed,posterior,0,-9.024160285456828,19,-9.150431315791264,EyesClosed,True
sub-464,EyesClosed,posterior,1,-9.061922478752894,19,-9.150431315791264,EyesClosed,True
sub-464,EyesClosed,posterior,2,-9.080560113412067,19,-9.150431315791264,EyesClosed,True
sub-464,EyesClosed,posterior,3,-9.034924920969006,19,-9.150431315791264,EyesClosed,True
sub-464,EyesClosed,posterior,4,-8.82124489963091,19,-9.150431315791264,EyesClosed,True
sub-464,EyesClosed,posterior,5,-9.150431315791264,19,-9.150431315791264,EyesOpen,False
sub-464,EyesClosed,posterior,6,-8.986993114790952,19,-9.150431315791264,EyesClosed,True
sub-464,EyesOpen,posterior,0,-10.345482584411249,19,-9.150431315791264,EyesOpen,True
sub-464,EyesOpen,posterior,1,-10.472474076243772,19,-9.150431315791264,EyesOpen,True
sub-464,EyesOpen,posterior,2,-10.339836877061533,19,-9.150431315791264,EyesOpen,True
sub-464,EyesOpen,posterior,3,-10.467909826189242,19,-9.150431315791264,EyesOpen,True
sub-464,EyesOpen,posterior,4,-10.51135936821894,19,-9.150431315791264,EyesOpen,True
sub-464,EyesOpen,posterior,5,-10.548570946022343,19,-9.150431315791264,EyesOpen,True
sub-465,EyesClosed,posterior,0,-10.629538987088225,19,-10.731879552268627,EyesClosed,True
sub-465,EyesClosed,posterior,1,-10.738297556189028,19,-10.731879552268627,EyesOpen,False
sub-465,EyesClosed,posterior,2,-10.593236518893645,19,-10.731879552268627,EyesClosed,True
sub-465,EyesClosed,posterior,3,-10.548781115798677,19,-10.731879552268627,EyesClosed,True
sub-465,EyesClosed,posterior,4,-10.524153915343467,19,-10.731879552268627,EyesClosed,True
sub-465,EyesClosed,posterior,5,-10.571503112199022,19,-10.731879552268627,EyesClosed,True
sub-465,EyesOpen,posterior,0,-10.791846921828274,19,-10.731879552268627,EyesOpen,True
sub-465,EyesOpen,posterior,1,-10.750308913656541,19,-10.731879552268627,EyesOpen,True
sub-465,EyesOpen,posterior,2,-10.774858376189814,19,-10.731879552268627,EyesOpen,True
sub-465,EyesOpen,posterior,3,-10.792040431706159,19,-10.731879552268627,EyesOpen,True
sub-465,EyesOpen,posterior,4,-10.752756725738525,19,-10.731879552268627,EyesOpen,True
sub-465,EyesOpen,posterior,5,-10.725461548348225,19,-10.731879552268627,EyesClosed,False
sub-466,EyesClosed,posterior,0,-10.130573439209488,19,-10.049283501010772,EyesOpen,False
sub-466,EyesClosed,posterior,1,-9.592773361195242,19,-10.049283501010772,EyesClosed,True
sub-466,EyesClosed,posterior,2,-9.465161989514081,19,-10.049283501010772,EyesClosed,True
sub-466,EyesClosed,posterior,3,-9.394080832053168,19,-10.049283501010772,EyesClosed,True
sub-466,EyesClosed,posterior,4,-9.516826888077023,19,-10.049283501010772,EyesClosed,True
sub-466,EyesClosed,posterior,5,-9.550095980873687,19,-10.049283501010772,EyesClosed,True
sub-466,EyesOpen,posterior,0,-10.572881820766915,19,-10.049283501010772,EyesOpen,True
sub-466,EyesOpen,posterior,1,-10.192871728887003,19,-10.049283501010772,EyesOpen,True
sub-466,EyesOpen,posterior,2,-10.043241699464257,19,-10.049283501010772,EyesClosed,False
sub-466,EyesOpen,posterior,3,-10.245395983482332,19,-10.049283501010772,EyesOpen,True
sub-466,EyesOpen,posterior,4,-10.432096393590738,19,-10.049283501010772,EyesOpen,True
sub-466,EyesOpen,posterior,5,-10.055325302557286,19,-10.049283501010772,EyesOpen,True
sub-467,EyesClosed,posterior,0,-9.061613522163151,19,-9.274510552137595,EyesClosed,True
sub-467,EyesClosed,posterior,1,-9.073794695850875,19,-9.274510552137595,EyesClosed,True
sub-467,EyesClosed,posterior,2,-8.85746273939505,19,-9.274510552137595,EyesClosed,True
sub-467,EyesClosed,posterior,3,-8.919732578378461,19,-9.274510552137595,EyesClosed,True
sub-467,EyesClosed,posterior,4,-8.975193059611208,19,-9.274510552137595,EyesClosed,True
sub-467,EyesClosed,posterior,5,-8.916844943839092,19,-9.274510552137595,EyesClosed,True
sub-467,EyesOpen,posterior,0,-9.977494301945807,19,-9.274510552137595,EyesOpen,True
sub-467,EyesOpen,posterior,1,-9.55314760376151,19,-9.274510552137595,EyesOpen,True
sub-467,EyesOpen,posterior,2,-9.818999574618884,19,-9.274510552137595,EyesOpen,True
sub-467,EyesOpen,posterior,3,-9.763419097231555,19,-9.274510552137595,EyesOpen,True
sub-467,EyesOpen,posterior,4,-9.475226408424318,19,-9.274510552137595,EyesOpen,True
sub-467,EyesOpen,posterior,5,-9.829204693446263,19,-9.274510552137595,EyesOpen,True
sub-468,EyesClosed,posterior,0,-10.095804319903454,19,-10.198937299604307,EyesClosed,True
sub-468,EyesClosed,posterior,1,-10.001780986163492,19,-10.198937299604307,EyesClosed,True
sub-468,EyesClosed,posterior,2,-10.016587012280503,19,-10.198937299604307,EyesClosed,True
sub-468,EyesClosed,posterior,3,-10.23354324675881,19,-10.198937299604307,EyesOpen,False
sub-468,EyesClosed,posterior,4,-10.10145712617345,19,-10.198937299604307,EyesClosed,True
sub-468,EyesClosed,posterior,5,-10.227298415897867,19,-10.198937299604307,EyesOpen,False
sub-468,EyesOpen,posterior,0,-10.234135716376477,19,-10.198937299604307,EyesOpen,True
sub-468,EyesOpen,posterior,1,-10.33703424576048,19,-10.198937299604307,EyesOpen,True
sub-468,EyesOpen,posterior,2,-10.170576183310748,19,-10.198937299604307,EyesClosed,False
sub-468,EyesOpen,posterior,3,-10.244716305372359,19,-10.198937299604307,EyesOpen,True
sub-468,EyesOpen,posterior,4,-10.119378275843296,19,-10.198937299604307,EyesClosed,False
sub-468,EyesOpen,posterior,5,-10.239686427042233,19,-10.198937299604307,EyesOpen,True
sub-469,EyesClosed,posterior,0,-8.984039503619364,19,-9.284140860538422,EyesClosed,True
sub-469,EyesClosed,posterior,1,-8.792893127155416,19,-9.284140860538422,EyesClosed,True
sub-469,EyesClosed,posterior,2,-9.035957669505033,19,-9.284140860538422,EyesClosed,True
sub-469,EyesClosed,posterior,3,-9.109634104268634,19,-9.284140860538422,EyesClosed,True
sub-469,EyesClosed,posterior,4,-9.141141358299084,19,-9.284140860538422,EyesClosed,True
sub-469,EyesClosed,posterior,5,-9.11716528475121,19,-9.284140860538422,EyesClosed,True
sub-469,EyesOpen,posterior,0,-9.852258909700655,19,-9.284140860538422,EyesOpen,True
sub-469,EyesOpen,posterior,1,-9.680513572963482,19,-9.284140860538422,EyesOpen,True
sub-469,EyesOpen,posterior,2,-9.736036123190473,19,-9.284140860538422,EyesOpen,True
sub-469,EyesOpen,posterior,3,-9.701956088068862,19,-9.284140860538422,EyesOpen,True
sub-469,EyesOpen,posterior,4,-9.427140362777761,19,-9.284140860538422,EyesOpen,True
sub-469,EyesOpen,posterior,5,-9.667942387418558,19,-9.284140860538422,EyesOpen,True
sub-470,EyesClosed,posterior,0,-10.058397712333988,19,-10.137685274385195,EyesClosed,True
sub-470,EyesClosed,posterior,1,-9.4315493955547,19,-10.137685274385195,EyesClosed,True
sub-470,EyesClosed,posterior,2,-9.566715854916465,19,-10.137685274385195,EyesClosed,True
sub-470,EyesClosed,posterior,3,-9.574614014089173,19,-10.137685274385195,EyesClosed,True
sub-470,EyesClosed,posterior,4,-9.405424062949407,19,-10.137685274385195,EyesClosed,True
sub-470,EyesClosed,posterior,5,-9.30338740379607,19,-10.137685274385195,EyesClosed,True
sub-470,EyesOpen,posterior,0,-10.382513906515435,19,-10.137685274385195,EyesOpen,True
sub-470,EyesOpen,posterior,1,-10.431095112098106,19,-10.137685274385195,EyesOpen,True
sub-470,EyesOpen,posterior,2,-10.233597913862315,19,-10.137685274385195,EyesOpen,True
sub-470,EyesOpen,posterior,3,-10.38885887242181,19,-10.137685274385195,EyesOpen,True
sub-470,EyesOpen,posterior,4,-10.433001798522373,19,-10.137685274385195,EyesOpen,True
sub-470,EyesOpen,posterior,5,-10.2169728364364,19,-10.137685274385195,EyesOpen,True
sub-471,EyesClosed,posterior,0,-9.395821032587506,19,-9.749619505058305,EyesClosed,True
sub-471,EyesClosed,posterior,1,-9.314598895194143,19,-9.749619505058305,EyesClosed,True
sub-471,EyesClosed,posterior,2,-9.30052318481413,19,-9.749619505058305,EyesClosed,True
sub-471,EyesClosed,posterior,3,-9.306029413485083,19,-9.749619505058305,EyesClosed,True
sub-471,EyesClosed,posterior,4,-9.421290957859274,19,-9.749619505058305,EyesClosed,True
sub-471,EyesClosed,posterior,5,-9.212269699313575,19,-9.749619505058305,EyesClosed,True
sub-471,EyesOpen,posterior,0,-10.552742176633096,19,-9.749619505058305,EyesOpen,True
sub-471,EyesOpen,posterior,1,-10.275088336534932,19,-9.749619505058305,EyesOpen,True
sub-471,EyesOpen,posterior,2,-10.44225767088479,19,-9.749619505058305,EyesOpen,True
sub-471,EyesOpen,posterior,3,-10.313702254970124,19,-9.749619505058305,EyesOpen,True
sub-471,EyesOpen,posterior,4,-10.077948052257339,19,-9.749619505058305,EyesOpen,True
sub-471,EyesOpen,posterior,5,-10.517012028906754,19,-9.749619505058305,EyesOpen,True
sub-472,EyesClosed,posterior,0,-9.859461874765328,19,-10.124796313955189,EyesClosed,True
sub-472,EyesClosed,posterior,1,-9.695482536476225,19,-10.124796313955189,EyesClosed,True
sub-472,EyesClosed,posterior,2,-9.778018601699417,19,-10.124796313955189,EyesClosed,True
sub-472,EyesClosed,posterior,3,-9.727772013802022,19,-10.124796313955189,EyesClosed,True
sub-472,EyesClosed,posterior,4,-9.94623311368618,19,-10.124796313955189,EyesClosed,True
sub-472,EyesClosed,posterior,5,-9.827560800867175,19,-10.124796313955189,EyesClosed,True
sub-472,EyesOpen,posterior,0,-10.420265266116955,19,-10.124796313955189,EyesOpen,True
sub-472,EyesOpen,posterior,1,-10.407292660713296,19,-10.124796313955189,EyesOpen,True
sub-472,EyesOpen,posterior,2,-10.440214696836073,19,-10.124796313955189,EyesOpen,True
sub-472,EyesOpen,posterior,3,-10.32391425184905,19,-10.124796313955189,EyesOpen,True
sub-472,EyesOpen,posterior,4,-10.303359514224198,19,-10.124796313955189,EyesOpen,True
sub-472,EyesOpen,posterior,5,-10.32391833408767,19,-10.124796313955189,EyesOpen,True
sub-472,EyesOpen,posterior,6,-6.019608583247564,19,-10.124796313955189,EyesClosed,False
sub-472,EyesOpen,posterior,7,-10.442774291166767,19,-10.124796313955189,EyesOpen,True
sub-473,EyesClosed,posterior,0,-9.638956817327445,19,-9.638956817327445,EyesOpen,False
sub-473,EyesClosed,posterior,1,-9.542696125128368,19,-9.638956817327445,EyesClosed,True
sub-473,EyesClosed,posterior,2,-9.469759996806193,19,-9.638956817327445,EyesClosed,True
sub-473,EyesClosed,posterior,3,-9.505297263466169,19,-9.638956817327445,EyesClosed,True
sub-473,EyesClosed,posterior,4,-9.492442880783639,19,-9.638956817327445,EyesClosed,True
sub-473,EyesClosed,posterior,5,-9.582940270060314,19,-9.638956817327445,EyesClosed,True
sub-473,EyesClosed,posterior,6,-9.509585289658327,19,-9.638956817327445,EyesClosed,True
sub-473,EyesOpen,posterior,0,-10.242802483990227,19,-9.638956817327445,EyesOpen,True
sub-473,EyesOpen,posterior,1,-10.083758534895017,19,-9.638956817327445,EyesOpen,True
sub-473,EyesOpen,posterior,2,-10.116808738813587,19,-9.638956817327445,EyesOpen,True
sub-473,EyesOpen,posterior,3,-10.135636451381632,19,-9.638956817327445,EyesOpen,True
sub-473,EyesOpen,posterior,4,-9.997425989565269,19,-9.638956817327445,EyesOpen,True
sub-473,EyesOpen,posterior,5,-10.059380592071388,19,-9.638956817327445,EyesOpen,True
sub-474,EyesClosed,posterior,0,-8.980817969608607,19,-8.980817969608607,EyesOpen,False
sub-474,EyesClosed,posterior,1,-8.849093404699302,19,-8.980817969608607,EyesClosed,True
sub-474,EyesClosed,posterior,2,-8.805622857321195,19,-8.980817969608607,EyesClosed,True
sub-474,EyesClosed,posterior,3,-8.782840367431232,19,-8.980817969608607,EyesClosed,True
sub-474,EyesClosed,posterior,4,-8.861320692376896,19,-8.980817969608607,EyesClosed,True
sub-474,EyesClosed,posterior,5,-8.86451721856736,19,-8.980817969608607,EyesClosed,True
sub-474,EyesClosed,posterior,6,-8.916759320318878,19,-8.980817969608607,EyesClosed,True
sub-474,EyesOpen,posterior,0,-9.718206358589933,19,-8.980817969608607,EyesOpen,True
sub-474,EyesOpen,posterior,1,-9.864613278583176,19,-8.980817969608607,EyesOpen,True
sub-474,EyesOpen,posterior,2,-9.869145199620093,19,-8.980817969608607,EyesOpen,True
sub-474,EyesOpen,posterior,3,-9.769662665051474,19,-8.980817969608607,EyesOpen,True
sub-474,EyesOpen,posterior,4,-9.455884777866148,19,-8.980817969608607,EyesOpen,True
sub-474,EyesOpen,posterior,5,-9.875330860115803,19,-8.980817969608607,EyesOpen,True
sub-475,EyesClosed,posterior,0,-8.88916502677476,19,-9.161244935695287,EyesClosed,True
sub-475,EyesClosed,posterior,1,-8.808327102537842,19,-9.161244935695287,EyesClosed,True
sub-475,EyesClosed,posterior,2,-8.730756445692359,19,-9.161244935695287,EyesClosed,True
sub-475,EyesClosed,posterior,3,-8.926577751663622,19,-9.161244935695287,EyesClosed,True
sub-475,EyesClosed,posterior,4,-8.812482037297201,19,-9.161244935695287,EyesClosed,True
sub-475,EyesClosed,posterior,5,-8.886796504137275,19,-9.161244935695287,EyesClosed,True
sub-475,EyesOpen,posterior,0,-9.761540080867501,19,-9.161244935695287,EyesOpen,True
sub-475,EyesOpen,posterior,1,-9.65709028006883,19,-9.161244935695287,EyesOpen,True
sub-475,EyesOpen,posterior,2,-10.043825615196376,19,-9.161244935695287,EyesOpen,True
sub-475,EyesOpen,posterior,3,-9.744236078016325,19,-9.161244935695287,EyesOpen,True
sub-475,EyesOpen,posterior,4,-9.574939387860416,19,-9.161244935695287,EyesOpen,True
sub-475,EyesOpen,posterior,5,-9.395912119726953,19,-9.161244935695287,EyesOpen,True
sub-476,EyesClosed,posterior,0,-9.22191164202445,19,-9.63280971188573,EyesClosed,True
sub-476,EyesClosed,posterior,1,-9.290278079614836,19,-9.63280971188573,EyesClosed,True
sub-476,EyesClosed,posterior,2,-9.15883747641048,19,-9.63280971188573,EyesClosed,True
sub-476,EyesClosed,posterior,3,-9.01364614688181,19,-9.63280971188573,EyesClosed,True
sub-476,EyesClosed,posterior,4,-9.14779081436315,19,-9.63280971188573,EyesClosed,True
sub-476,EyesClosed,posterior,5,-9.128788830582023,19,-9.63280971188573,EyesClosed,True
sub-476,EyesOpen,posterior,0,-9.975341344156625,19,-9.63280971188573,EyesOpen,True
sub-476,EyesOpen,posterior,1,-10.148402190975153,19,-9.63280971188573,EyesOpen,True
sub-476,EyesOpen,posterior,2,-10.113084028977958,19,-9.63280971188573,EyesOpen,True
sub-476,EyesOpen,posterior,3,-10.06126049753302,19,-9.63280971188573,EyesOpen,True
sub-476,EyesOpen,posterior,4,-9.98353769992535,19,-9.63280971188573,EyesOpen,True
sub-476,EyesOpen,posterior,5,-10.027198177203568,19,-9.63280971188573,EyesOpen,True
sub-477,EyesClosed,posterior,0,-8.742021529773938,19,-9.240871783252457,EyesClosed,True
sub-477,EyesClosed,posterior,1,-8.826898773407178,19,-9.240871783252457,EyesClosed,True
sub-477,EyesClosed,posterior,2,-8.80646813315012,19,-9.240871783252457,EyesClosed,True
sub-477,EyesClosed,posterior,3,-8.651236916044189,19,-9.240871783252457,EyesClosed,True
sub-477,EyesClosed,posterior,4,-8.616319205761071,19,-9.240871783252457,EyesClosed,True
sub-477,EyesClosed,posterior,5,-8.940164165406083,19,-9.240871783252457,EyesClosed,True
sub-477,EyesOpen,posterior,0,-9.735763765616083,19,-9.240871783252457,EyesOpen,True
sub-477,EyesOpen,posterior,1,-9.92138383741881,19,-9.240871783252457,EyesOpen,True
sub-477,EyesOpen,posterior,2,-9.541579401098831,19,-9.240871783252457,EyesOpen,True
sub-477,EyesOpen,posterior,3,-9.582799740793305,19,-9.240871783252457,EyesOpen,True
sub-477,EyesOpen,posterior,4,-9.542185734539498,19,-9.240871783252457,EyesOpen,True
sub-477,EyesOpen,posterior,5,-9.597603127198088,19,-9.240871783252457,EyesOpen,True
sub-478,EyesClosed,posterior,0,-8.923919065561412,19,-9.903204391983618,EyesClosed,True
sub-478,EyesClosed,posterior,1,-9.214400981663308,19,-9.903204391983618,EyesClosed,True
sub-478,EyesClosed,posterior,2,-9.14864533148264,19,-9.903204391983618,EyesClosed,True
sub-478,EyesClosed,posterior,3,-9.237103813181166,19,-9.903204391983618,EyesClosed,True
sub-478,EyesClosed,posterior,4,-9.503643757688929,19,-9.903204391983618,EyesClosed,True
sub-478,EyesClosed,posterior,5,-9.266502181554255,19,-9.903204391983618,EyesClosed,True
sub-478,EyesOpen,posterior,0,-10.48437757972254,19,-9.903204391983618,EyesOpen,True
sub-478,EyesOpen,posterior,1,-10.615497205105214,19,-9.903204391983618,EyesOpen,True
sub-478,EyesOpen,posterior,2,-10.688314884177542,19,-9.903204391983618,EyesOpen,True
sub-478,EyesOpen,posterior,3,-10.46213955438333,19,-9.903204391983618,EyesOpen,True
sub-478,EyesOpen,posterior,4,-10.340725322393103,19,-9.903204391983618,EyesOpen,True
sub-478,EyesOpen,posterior,5,-10.302765026278308,19,-9.903204391983618,EyesOpen,True
sub-479,EyesClosed,posterior,0,-10.321287451027388,19,-10.314691001606672,EyesOpen,False
sub-479,EyesClosed,posterior,1,-10.405130534019344,19,-10.314691001606672,EyesOpen,False
sub-479,EyesClosed,posterior,2,-10.364830398091737,19,-10.314691001606672,EyesOpen,False
sub-479,EyesClosed,posterior,3,-10.406520350984719,19,-10.314691001606672,EyesOpen,False
sub-479,EyesClosed,posterior,4,-10.474891447024417,19,-10.314691001606672,EyesOpen,False
sub-479,EyesClosed,posterior,5,-10.495107463819492,19,-10.314691001606672,EyesOpen,False
sub-479,EyesOpen,posterior,0,-10.240778247941911,19,-10.314691001606672,EyesClosed,False
sub-479,EyesOpen,posterior,1,-10.032848299339284,19,-10.314691001606672,EyesClosed,False
sub-479,EyesOpen,posterior,2,-10.174380210985445,19,-10.314691001606672,EyesClosed,False
sub-479,EyesOpen,posterior,3,-10.308094552185958,19,-10.314691001606672,EyesClosed,False
sub-479,EyesOpen,posterior,4,-10.246818817691747,19,-10.314691001606672,EyesClosed,False
sub-479,EyesOpen,posterior,5,-10.29187075904351,19,-10.314691001606672,EyesClosed,False
sub-480,EyesClosed,posterior,0,-10.362064219360956,19,-10.317555472957828,EyesOpen,False
sub-480,EyesClosed,posterior,1,-10.34043043664649,19,-10.317555472957828,EyesOpen,False
sub-480,EyesClosed,posterior,2,-10.33144365047182,19,-10.317555472957828,EyesOpen,False
sub-480,EyesClosed,posterior,3,-10.303667295443834,19,-10.317555472957828,EyesClosed,True
sub-480,EyesClosed,posterior,4,-10.342660414290776,19,-10.317555472957828,EyesOpen,False
sub-480,EyesClosed,posterior,5,-10.401158162149834,19,-10.317555472957828,EyesOpen,False
sub-480,EyesOpen,posterior,0,-10.250856706933694,19,-10.317555472957828,EyesClosed,False
sub-480,EyesOpen,posterior,1,-10.407460917112752,19,-10.317555472957828,EyesOpen,True
sub-480,EyesOpen,posterior,2,-10.213680537042007,19,-10.317555472957828,EyesClosed,False
sub-480,EyesOpen,posterior,3,-10.269913712628238,19,-10.317555472957828,EyesClosed,False
sub-480,EyesOpen,posterior,4,-10.19323590901018,19,-10.317555472957828,EyesClosed,False
sub-480,EyesOpen,posterior,5,-10.227476886369004,19,-10.317555472957828,EyesClosed,False
sub-481,EyesClosed,posterior,0,-9.245578633770414,19,-9.666489057899838,EyesClosed,True
sub-481,EyesClosed,posterior,1,-9.189723351326242,19,-9.666489057899838,EyesClosed,True
sub-481,EyesClosed,posterior,2,-9.094718409007493,19,-9.666489057899838,EyesClosed,True
sub-481,EyesClosed,posterior,3,-9.066557105836443,19,-9.666489057899838,EyesClosed,True
sub-481,EyesClosed,posterior,4,-8.876692419643081,19,-9.666489057899838,EyesClosed,True
sub-481,EyesClosed,posterior,5,-9.344375875793633,19,-9.666489057899838,EyesClosed,True
sub-481,EyesOpen,posterior,0,-9.988602240006044,19,-9.666489057899838,EyesOpen,True
sub-481,EyesOpen,posterior,1,-10.102004651289462,19,-9.666489057899838,EyesOpen,True
sub-481,EyesOpen,posterior,2,-10.12800345484749,19,-9.666489057899838,EyesOpen,True
sub-481,EyesOpen,posterior,3,-10.024200247286196,19,-9.666489057899838,EyesOpen,True
sub-481,EyesOpen,posterior,4,-10.091281915316038,19,-9.666489057899838,EyesOpen,True
sub-481,EyesOpen,posterior,5,-10.026527950546887,19,-9.666489057899838,EyesOpen,True
sub-482,EyesClosed,posterior,0,-10.457915064616664,19,-10.602883899541702,EyesClosed,True
sub-482,EyesClosed,posterior,1,-10.425638138183324,19,-10.602883899541702,EyesClosed,True
sub-482,EyesClosed,posterior,2,-10.486912984736373,19,-10.602883899541702,EyesClosed,True
sub-482,EyesClosed,posterior,3,-10.343314905285721,19,-10.602883899541702,EyesClosed,True
sub-482,EyesClosed,posterior,4,-10.510628156077,19,-10.602883899541702,EyesClosed,True
sub-482,EyesClosed,posterior,5,-10.460064213163264,19,-10.602883899541702,EyesClosed,True
sub-482,EyesOpen,posterior,0,-10.695139643006403,19,-10.602883899541702,EyesOpen,True
sub-482,EyesOpen,posterior,1,-10.708711295044862,19,-10.602883899541702,EyesOpen,True
sub-482,EyesOpen,posterior,2,-10.706721534421728,19,-10.602883899541702,EyesOpen,True
sub-482,EyesOpen,posterior,3,-10.83040808492935,19,-10.602883899541702,EyesOpen,True
sub-482,EyesOpen,posterior,4,-10.728314450021575,19,-10.602883899541702,EyesOpen,True
sub-482,EyesOpen,posterior,5,-10.730292421680456,19,-10.602883899541702,EyesOpen,True
sub-483,EyesClosed,posterior,0,-7.764254477263008,19,-8.796780525658136,EyesClosed,True
sub-483,EyesClosed,posterior,1,-8.62156624804335,19,-8.796780525658136,EyesClosed,True
sub-483,EyesClosed,posterior,2,-8.588515207315034,19,-8.796780525658136,EyesClosed,True
sub-483,EyesClosed,posterior,3,-8.598869422304157,19,-8.796780525658136,EyesClosed,True
sub-483,EyesClosed,posterior,4,-8.590983896492036,19,-8.796780525658136,EyesClosed,True
sub-483,EyesClosed,posterior,5,-8.542848560610846,19,-8.796780525658136,EyesClosed,True
sub-483,EyesOpen,posterior,0,-9.53545786095248,19,-8.796780525658136,EyesOpen,True
sub-483,EyesOpen,posterior,1,-9.174614286532098,19,-8.796780525658136,EyesOpen,True
sub-483,EyesOpen,posterior,2,-9.518373389926394,19,-8.796780525658136,EyesOpen,True
sub-483,EyesOpen,posterior,3,-8.998770288065051,19,-8.796780525658136,EyesOpen,True
sub-483,EyesOpen,posterior,4,-8.97199480327292,19,-8.796780525658136,EyesOpen,True
sub-483,EyesOpen,posterior,5,-9.444768441158866,19,-8.796780525658136,EyesOpen,True
sub-484,EyesClosed,posterior,0,-10.852589718136006,19,-10.829902271890532,EyesOpen,False
sub-484,EyesClosed,posterior,1,-10.857243281950781,19,-10.829902271890532,EyesOpen,False
sub-484,EyesClosed,posterior,2,-10.869090936048508,19,-10.829902271890532,EyesOpen,False
sub-484,EyesClosed,posterior,3,-10.853150515860898,19,-10.829902271890532,EyesOpen,False
sub-484,EyesClosed,posterior,4,-10.969934061362482,19,-10.829902271890532,EyesOpen,False
sub-484,EyesClosed,posterior,5,-10.86455985367144,19,-10.829902271890532,EyesOpen,False
sub-484,EyesOpen,posterior,0,-10.49067517629251,19,-10.829902271890532,EyesClosed,False
sub-484,EyesOpen,posterior,1,-10.450670617991946,19,-10.829902271890532,EyesClosed,False
sub-484,EyesOpen,posterior,2,-10.807214825645058,19,-10.829902271890532,EyesClosed,False
sub-484,EyesOpen,posterior,3,-10.541134164310488,19,-10.829902271890532,EyesClosed,False
sub-484,EyesOpen,posterior,4,-10.587103734534438,19,-10.829902271890532,EyesClosed,False
sub-484,EyesOpen,posterior,5,-10.568338868814475,19,-10.829902271890532,EyesClosed,False
sub-485,EyesClosed,posterior,0,-9.551023422318853,19,-9.892207001929854,EyesClosed,True
sub-485,EyesClosed,posterior,1,-9.364824248933992,19,-9.892207001929854,EyesClosed,True
sub-485,EyesClosed,posterior,2,-9.491028288538036,19,-9.892207001929854,EyesClosed,True
sub-485,EyesClosed,posterior,3,-9.33081924235816,19,-9.892207001929854,EyesClosed,True
sub-485,EyesClosed,posterior,4,-9.236886356593288,19,-9.892207001929854,EyesClosed,True
sub-485,EyesClosed,posterior,5,-9.3233290174382,19,-9.892207001929854,EyesClosed,True
sub-485,EyesOpen,posterior,0,-10.600006961840174,19,-9.892207001929854,EyesOpen,True
sub-485,EyesOpen,posterior,1,-10.52492157186431,19,-9.892207001929854,EyesOpen,True
sub-485,EyesOpen,posterior,2,-10.514155275448957,19,-9.892207001929854,EyesOpen,True
sub-485,EyesOpen,posterior,3,-10.233390581540856,19,-9.892207001929854,EyesOpen,True
sub-485,EyesOpen,posterior,4,-10.518584314960071,19,-9.892207001929854,EyesOpen,True
sub-485,EyesOpen,posterior,5,-10.339361271237507,19,-9.892207001929854,EyesOpen,True
sub-486,EyesClosed,posterior,0,-9.913371429747707,19,-9.820084091454795,EyesOpen,False
sub-486,EyesClosed,posterior,1,-9.614420249993328,19,-9.820084091454795,EyesClosed,True
sub-486,EyesClosed,posterior,2,-9.600641647564487,19,-9.820084091454795,EyesClosed,True
sub-486,EyesClosed,posterior,3,-9.625339609822607,19,-9.820084091454795,EyesClosed,True
sub-486,EyesClosed,posterior,4,-9.659032522520775,19,-9.820084091454795,EyesClosed,True
sub-486,EyesClosed,posterior,5,-9.551041211080447,19,-9.820084091454795,EyesClosed,True
sub-486,EyesOpen,posterior,0,-9.98122585022217,19,-9.820084091454795,EyesOpen,True
sub-486,EyesOpen,posterior,1,-9.93162027556607,19,-9.820084091454795,EyesOpen,True
sub-486,EyesOpen,posterior,2,-9.788260174077744,19,-9.820084091454795,EyesClosed,False
sub-486,EyesOpen,posterior,3,-9.851908008831847,19,-9.820084091454795,EyesOpen,True
sub-486,EyesOpen,posterior,4,-9.958203372279126,19,-9.820084091454795,EyesOpen,True
sub-486,EyesOpen,posterior,5,-9.92842117471385,19,-9.820084091454795,EyesOpen,True
sub-487,EyesClosed,posterior,0,-9.585736729592567,19,-10.19831800630879,EyesClosed,True
sub-487,EyesClosed,posterior,1,-9.787469763754462,19,-10.19831800630879,EyesClosed,True
sub-487,EyesClosed,posterior,2,-10.343012079480522,19,-10.19831800630879,EyesOpen,False
sub-487,EyesClosed,posterior,3,-10.176988495151848,19,-10.19831800630879,EyesClosed,True
sub-487,EyesClosed,posterior,4,-10.32451771454125,19,-10.19831800630879,EyesOpen,False
sub-487,EyesClosed,posterior,5,-10.318161428264224,19,-10.19831800630879,EyesOpen,False
sub-487,EyesOpen,posterior,0,-10.25933129018273,19,-10.19831800630879,EyesOpen,True
sub-487,EyesOpen,posterior,1,-10.269202287501884,19,-10.19831800630879,EyesOpen,True
sub-487,EyesOpen,posterior,2,-10.089214187289725,19,-10.19831800630879,EyesClosed,False
sub-487,EyesOpen,posterior,3,-10.198199667435844,19,-10.19831800630879,EyesClosed,False
sub-487,EyesOpen,posterior,4,-9.90843789652684,19,-10.19831800630879,EyesClosed,False
sub-487,EyesOpen,posterior,5,-10.198436345181737,19,-10.19831800630879,EyesOpen,True
sub-488,EyesClosed,posterior,0,-10.008836996510139,19,-9.86628206652,EyesOpen,False
sub-488,EyesClosed,posterior,1,-9.628348773936755,19,-9.86628206652,EyesClosed,True
sub-488,EyesClosed,posterior,2,-9.782692728147158,19,-9.86628206652,EyesClosed,True
sub-488,EyesClosed,posterior,3,-9.56108908466425,19,-9.86628206652,EyesClosed,True
sub-488,EyesClosed,posterior,4,-9.870240870370518,19,-9.86628206652,EyesOpen,False
sub-488,EyesClosed,posterior,5,-9.850275463600692,19,-9.86628206652,EyesClosed,True
sub-488,EyesOpen,posterior,0,-10.13447566824364,19,-9.86628206652,EyesOpen,True
sub-488,EyesOpen,posterior,1,-9.906002189461693,19,-9.86628206652,EyesOpen,True
sub-488,EyesOpen,posterior,2,-9.862323262669484,19,-9.86628206652,EyesClosed,False
sub-488,EyesOpen,posterior,3,-10.120984722827236,19,-9.86628206652,EyesOpen,True
sub-488,EyesOpen,posterior,4,-9.798762526053377,19,-9.86628206652,EyesClosed,False
sub-488,EyesOpen,posterior,5,-10.323266589093627,19,-9.86628206652,EyesOpen,True
sub-489,EyesClosed,posterior,0,-9.754604074249995,19,-9.836677707143002,EyesClosed,True
sub-489,EyesClosed,posterior,1,-9.524262261424232,19,-9.836677707143002,EyesClosed,True
sub-489,EyesClosed,posterior,2,-9.561387876954807,19,-9.836677707143002,EyesClosed,True
sub-489,EyesClosed,posterior,3,-9.441934960415518,19,-9.836677707143002,EyesClosed,True
sub-489,EyesClosed,posterior,4,-9.49643622526913,19,-9.836677707143002,EyesClosed,True
sub-489,EyesClosed,posterior,5,-9.457233524272304,19,-9.836677707143002,EyesClosed,True
sub-489,EyesOpen,posterior,0,-10.243010654651647,19,-9.836677707143002,EyesOpen,True
sub-489,EyesOpen,posterior,1,-10.120997921652881,19,-9.836677707143002,EyesOpen,True
sub-489,EyesOpen,posterior,2,-10.185283645950667,19,-9.836677707143002,EyesOpen,True
sub-489,EyesOpen,posterior,3,-10.023280097909465,19,-9.836677707143002,EyesOpen,True
sub-489,EyesOpen,posterior,4,-10.194319957496337,19,-9.836677707143002,EyesOpen,True
sub-489,EyesOpen,posterior,5,-9.918751340036009,19,-9.836677707143002,EyesOpen,True
sub-490,EyesClosed,posterior,0,-9.987493311574369,19,-10.048511457174454,EyesClosed,True
sub-490,EyesClosed,posterior,1,-10.136115594286645,19,-10.048511457174454,EyesOpen,False
sub-490,EyesClosed,posterior,2,-10.035461230195917,19,-10.048511457174454,EyesClosed,True
sub-490,EyesClosed,posterior,3,-9.962892367653149,19,-10.048511457174454,EyesClosed,True
sub-490,EyesClosed,posterior,4,-9.901943039615245,19,-10.048511457174454,EyesClosed,True
sub-490,EyesClosed,posterior,5,-10.061561684152991,19,-10.048511457174454,EyesOpen,False
sub-490,EyesOpen,posterior,0,-10.141779484700635,19,-10.048511457174454,EyesOpen,True
sub-490,EyesOpen,posterior,1,-10.09147488310067,19,-10.048511457174454,EyesOpen,True
sub-490,EyesOpen,posterior,2,-9.942260850095664,19,-10.048511457174454,EyesClosed,False
sub-490,EyesOpen,posterior,3,-10.248691218919083,19,-10.048511457174454,EyesOpen,True
sub-490,EyesOpen,posterior,4,-10.013641203092421,19,-10.048511457174454,EyesClosed,False
sub-490,EyesOpen,posterior,5,-10.240111167472826,19,-10.048511457174454,EyesOpen,True
sub-491,EyesClosed,posterior,0,-8.7675891107305,19,-8.85163967670115,EyesClosed,True
sub-491,EyesClosed,posterior,1,-8.857157806512568,19,-8.85163967670115,EyesOpen,False
sub-491,EyesClosed,posterior,2,-8.81561557440122,19,-8.85163967670115,EyesClosed,True
sub-491,EyesClosed,posterior,3,-8.77039699148251,19,-8.85163967670115,EyesClosed,True
sub-491,EyesClosed,posterior,4,-8.732368332068717,19,-8.85163967670115,EyesClosed,True
sub-491,EyesClosed,posterior,5,-8.85163967670115,19,-8.85163967670115,EyesOpen,False
sub-491,EyesClosed,posterior,6,-8.806765717453795,19,-8.85163967670115,EyesClosed,True
sub-491,EyesOpen,posterior,0,-9.864909212418723,19,-8.85163967670115,EyesOpen,True
sub-491,EyesOpen,posterior,1,-6.477097177316781,19,-8.85163967670115,EyesClosed,False
sub-491,EyesOpen,posterior,2,-9.339491057109841,19,-8.85163967670115,EyesOpen,True
sub-491,EyesOpen,posterior,3,-9.607628256915708,19,-8.85163967670115,EyesOpen,True
sub-491,EyesOpen,posterior,4,-9.273117962991455,19,-8.85163967670115,EyesOpen,True
sub-491,EyesOpen,posterior,5,-9.926481949923705,19,-8.85163967670115,EyesOpen,True
sub-492,EyesClosed,posterior,0,-8.645812024606517,19,-8.929365714371883,EyesClosed,True
sub-492,EyesClosed,posterior,1,-8.71048014761028,19,-8.929365714371883,EyesClosed,True
sub-492,EyesClosed,posterior,2,-8.730618123027302,19,-8.929365714371883,EyesClosed,True
sub-492,EyesClosed,posterior,3,-9.114132999163767,19,-8.929365714371883,EyesOpen,False
sub-492,EyesClosed,posterior,4,-8.863499732648684,19,-8.929365714371883,EyesClosed,True
sub-492,EyesClosed,posterior,5,-8.78399467966938,19,-8.929365714371883,EyesClosed,True
sub-492,EyesOpen,posterior,0,-9.594924089748996,19,-8.929365714371883,EyesOpen,True
sub-492,EyesOpen,posterior,1,-9.09378471292677,19,-8.929365714371883,EyesOpen,True
sub-492,EyesOpen,posterior,2,-8.9535526835903,19,-8.929365714371883,EyesOpen,True
sub-492,EyesOpen,posterior,3,-9.364391935276991,19,-8.929365714371883,EyesOpen,True
sub-492,EyesOpen,posterior,4,-8.905178745153467,19,-8.929365714371883,EyesClosed,False
sub-492,EyesOpen,posterior,5,-9.1984019762047,19,-8.929365714371883,EyesOpen,True
sub-493,EyesClosed,posterior,0,-8.752878551138021,19,-8.968723671432286,EyesClosed,True
sub-493,EyesClosed,posterior,1,-8.905123162319727,19,-8.968723671432286,EyesClosed,True
sub-493,EyesClosed,posterior,2,-6.290071026509179,19,-8.968723671432286,EyesClosed,True
sub-493,EyesClosed,posterior,3,-8.81973279180867,19,-8.968723671432286,EyesClosed,True
sub-493,EyesClosed,posterior,4,-8.819327548859338,19,-8.968723671432286,EyesClosed,True
sub-493,EyesClosed,posterior,5,-8.853381954118003,19,-8.968723671432286,EyesClosed,True
sub-493,EyesOpen,posterior,0,-9.616847895405318,19,-8.968723671432286,EyesOpen,True
sub-493,EyesOpen,posterior,1,-9.167217648322236,19,-8.968723671432286,EyesOpen,True
sub-493,EyesOpen,posterior,2,-9.086406816654844,19,-8.968723671432286,EyesOpen,True
sub-493,EyesOpen,posterior,3,-9.408771967836742,19,-8.968723671432286,EyesOpen,True
sub-493,EyesOpen,posterior,4,-9.032324180544844,19,-8.968723671432286,EyesOpen,True
sub-493,EyesOpen,posterior,5,-9.619066816311761,19,-8.968723671432286,EyesOpen,True
sub-494,EyesClosed,posterior,0,-8.90838064564451,19,-9.16825908938765,EyesClosed,True
sub-494,EyesClosed,posterior,1,-8.879419868593322,19,-9.16825908938765,EyesClosed,True
sub-494,EyesClosed,posterior,2,-9.151196599831088,19,-9.16825908938765,EyesClosed,True
sub-494,EyesClosed,posterior,3,-8.889783264613845,19,-9.16825908938765,EyesClosed,True
sub-494,EyesClosed,posterior,4,-8.98388357375122,19,-9.16825908938765,EyesClosed,True
sub-494,EyesClosed,posterior,5,-9.164793693403006,19,-9.16825908938765,EyesClosed,True
sub-494,EyesOpen,posterior,0,-10.114201435429369,19,-9.16825908938765,EyesOpen,True
sub-494,EyesOpen,posterior,1,-9.700317443550864,19,-9.16825908938765,EyesOpen,True
sub-494,EyesOpen,posterior,2,-9.767143491585527,19,-9.16825908938765,EyesOpen,True
sub-494,EyesOpen,posterior,3,-9.171724485372296,19,-9.16825908938765,EyesOpen,True
sub-494,EyesOpen,posterior,4,-10.056563909677294,19,-9.16825908938765,EyesOpen,True
sub-494,EyesOpen,posterior,5,-9.92660604256376,19,-9.16825908938765,EyesOpen,True
sub-495,EyesClosed,posterior,0,-9.06938935340039,19,-9.557246251770188,EyesClosed,True
sub-495,EyesClosed,posterior,1,-8.82736423526689,19,-9.557246251770188,EyesClosed,True
sub-495,EyesClosed,posterior,2,-8.702076714232248,19,-9.557246251770188,EyesClosed,True
sub-495,EyesClosed,posterior,3,-8.769994885455457,19,-9.557246251770188,EyesClosed,True
sub-495,EyesClosed,posterior,4,-8.84724451471924,19,-9.557246251770188,EyesClosed,True
sub-495,EyesClosed,posterior,5,-8.674534854937013,19,-9.557246251770188,EyesClosed,True
sub-495,EyesOpen,posterior,0,-10.19830070152073,19,-9.557246251770188,EyesOpen,True
sub-495,EyesOpen,posterior,1,-10.192540195229757,19,-9.557246251770188,EyesOpen,True
sub-495,EyesOpen,posterior,2,-10.157093861815005,19,-9.557246251770188,EyesOpen,True
sub-495,EyesOpen,posterior,3,-10.188378259664487,19,-9.557246251770188,EyesOpen,True
sub-495,EyesOpen,posterior,4,-10.045103150139987,19,-9.557246251770188,EyesOpen,True
sub-495,EyesOpen,posterior,5,-10.067530623819003,19,-9.557246251770188,EyesOpen,True
sub-496,EyesClosed,posterior,0,-9.51267368952064,19,-10.122434628153332,EyesClosed,True
sub-496,EyesClosed,posterior,1,-9.580820276302962,19,-10.122434628153332,EyesClosed,True
sub-496,EyesClosed,posterior,2,-9.49196412445324,19,-10.122434628153332,EyesClosed,True
sub-496,EyesClosed,posterior,3,-9.530570880395114,19,-10.122434628153332,EyesClosed,True
sub-496,EyesClosed,posterior,4,-9.751742938585716,19,-10.122434628153332,EyesClosed,True
sub-496,EyesClosed,posterior,5,-9.736927655022555,19,-10.122434628153332,EyesClosed,True
sub-496,EyesOpen,posterior,0,-10.493126317720947,19,-10.122434628153332,EyesOpen,True
sub-496,EyesOpen,posterior,1,-10.639714827750762,19,-10.122434628153332,EyesOpen,True
sub-496,EyesOpen,posterior,2,-10.539435408906435,19,-10.122434628153332,EyesOpen,True
sub-496,EyesOpen,posterior,3,-10.658388263279498,19,-10.122434628153332,EyesOpen,True
sub-496,EyesOpen,posterior,4,-10.501557011550045,19,-10.122434628153332,EyesOpen,True
sub-496,EyesOpen,posterior,5,-10.641309898694272,19,-10.122434628153332,EyesOpen,True
sub-497,EyesClosed,posterior,0,-9.821801657873667,19,-9.86241624364716,EyesClosed,True
sub-497,EyesClosed,posterior,1,-9.751934673588838,19,-9.86241624364716,EyesClosed,True
sub-497,EyesClosed,posterior,2,-9.76039858977313,19,-9.86241624364716,EyesClosed,True
sub-497,EyesClosed,posterior,3,-9.93381348522869,19,-9.86241624364716,EyesOpen,False
sub-497,EyesClosed,posterior,4,-9.343673877557963,19,-9.86241624364716,EyesClosed,True
sub-497,EyesClosed,posterior,5,-9.72101563829454,19,-9.86241624364716,EyesClosed,True
sub-497,EyesOpen,posterior,0,-9.711030716192319,19,-9.86241624364716,EyesClosed,False
sub-497,EyesOpen,posterior,1,-9.909775954665726,19,-9.86241624364716,EyesOpen,True
sub-497,EyesOpen,posterior,2,-9.928193548200069,19,-9.86241624364716,EyesOpen,True
sub-497,EyesOpen,posterior,3,-9.950446778351639,19,-9.86241624364716,EyesOpen,True
sub-497,EyesOpen,posterior,4,-9.979545591608085,19,-9.86241624364716,EyesOpen,True
sub-497,EyesOpen,posterior,5,-9.903030829420654,19,-9.86241624364716,EyesOpen,True
sub-498,EyesClosed,posterior,0,-9.405075950645468,19,-9.768091682290192,EyesClosed,True
sub-498,EyesClosed,posterior,1,-9.586991883912814,19,-9.768091682290192,EyesClosed,True
sub-498,EyesClosed,posterior,2,-9.440228409282332,19,-9.768091682290192,EyesClosed,True
sub-498,EyesClosed,posterior,3,-9.370284026469358,19,-9.768091682290192,EyesClosed,True
sub-498,EyesClosed,posterior,4,-9.34247133321911,19,-9.768091682290192,EyesClosed,True
sub-498,EyesClosed,posterior,5,-9.548916284334913,19,-9.768091682290192,EyesClosed,True
sub-498,EyesOpen,posterior,0,-9.961670778588779,19,-9.768091682290192,EyesOpen,True
sub-498,EyesOpen,posterior,1,-10.018022252007054,19,-9.768091682290192,EyesOpen,True
sub-498,EyesOpen,posterior,2,-10.190278650946386,19,-9.768091682290192,EyesOpen,True
sub-498,EyesOpen,posterior,3,-10.171262480821149,19,-9.768091682290192,EyesOpen,True
sub-498,EyesOpen,posterior,4,-10.181513937011678,19,-9.768091682290192,EyesOpen,True
sub-498,EyesOpen,posterior,5,-9.94919148066757,19,-9.768091682290192,EyesOpen,True
sub-499,EyesClosed,posterior,0,-8.847075667432215,19,-9.397145670166168,EyesClosed,True
sub-499,EyesClosed,posterior,1,-9.422662251727159,19,-9.397145670166168,EyesOpen,False
sub-499,EyesClosed,posterior,2,-8.827956753540779,19,-9.397145670166168,EyesClosed,True
sub-499,EyesClosed,posterior,3,-9.363744690317633,19,-9.397145670166168,EyesClosed,True
sub-499,EyesClosed,posterior,4,-9.353276319274897,19,-9.397145670166168,EyesClosed,True
sub-499,EyesClosed,posterior,5,-9.25638408410509,19,-9.397145670166168,EyesClosed,True
sub-499,EyesOpen,posterior,0,-9.8915839849057,19,-9.397145670166168,EyesOpen,True
sub-499,EyesOpen,posterior,1,-9.64341061208602,19,-9.397145670166168,EyesOpen,True
sub-499,EyesOpen,posterior,2,-9.62219151110032,19,-9.397145670166168,EyesOpen,True
sub-499,EyesOpen,posterior,3,-9.371629088605179,19,-9.397145670166168,EyesClosed,False
sub-499,EyesOpen,posterior,4,-9.79156705283427,19,-9.397145670166168,EyesOpen,True
sub-499,EyesOpen,posterior,5,-9.585123678495389,19,-9.397145670166168,EyesOpen,True
sub-500,EyesClosed,posterior,0,-8.834784303144293,19,-9.167179132856731,EyesClosed,True
sub-500,EyesClosed,posterior,1,-8.776226039435407,19,-9.167179132856731,EyesClosed,True
sub-500,EyesClosed,posterior,2,-8.818323717465239,19,-9.167179132856731,EyesClosed,True
sub-500,EyesClosed,posterior,3,-8.86205193772401,19,-9.167179132856731,EyesClosed,True
sub-500,EyesClosed,posterior,4,-8.91491864159241,19,-9.167179132856731,EyesClosed,True
sub-500,EyesClosed,posterior,5,-9.012016940150362,19,-9.167179132856731,EyesClosed,True
sub-500,EyesOpen,posterior,0,-9.463304396905405,19,-9.167179132856731,EyesOpen,True
sub-500,EyesOpen,posterior,1,-9.62816788278055,19,-9.167179132856731,EyesOpen,True
sub-500,EyesOpen,posterior,2,-9.479055998204883,19,-9.167179132856731,EyesOpen,True
sub-500,EyesOpen,posterior,3,-9.331185078360994,19,-9.167179132856731,EyesOpen,True
sub-500,EyesOpen,posterior,4,-9.560132904918571,19,-9.167179132856731,EyesOpen,True
sub-500,EyesOpen,posterior,5,-9.322341325563102,19,-9.167179132856731,EyesOpen,True
sub-501,EyesClosed,posterior,0,-9.373303460309398,19,-10.180277296089699,EyesClosed,True
sub-501,EyesClosed,posterior,1,-9.48048564950706,19,-10.180277296089699,EyesClosed,True
sub-501,EyesClosed,posterior,2,-9.601678264904272,19,-10.180277296089699,EyesClosed,True
sub-501,EyesClosed,posterior,3,-9.774089289067561,19,-10.180277296089699,EyesClosed,True
sub-501,EyesClosed,posterior,4,-9.912257598503247,19,-10.180277296089699,EyesClosed,True
sub-501,EyesClosed,posterior,5,-9.421839512045624,19,-10.180277296089699,EyesClosed,True
sub-501,EyesOpen,posterior,0,-10.711945380511306,19,-10.180277296089699,EyesOpen,True
sub-501,EyesOpen,posterior,1,-10.715878813726434,19,-10.180277296089699,EyesOpen,True
sub-501,EyesOpen,posterior,2,-10.486240537091161,19,-10.180277296089699,EyesOpen,True
sub-501,EyesOpen,posterior,3,-10.448296993676152,19,-10.180277296089699,EyesOpen,True
sub-501,EyesOpen,posterior,4,-10.657935455907369,19,-10.180277296089699,EyesOpen,True
sub-501,EyesOpen,posterior,5,-10.49148796319888,19,-10.180277296089699,EyesOpen,True
sub-502,EyesClosed,posterior,0,-9.425257149673632,19,-9.716027904447191,EyesClosed,True
sub-502,EyesClosed,posterior,1,-9.338733889084724,19,-9.716027904447191,EyesClosed,True
sub-502,EyesClosed,posterior,2,-9.299672193114912,19,-9.716027904447191,EyesClosed,True
sub-502,EyesClosed,posterior,3,-9.137231834396998,19,-9.716027904447191,EyesClosed,True
sub-502,EyesClosed,posterior,4,-9.537044790283229,19,-9.716027904447191,EyesClosed,True
sub-502,EyesClosed,posterior,5,-9.266529812762474,19,-9.716027904447191,EyesClosed,True
sub-502,EyesOpen,posterior,0,-10.176626355005531,19,-9.716027904447191,EyesOpen,True
sub-502,EyesOpen,posterior,1,-10.197625850942098,19,-9.716027904447191,EyesOpen,True
sub-502,EyesOpen,posterior,2,-9.968484075954951,19,-9.716027904447191,EyesOpen,True
sub-502,EyesOpen,posterior,3,-10.155362490618488,19,-9.716027904447191,EyesOpen,True
sub-502,EyesOpen,posterior,4,-9.895011018611152,19,-9.716027904447191,EyesOpen,True
sub-502,EyesOpen,posterior,5,-9.905250109164573,19,-9.716027904447191,EyesOpen,True
sub-503,EyesClosed,posterior,0,-10.403223157831382,19,-10.387564191725367,EyesOpen,False
sub-503,EyesClosed,posterior,1,-9.779413139001296,19,-10.387564191725367,EyesClosed,True
sub-503,EyesClosed,posterior,2,-9.98539561446102,19,-10.387564191725367,EyesClosed,True
sub-503,EyesClosed,posterior,3,-9.864836192136032,19,-10.387564191725367,EyesClosed,True
sub-503,EyesClosed,posterior,4,-9.988824207425937,19,-10.387564191725367,EyesClosed,True
sub-503,EyesClosed,posterior,5,-10.114942377765281,19,-10.387564191725367,EyesClosed,True
sub-503,EyesOpen,posterior,0,-10.700595696761681,19,-10.387564191725367,EyesOpen,True
sub-503,EyesOpen,posterior,1,-10.569656903446388,19,-10.387564191725367,EyesOpen,True
sub-503,EyesOpen,posterior,2,-10.543261452311492,19,-10.387564191725367,EyesOpen,True
sub-503,EyesOpen,posterior,3,-10.55205958643924,19,-10.387564191725367,EyesOpen,True
sub-503,EyesOpen,posterior,4,-10.371905225619354,19,-10.387564191725367,EyesClosed,False
sub-503,EyesOpen,posterior,5,-10.631299881509426,19,-10.387564191725367,EyesOpen,True
sub-504,EyesClosed,posterior,0,-9.375132068418637,19,-9.784099787431913,EyesClosed,True
sub-504,EyesClosed,posterior,1,-9.675104085716736,19,-9.784099787431913,EyesClosed,True
sub-504,EyesClosed,posterior,2,-9.465418084772324,19,-9.784099787431913,EyesClosed,True
sub-504,EyesClosed,posterior,3,-9.60326769300363,19,-9.784099787431913,EyesClosed,True
sub-504,EyesClosed,posterior,4,-9.376344654943322,19,-9.784099787431913,EyesClosed,True
sub-504,EyesClosed,posterior,5,-9.386124809076339,19,-9.784099787431913,EyesClosed,True
sub-504,EyesOpen,posterior,0,-10.109808671655506,19,-9.784099787431913,EyesOpen,True
sub-504,EyesOpen,posterior,1,-10.00752170531322,19,-9.784099787431913,EyesOpen,True
sub-504,EyesOpen,posterior,2,-9.995635083135241,19,-9.784099787431913,EyesOpen,True
sub-504,EyesOpen,posterior,3,-9.943837951243193,19,-9.784099787431913,EyesOpen,True
sub-504,EyesOpen,posterior,4,-9.986252494387733,19,-9.784099787431913,EyesOpen,True
sub-504,EyesOpen,posterior,5,-9.893095489147091,19,-9.784099787431913,EyesOpen,True
sub-505,EyesClosed,posterior,0,-9.711534424790534,19,-9.860515911390653,EyesClosed,True
sub-505,EyesClosed,posterior,1,-9.739758205966746,19,-9.860515911390653,EyesClosed,True
sub-505,EyesClosed,posterior,2,-9.612378944799012,19,-9.860515911390653,EyesClosed,True
sub-505,EyesClosed,posterior,3,-9.782372862531314,19,-9.860515911390653,EyesClosed,True
sub-505,EyesClosed,posterior,4,-9.691624828909095,19,-9.860515911390653,EyesClosed,True
sub-505,EyesClosed,posterior,5,-9.6275862243096,19,-9.860515911390653,EyesClosed,True
sub-505,EyesOpen,posterior,0,-10.122458753336074,19,-9.860515911390653,EyesOpen,True
sub-505,EyesOpen,posterior,1,-10.113416883343383,19,-9.860515911390653,EyesOpen,True
sub-505,EyesOpen,posterior,2,-10.000281356432039,19,-9.860515911390653,EyesOpen,True
sub-505,EyesOpen,posterior,3,-10.113767607733537,19,-9.860515911390653,EyesOpen,True
sub-505,EyesOpen,posterior,4,-9.938658960249994,19,-9.860515911390653,EyesOpen,True
sub-505,EyesOpen,posterior,5,-10.198239789978748,19,-9.860515911390653,EyesOpen,True
sub-506,EyesClosed,posterior,0,-8.40247828329116,19,-10.240558108045242,EyesClosed,True
sub-506,EyesClosed,posterior,1,-10.604074233644218,19,-10.240558108045242,EyesOpen,False
sub-506,EyesClosed,posterior,2,-10.596525914118418,19,-10.240558108045242,EyesOpen,False
sub-506,EyesClosed,posterior,3,-10.643687617036736,19,-10.240558108045242,EyesOpen,False
sub-506,EyesClosed,posterior,4,-10.476000179334735,19,-10.240558108045242,EyesOpen,False
sub-506,EyesClosed,posterior,5,-9.114163780736169,19,-10.240558108045242,EyesClosed,True
sub-506,EyesOpen,posterior,0,-9.11423491636835,19,-10.240558108045242,EyesClosed,False
sub-506,EyesOpen,posterior,1,-9.508292438527013,19,-10.240558108045242,EyesClosed,False
sub-506,EyesOpen,posterior,2,-8.879083940248885,19,-10.240558108045242,EyesClosed,False
sub-506,EyesOpen,posterior,3,-10.2863881217544,19,-10.240558108045242,EyesOpen,True
sub-506,EyesOpen,posterior,4,-10.194728094336083,19,-10.240558108045242,EyesClosed,False
sub-506,EyesOpen,posterior,5,-10.487809647191968,19,-10.240558108045242,EyesOpen,True
sub-507,EyesClosed,posterior,0,-10.198441210672014,19,-10.229570026501104,EyesClosed,True
sub-507,EyesClosed,posterior,1,-10.236181467164204,19,-10.229570026501104,EyesOpen,False
sub-507,EyesClosed,posterior,2,-10.15561992451662,19,-10.229570026501104,EyesClosed,True
sub-507,EyesClosed,posterior,3,-10.170450702061277,19,-10.229570026501104,EyesClosed,True
sub-507,EyesClosed,posterior,4,-10.275888052839324,19,-10.229570026501104,EyesOpen,False
sub-507,EyesClosed,posterior,5,-9.945402655010486,19,-10.229570026501104,EyesClosed,True
sub-507,EyesOpen,posterior,0,-10.279929500978689,19,-10.229570026501104,EyesOpen,True
sub-507,EyesOpen,posterior,1,-10.331893656985924,19,-10.229570026501104,EyesOpen,True
sub-507,EyesOpen,posterior,2,-10.457373860406255,19,-10.229570026501104,EyesOpen,True
sub-507,EyesOpen,posterior,3,-10.188408402923583,19,-10.229570026501104,EyesClosed,False
sub-507,EyesOpen,posterior,4,-10.32032343770735,19,-10.229570026501104,EyesOpen,True
sub-507,EyesOpen,posterior,5,-10.222958585838004,19,-10.229570026501104,EyesClosed,False
sub-508,EyesClosed,posterior,0,-9.711239087992505,19,-9.887263534437079,EyesClosed,True
sub-508,EyesClosed,posterior,1,-9.273329184237532,19,-9.887263534437079,EyesClosed,True
sub-508,EyesClosed,posterior,2,-9.268667099442778,19,-9.887263534437079,EyesClosed,True
sub-508,EyesClosed,posterior,3,-9.210325800207325,19,-9.887263534437079,EyesClosed,True
sub-508,EyesClosed,posterior,4,-9.14260552501584,19,-9.887263534437079,EyesClosed,True
sub-508,EyesClosed,posterior,5,-9.125709662933277,19,-9.887263534437079,EyesClosed,True
sub-508,EyesOpen,posterior,0,-10.100757293105232,19,-9.887263534437079,EyesOpen,True
sub-508,EyesOpen,posterior,1,-10.158485097174314,19,-9.887263534437079,EyesOpen,True
sub-508,EyesOpen,posterior,2,-10.240370145888074,19,-9.887263534437079,EyesOpen,True
sub-508,EyesOpen,posterior,3,-10.161751603123639,19,-9.887263534437079,EyesOpen,True
sub-508,EyesOpen,posterior,4,-10.232743817078866,19,-9.887263534437079,EyesOpen,True
sub-508,EyesOpen,posterior,5,-10.06328798088165,19,-9.887263534437079,EyesOpen,True
sub-509,EyesClosed,posterior,0,-9.29526844599169,19,-9.597551473905753,EyesClosed,True
sub-509,EyesClosed,posterior,1,-9.237825862564028,19,-9.597551473905753,EyesClosed,True
sub-509,EyesClosed,posterior,2,-9.255505885665281,19,-9.597551473905753,EyesClosed,True
sub-509,EyesClosed,posterior,3,-9.030091614529749,19,-9.597551473905753,EyesClosed,True
sub-509,EyesClosed,posterior,4,-9.197019427424559,19,-9.597551473905753,EyesClosed,True
sub-509,EyesClosed,posterior,5,-9.186228145045677,19,-9.597551473905753,EyesClosed,True
sub-509,EyesOpen,posterior,0,-10.126249131406562,19,-9.597551473905753,EyesOpen,True
sub-509,EyesOpen,posterior,1,-10.096031139403522,19,-9.597551473905753,EyesOpen,True
sub-509,EyesOpen,posterior,2,-9.899834501819814,19,-9.597551473905753,EyesOpen,True
sub-509,EyesOpen,posterior,3,-10.061971970428823,19,-9.597551473905753,EyesOpen,True
sub-509,EyesOpen,posterior,4,-9.94542474011863,19,-9.597551473905753,EyesOpen,True
sub-509,EyesOpen,posterior,5,-9.97038878629618,19,-9.597551473905753,EyesOpen,True
sub-510,EyesClosed,posterior,0,-10.403996485428307,19,-10.394349241822496,EyesOpen,False
sub-510,EyesClosed,posterior,1,-10.22239911466454,19,-10.394349241822496,EyesClosed,True
sub-510,EyesClosed,posterior,2,-10.190149727016594,19,-10.394349241822496,EyesClosed,True
sub-510,EyesClosed,posterior,3,-10.185792470260477,19,-10.394349241822496,EyesClosed,True
sub-510,EyesClosed,posterior,4,-10.067128897444073,19,-10.394349241822496,EyesClosed,True
sub-510,EyesClosed,posterior,5,-10.192989850556339,19,-10.394349241822496,EyesClosed,True
sub-510,EyesOpen,posterior,0,-10.611853141986781,19,-10.394349241822496,EyesOpen,True
sub-510,EyesOpen,posterior,1,-10.434315432471346,19,-10.394349241822496,EyesOpen,True
sub-510,EyesOpen,posterior,2,-10.494778667163294,19,-10.394349241822496,EyesOpen,True
sub-510,EyesOpen,posterior,3,-10.384701998216684,19,-10.394349241822496,EyesClosed,False
sub-510,EyesOpen,posterior,4,-10.447599544327858,19,-10.394349241822496,EyesOpen,True
sub-510,EyesOpen,posterior,5,-10.43010490260524,19,-10.394349241822496,EyesOpen,True
sub-511,EyesClosed,posterior,0,-10.332322451256202,19,-10.24289422144098,EyesOpen,False
sub-511,EyesClosed,posterior,1,-9.610158946305347,19,-10.24289422144098,EyesClosed,True
sub-511,EyesClosed,posterior,2,-9.39344197307569,19,-10.24289422144098,EyesClosed,True
sub-511,EyesClosed,posterior,3,-9.426164144720934,19,-10.24289422144098,EyesClosed,True
sub-511,EyesClosed,posterior,4,-9.53317081760539,19,-10.24289422144098,EyesClosed,True
sub-511,EyesClosed,posterior,5,-9.476006641598815,19,-10.24289422144098,EyesClosed,True
sub-511,EyesOpen,posterior,0,-10.415610798488993,19,-10.24289422144098,EyesOpen,True
sub-511,EyesOpen,posterior,1,-10.335810693753555,19,-10.24289422144098,EyesOpen,True
sub-511,EyesOpen,posterior,2,-10.419799945875402,19,-10.24289422144098,EyesOpen,True
sub-511,EyesOpen,posterior,3,-10.153465991625758,19,-10.24289422144098,EyesClosed,False
sub-511,EyesOpen,posterior,4,-10.433921966416307,19,-10.24289422144098,EyesOpen,True
sub-511,EyesOpen,posterior,5,-10.342382867484512,19,-10.24289422144098,EyesOpen,True
sub-512,EyesClosed,posterior,0,-8.954007324882054,19,-9.32141255495062,EyesClosed,True
sub-512,EyesClosed,posterior,1,-8.609590783240453,19,-9.32141255495062,EyesClosed,True
sub-512,EyesClosed,posterior,2,-9.279420424329947,19,-9.32141255495062,EyesClosed,True
sub-512,EyesClosed,posterior,3,-8.632988642249956,19,-9.32141255495062,EyesClosed,True
sub-512,EyesClosed,posterior,4,-9.186268294299289,19,-9.32141255495062,EyesClosed,True
sub-512,EyesClosed,posterior,5,-8.793134166696243,19,-9.32141255495062,EyesClosed,True
sub-512,EyesOpen,posterior,0,-10.135461283314992,19,-9.32141255495062,EyesOpen,True
sub-512,EyesOpen,posterior,1,-9.903119243940214,19,-9.32141255495062,EyesOpen,True
sub-512,EyesOpen,posterior,2,-10.25564010271515,19,-9.32141255495062,EyesOpen,True
sub-512,EyesOpen,posterior,3,-9.363404685571293,19,-9.32141255495062,EyesOpen,True
sub-512,EyesOpen,posterior,4,-9.562195613573978,19,-9.32141255495062,EyesOpen,True
sub-512,EyesOpen,posterior,5,-9.45783085542746,19,-9.32141255495062,EyesOpen,True
sub-513,EyesClosed,posterior,0,-9.449631514237481,19,-9.781612576391463,EyesClosed,True
sub-513,EyesClosed,posterior,1,-9.558743049662699,19,-9.781612576391463,EyesClosed,True
sub-513,EyesClosed,posterior,2,-9.509370751398567,19,-9.781612576391463,EyesClosed,True
sub-513,EyesClosed,posterior,3,-9.63716026450504,19,-9.781612576391463,EyesClosed,True
sub-513,EyesClosed,posterior,4,-9.50857813358992,19,-9.781612576391463,EyesClosed,True
sub-513,EyesClosed,posterior,5,-9.605930480549981,19,-9.781612576391463,EyesClosed,True
sub-513,EyesOpen,posterior,0,-10.237629246526028,19,-9.781612576391463,EyesOpen,True
sub-513,EyesOpen,posterior,1,-9.926064888277887,19,-9.781612576391463,EyesOpen,True
sub-513,EyesOpen,posterior,2,-10.006634885539674,19,-9.781612576391463,EyesOpen,True
sub-513,EyesOpen,posterior,3,-10.02038302873765,19,-9.781612576391463,EyesOpen,True
sub-513,EyesOpen,posterior,4,-10.005593867361068,19,-9.781612576391463,EyesOpen,True
sub-513,EyesOpen,posterior,5,-9.998867781885155,19,-9.781612576391463,EyesOpen,True
sub-514,EyesClosed,posterior,0,-10.010170466746105,19,-10.168138357750426,EyesClosed,True
sub-514,EyesClosed,posterior,1,-9.880898942800563,19,-10.168138357750426,EyesClosed,True
sub-514,EyesClosed,posterior,2,-9.830324410824131,19,-10.168138357750426,EyesClosed,True
sub-514,EyesClosed,posterior,3,-9.974771938878122,19,-10.168138357750426,EyesClosed,True
sub-514,EyesClosed,posterior,4,-9.948000405707116,19,-10.168138357750426,EyesClosed,True
sub-514,EyesClosed,posterior,5,-10.203210859826449,19,-10.168138357750426,EyesOpen,False
sub-514,EyesOpen,posterior,0,-10.399933543801229,19,-10.168138357750426,EyesOpen,True
sub-514,EyesOpen,posterior,1,-10.423617992560928,19,-10.168138357750426,EyesOpen,True
sub-514,EyesOpen,posterior,2,-10.361717793676275,19,-10.168138357750426,EyesOpen,True
sub-514,EyesOpen,posterior,3,-10.459881072027457,19,-10.168138357750426,EyesOpen,True
sub-514,EyesOpen,posterior,4,-10.133065855674403,19,-10.168138357750426,EyesClosed,False
sub-514,EyesOpen,posterior,5,-10.464680909800048,19,-10.168138357750426,EyesOpen,True
sub-515,EyesClosed,posterior,0,-9.092983168479439,19,-9.332972040864048,EyesClosed,True
sub-515,EyesClosed,posterior,1,-8.901057052419848,19,-9.332972040864048,EyesClosed,True
sub-515,EyesClosed,posterior,2,-9.057430883746806,19,-9.332972040864048,EyesClosed,True
sub-515,EyesClosed,posterior,3,-8.936984403316808,19,-9.332972040864048,EyesClosed,True
sub-515,EyesClosed,posterior,4,-8.972252240020728,19,-9.332972040864048,EyesClosed,True
sub-515,EyesClosed,posterior,5,-8.97581844811019,19,-9.332972040864048,EyesClosed,True
sub-515,EyesOpen,posterior,0,-9.873172085426821,19,-9.332972040864048,EyesOpen,True
sub-515,EyesOpen,posterior,1,-9.751287962135798,19,-9.332972040864048,EyesOpen,True
sub-515,EyesOpen,posterior,2,-9.88997917844159,19,-9.332972040864048,EyesOpen,True
sub-515,EyesOpen,posterior,3,-9.844623875610084,19,-9.332972040864048,EyesOpen,True
sub-515,EyesOpen,posterior,4,-9.95727782175957,19,-9.332972040864048,EyesOpen,True
sub-515,EyesOpen,posterior,5,-9.572960913248657,19,-9.332972040864048,EyesOpen,True
sub-516,EyesClosed,posterior,0,-9.34197282094068,19,-9.654527396236455,EyesClosed,True
sub-516,EyesClosed,posterior,1,-9.197663624726607,19,-9.654527396236455,EyesClosed,True
sub-516,EyesClosed,posterior,2,-9.176575905831688,19,-9.654527396236455,EyesClosed,True
sub-516,EyesClosed,posterior,3,-8.96353346281777,19,-9.654527396236455,EyesClosed,True
sub-516,EyesClosed,posterior,4,-8.905504219831144,19,-9.654527396236455,EyesClosed,True
sub-516,EyesClosed,posterior,5,-8.986541458758559,19,-9.654527396236455,EyesClosed,True
sub-516,EyesOpen,posterior,0,-10.076104529690333,19,-9.654527396236455,EyesOpen,True
sub-516,EyesOpen,posterior,1,-10.144831069800567,19,-9.654527396236455,EyesOpen,True
sub-516,EyesOpen,posterior,2,-10.077471821628167,19,-9.654527396236455,EyesOpen,True
sub-516,EyesOpen,posterior,3,-9.967081971532231,19,-9.654527396236455,EyesOpen,True
sub-516,EyesOpen,posterior,4,-10.162587301458148,19,-9.654527396236455,EyesOpen,True
sub-516,EyesOpen,posterior,5,-10.215633344951621,19,-9.654527396236455,EyesOpen,True
sub-517,EyesClosed,posterior,0,-10.220612310376913,19,-10.272099247415975,EyesClosed,True
sub-517,EyesClosed,posterior,1,-9.885543603746054,19,-10.272099247415975,EyesClosed,True
sub-517,EyesClosed,posterior,2,-10.053730710926757,19,-10.272099247415975,EyesClosed,True
sub-517,EyesClosed,posterior,3,-10.240064933247975,19,-10.272099247415975,EyesClosed,True
sub-517,EyesClosed,posterior,4,-9.934510536950963,19,-10.272099247415975,EyesClosed,True
sub-517,EyesClosed,posterior,5,-10.17648863794617,19,-10.272099247415975,EyesClosed,True
sub-517,EyesOpen,posterior,0,-10.530270786467147,19,-10.272099247415975,EyesOpen,True
sub-517,EyesOpen,posterior,1,-10.332566645710488,19,-10.272099247415975,EyesOpen,True
sub-517,EyesOpen,posterior,2,-10.51758003528575,19,-10.272099247415975,EyesOpen,True
sub-517,EyesOpen,posterior,3,-10.304133561583974,19,-10.272099247415975,EyesOpen,True
sub-517,EyesOpen,posterior,4,-10.661279281912414,19,-10.272099247415975,EyesOpen,True
sub-517,EyesOpen,posterior,5,-10.598411327923042,19,-10.272099247415975,EyesOpen,True
sub-518,EyesClosed,posterior,0,-9.093606452165472,19,-9.812812390512043,EyesClosed,True
sub-518,EyesClosed,posterior,1,-9.207341394424416,19,-9.812812390512043,EyesClosed,True
sub-518,EyesClosed,posterior,2,-9.1864645914253,19,-9.812812390512043,EyesClosed,True
sub-518,EyesClosed,posterior,3,-9.34064187027043,19,-9.812812390512043,EyesClosed,True
sub-518,EyesClosed,posterior,4,-9.3899904728216,19,-9.812812390512043,EyesClosed,True
sub-518,EyesClosed,posterior,5,-9.93832916302473,19,-9.812812390512043,EyesOpen,False
sub-518,EyesOpen,posterior,0,-10.027531297737099,19,-9.812812390512043,EyesOpen,True
sub-518,EyesOpen,posterior,1,-9.765835675579106,19,-9.812812390512043,EyesClosed,False
sub-518,EyesOpen,posterior,2,-9.958714254048823,19,-9.812812390512043,EyesOpen,True
sub-518,EyesOpen,posterior,3,-10.112009993501673,19,-9.812812390512043,EyesOpen,True
sub-518,EyesOpen,posterior,4,-9.859789105444982,19,-9.812812390512043,EyesOpen,True
sub-518,EyesOpen,posterior,5,-10.180809232951116,19,-9.812812390512043,EyesOpen,True
sub-519,EyesClosed,posterior,0,-10.915715454356647,19,-10.809645206156485,EyesOpen,False
sub-519,EyesClosed,posterior,1,-10.885753308683434,19,-10.809645206156485,EyesOpen,False
sub-519,EyesClosed,posterior,2,-10.853291720808478,19,-10.809645206156485,EyesOpen,False
sub-519,EyesClosed,posterior,3,-10.73700879218962,19,-10.809645206156485,EyesClosed,True
sub-519,EyesClosed,posterior,4,-10.83538568689089,19,-10.809645206156485,EyesOpen,False
sub-519,EyesClosed,posterior,5,-10.787877722494924,19,-10.809645206156485,EyesClosed,True
sub-519,EyesOpen,posterior,0,-10.555721568916006,19,-10.809645206156485,EyesClosed,False
sub-519,EyesOpen,posterior,1,-10.644708779056945,19,-10.809645206156485,EyesClosed,False
sub-519,EyesOpen,posterior,2,-10.813667495319036,19,-10.809645206156485,EyesOpen,True
sub-519,EyesOpen,posterior,3,-10.841089545107545,19,-10.809645206156485,EyesOpen,True
sub-519,EyesOpen,posterior,4,-10.805622916993936,19,-10.809645206156485,EyesClosed,False
sub-519,EyesOpen,posterior,5,-10.80052344181697,19,-10.809645206156485,EyesClosed,False
sub-520,EyesClosed,posterior,0,-9.933567822520747,19,-10.0382265646763,EyesClosed,True
sub-520,EyesClosed,posterior,1,-9.675579775365387,19,-10.0382265646763,EyesClosed,True
sub-520,EyesClosed,posterior,2,-9.290517532372126,19,-10.0382265646763,EyesClosed,True
sub-520,EyesClosed,posterior,3,-9.384495475912136,19,-10.0382265646763,EyesClosed,True
sub-520,EyesClosed,posterior,4,-9.24682067780295,19,-10.0382265646763,EyesClosed,True
sub-520,EyesClosed,posterior,5,-9.544996963096409,19,-10.0382265646763,EyesClosed,True
sub-520,EyesOpen,posterior,0,-10.19775214928919,19,-10.0382265646763,EyesOpen,True
sub-520,EyesOpen,posterior,1,-10.232570965164165,19,-10.0382265646763,EyesOpen,True
sub-520,EyesOpen,posterior,2,-10.322844373552954,19,-10.0382265646763,EyesOpen,True
sub-520,EyesOpen,posterior,3,-10.142885306831852,19,-10.0382265646763,EyesOpen,True
sub-520,EyesOpen,posterior,4,-10.15976305039514,19,-10.0382265646763,EyesOpen,True
sub-520,EyesOpen,posterior,5,-10.177382550516983,19,-10.0382265646763,EyesOpen,True
sub-521,EyesClosed,posterior,0,-10.348245094042792,19,-10.319738237105561,EyesOpen,False
sub-521,EyesClosed,posterior,1,-10.295617653011428,19,-10.319738237105561,EyesClosed,True
sub-521,EyesClosed,posterior,2,-10.142971928830102,19,-10.319738237105561,EyesClosed,True
sub-521,EyesClosed,posterior,3,-10.124211783521654,19,-10.319738237105561,EyesClosed,True
sub-521,EyesClosed,posterior,4,-10.062999453649256,19,-10.319738237105561,EyesClosed,True
sub-521,EyesClosed,posterior,5,-10.078573312910251,19,-10.319738237105561,EyesClosed,True
sub-521,EyesOpen,posterior,0,-10.294952739508643,19,-10.319738237105561,EyesClosed,False
sub-521,EyesOpen,posterior,1,-10.36410060542765,19,-10.319738237105561,EyesOpen,True
sub-521,EyesOpen,posterior,2,-10.42218442916083,19,-10.319738237105561,EyesOpen,True
sub-521,EyesOpen,posterior,3,-10.358327861164273,19,-10.319738237105561,EyesOpen,True
sub-521,EyesOpen,posterior,4,-10.415450508174327,19,-10.319738237105561,EyesOpen,True
sub-521,EyesOpen,posterior,5,-10.343858821199692,19,-10.319738237105561,EyesOpen,True
sub-522,EyesClosed,posterior,0,-9.17775960953924,19,-9.378848823563699,EyesClosed,True
sub-522,EyesClosed,posterior,1,-9.16810702539643,19,-9.378848823563699,EyesClosed,True
sub-522,EyesClosed,posterior,2,-9.117076469035766,19,-9.378848823563699,EyesClosed,True
sub-522,EyesClosed,posterior,3,-9.203511697086938,19,-9.378848823563699,EyesClosed,True
sub-522,EyesClosed,posterior,4,-9.183511238035063,19,-9.378848823563699,EyesClosed,True
sub-522,EyesClosed,posterior,5,-9.105945610954288,19,-9.378848823563699,EyesClosed,True
sub-522,EyesOpen,posterior,0,-9.811145189182556,19,-9.378848823563699,EyesOpen,True
sub-522,EyesOpen,posterior,1,-9.807349588873674,19,-9.378848823563699,EyesOpen,True
sub-522,EyesOpen,posterior,2,-9.910842141435722,19,-9.378848823563699,EyesOpen,True
sub-522,EyesOpen,posterior,3,-9.811779926738796,19,-9.378848823563699,EyesOpen,True
sub-522,EyesOpen,posterior,4,-9.78460912237754,19,-9.378848823563699,EyesOpen,True
sub-522,EyesOpen,posterior,5,-9.55418595004046,19,-9.378848823563699,EyesOpen,True
sub-523,EyesClosed,posterior,0,-9.89184863973083,19,-10.057908400127367,EyesClosed,True
sub-523,EyesClosed,posterior,1,-10.417986475221147,19,-10.057908400127367,EyesOpen,False
sub-523,EyesClosed,posterior,2,-10.043865928746044,19,-10.057908400127367,EyesClosed,True
sub-523,EyesClosed,posterior,3,-10.013894966169186,19,-10.057908400127367,EyesClosed,True
sub-523,EyesClosed,posterior,4,-9.834201660089127,19,-10.057908400127367,EyesClosed,True
sub-523,EyesClosed,posterior,5,-9.780454304624348,19,-10.057908400127367,EyesClosed,True
sub-523,EyesOpen,posterior,0,-10.418213010831753,19,-10.057908400127367,EyesOpen,True
sub-523,EyesOpen,posterior,1,-10.07195087150869,19,-10.057908400127367,EyesOpen,True
sub-523,EyesOpen,posterior,2,-9.872994142414775,19,-10.057908400127367,EyesClosed,False
sub-523,EyesOpen,posterior,3,-10.324039579982314,19,-10.057908400127367,EyesOpen,True
sub-523,EyesOpen,posterior,4,-10.320962448217307,19,-10.057908400127367,EyesOpen,True
sub-523,EyesOpen,posterior,5,-10.222901341619046,19,-10.057908400127367,EyesOpen,True
sub-524,EyesClosed,posterior,0,-9.930312279238146,19,-10.120815164445643,EyesClosed,True
sub-524,EyesClosed,posterior,1,-9.88646302510108,19,-10.120815164445643,EyesClosed,True
sub-524,EyesClosed,posterior,2,-9.956706198245248,19,-10.120815164445643,EyesClosed,True
sub-524,EyesClosed,posterior,3,-9.910671311744878,19,-10.120815164445643,EyesClosed,True
sub-524,EyesClosed,posterior,4,-9.912275280633395,19,-10.120815164445643,EyesClosed,True
sub-524,EyesClosed,posterior,5,-9.955146757564053,19,-10.120815164445643,EyesClosed,True
sub-524,EyesOpen,posterior,0,-10.582143845150298,19,-10.120815164445643,EyesOpen,True
sub-524,EyesOpen,posterior,1,-10.66311851021042,19,-10.120815164445643,EyesOpen,True
sub-524,EyesOpen,posterior,2,-10.63057601919724,19,-10.120815164445643,EyesOpen,True
sub-524,EyesOpen,posterior,3,-10.50149338470383,19,-10.120815164445643,EyesOpen,True
sub-524,EyesOpen,posterior,4,-10.448698611752647,19,-10.120815164445643,EyesOpen,True
sub-524,EyesOpen,posterior,5,-10.284924130646038,19,-10.120815164445643,EyesOpen,True
sub-525,EyesClosed,posterior,0,-9.373674592853348,19,-9.820908736688207,EyesClosed,True
sub-525,EyesClosed,posterior,1,-9.12698766825508,19,-9.820908736688207,EyesClosed,True
sub-525,EyesClosed,posterior,2,-9.141613474757706,19,-9.820908736688207,EyesClosed,True
sub-525,EyesClosed,posterior,3,-9.244740587561568,19,-9.820908736688207,EyesClosed,True
sub-525,EyesClosed,posterior,4,-9.159327016059109,19,-9.820908736688207,EyesClosed,True
sub-525,EyesClosed,posterior,5,-9.273200980180906,19,-9.820908736688207,EyesClosed,True
sub-525,EyesOpen,posterior,0,-10.308280460398288,19,-9.820908736688207,EyesOpen,True
sub-525,EyesOpen,posterior,1,-10.268142880523063,19,-9.820908736688207,EyesOpen,True
sub-525,EyesOpen,posterior,2,-10.407769929812986,19,-9.820908736688207,EyesOpen,True
sub-525,EyesOpen,posterior,3,-10.346367548013706,19,-9.820908736688207,EyesOpen,True
sub-525,EyesOpen,posterior,4,-10.343512792751248,19,-9.820908736688207,EyesOpen,True
sub-525,EyesOpen,posterior,5,-10.478750347608896,19,-9.820908736688207,EyesOpen,True
sub-526,EyesClosed,posterior,0,-9.415567488157645,19,-9.67787741460911,EyesClosed,True
sub-526,EyesClosed,posterior,1,-9.411517199544628,19,-9.67787741460911,EyesClosed,True
sub-526,EyesClosed,posterior,2,-9.38111253399955,19,-9.67787741460911,EyesClosed,True
sub-526,EyesClosed,posterior,3,-9.615096739577545,19,-9.67787741460911,EyesClosed,True
sub-526,EyesClosed,posterior,4,-9.329066320984897,19,-9.67787741460911,EyesClosed,True
sub-526,EyesClosed,posterior,5,-9.441960311313169,19,-9.67787741460911,EyesClosed,True
sub-526,EyesOpen,posterior,0,-9.740658089640673,19,-9.67787741460911,EyesOpen,True
sub-526,EyesOpen,posterior,1,-9.976482208773707,19,-9.67787741460911,EyesOpen,True
sub-526,EyesOpen,posterior,2,-9.998453377129337,19,-9.67787741460911,EyesOpen,True
sub-526,EyesOpen,posterior,3,-10.075882705527546,19,-9.67787741460911,EyesOpen,True
sub-526,EyesOpen,posterior,4,-10.03411919263944,19,-9.67787741460911,EyesOpen,True
sub-526,EyesOpen,posterior,5,-9.86473271298123,19,-9.67787741460911,EyesOpen,True
sub-527,EyesClosed,posterior,0,-9.394877552463424,19,-9.942184372740941,EyesClosed,True
sub-527,EyesClosed,posterior,1,-9.386086763555506,19,-9.942184372740941,EyesClosed,True
sub-527,EyesClosed,posterior,2,-9.712123078928995,19,-9.942184372740941,EyesClosed,True
sub-527,EyesClosed,posterior,3,-9.627926347641745,19,-9.942184372740941,EyesClosed,True
sub-527,EyesClosed,posterior,4,-9.655507585161152,19,-9.942184372740941,EyesClosed,True
sub-527,EyesClosed,posterior,5,-9.571044602007474,19,-9.942184372740941,EyesClosed,True
sub-527,EyesOpen,posterior,0,-10.329712869203734,19,-9.942184372740941,EyesOpen,True
sub-527,EyesOpen,posterior,1,-10.24539935903308,19,-9.942184372740941,EyesOpen,True
sub-527,EyesOpen,posterior,2,-10.222224994084295,19,-9.942184372740941,EyesOpen,True
sub-527,EyesOpen,posterior,3,-10.267796285456495,19,-9.942184372740941,EyesOpen,True
sub-527,EyesOpen,posterior,4,-10.172245666552888,19,-9.942184372740941,EyesOpen,True
sub-527,EyesOpen,posterior,5,-10.341056794267292,19,-9.942184372740941,EyesOpen,True
sub-528,EyesClosed,posterior,0,-9.397028510478627,19,-9.785414359465282,EyesClosed,True
sub-528,EyesClosed,posterior,1,-9.05998533078129,19,-9.785414359465282,EyesClosed,True
sub-528,EyesClosed,posterior,2,-9.143211183451626,19,-9.785414359465282,EyesClosed,True
sub-528,EyesClosed,posterior,3,-9.019883185797099,19,-9.785414359465282,EyesClosed,True
sub-528,EyesClosed,posterior,4,-9.093689709563144,19,-9.785414359465282,EyesClosed,True
sub-528,EyesClosed,posterior,5,-9.248392686687753,19,-9.785414359465282,EyesClosed,True
sub-528,EyesOpen,posterior,0,-10.173800208451938,19,-9.785414359465282,EyesOpen,True
sub-528,EyesOpen,posterior,1,-10.286995178789502,19,-9.785414359465282,EyesOpen,True
sub-528,EyesOpen,posterior,2,-10.176237372809291,19,-9.785414359465282,EyesOpen,True
sub-528,EyesOpen,posterior,3,-10.234272065464769,19,-9.785414359465282,EyesOpen,True
sub-528,EyesOpen,posterior,4,-10.19062438597605,19,-9.785414359465282,EyesOpen,True
sub-528,EyesOpen,posterior,5,-10.292525277748185,19,-9.785414359465282,EyesOpen,True
sub-529,EyesClosed,posterior,0,-8.437494786747534,19,-8.688171139145048,EyesClosed,True
sub-529,EyesClosed,posterior,1,-8.533136389067298,19,-8.688171139145048,EyesClosed,True
sub-529,EyesClosed,posterior,2,-8.44225856706697,19,-8.688171139145048,EyesClosed,True
sub-529,EyesClosed,posterior,3,-8.452455081626207,19,-8.688171139145048,EyesClosed,True
sub-529,EyesClosed,posterior,4,-8.48994736187311,19,-8.688171139145048,EyesClosed,True
sub-529,EyesClosed,posterior,5,-8.537864880432817,19,-8.688171139145048,EyesClosed,True
sub-529,EyesOpen,posterior,0,-8.917285403816738,19,-8.688171139145048,EyesOpen,True
sub-529,EyesOpen,posterior,1,-8.994742397271285,19,-8.688171139145048,EyesOpen,True
sub-529,EyesOpen,posterior,2,-8.922909559952043,19,-8.688171139145048,EyesOpen,True
sub-529,EyesOpen,posterior,3,-8.871797552549394,19,-8.688171139145048,EyesOpen,True
sub-529,EyesOpen,posterior,4,-9.04340372232017,19,-8.688171139145048,EyesOpen,True
sub-529,EyesOpen,posterior,5,-8.838477397857277,19,-8.688171139145048,EyesOpen,True
sub-530,EyesClosed,posterior,0,-8.663566891322008,19,-9.186575062389565,EyesClosed,True
sub-530,EyesClosed,posterior,1,-8.668256992115188,19,-9.186575062389565,EyesClosed,True
sub-530,EyesClosed,posterior,2,-8.860078721296274,19,-9.186575062389565,EyesClosed,True
sub-530,EyesClosed,posterior,3,-8.887080997628992,19,-9.186575062389565,EyesClosed,True
sub-530,EyesClosed,posterior,4,-8.94089630237616,19,-9.186575062389565,EyesClosed,True
sub-530,EyesClosed,posterior,5,-8.85668578096255,19,-9.186575062389565,EyesClosed,True
sub-530,EyesOpen,posterior,0,-10.308181328117143,19,-9.186575062389565,EyesOpen,True
sub-530,EyesOpen,posterior,1,-9.894081868508504,19,-9.186575062389565,EyesOpen,True
sub-530,EyesOpen,posterior,2,-9.88620204863253,19,-9.186575062389565,EyesOpen,True
sub-530,EyesOpen,posterior,3,-9.962079490747467,19,-9.186575062389565,EyesOpen,True
sub-530,EyesOpen,posterior,4,-9.619953080811689,19,-9.186575062389565,EyesOpen,True
sub-530,EyesOpen,posterior,5,-9.43225382240297,19,-9.186575062389565,EyesOpen,True
sub-531,EyesClosed,posterior,0,-9.721441152106737,19,-9.711122975345939,EyesOpen,False
sub-531,EyesClosed,posterior,1,-9.625771623746367,19,-9.711122975345939,EyesClosed,True
sub-531,EyesClosed,posterior,2,-9.656329025644387,19,-9.711122975345939,EyesClosed,True
sub-531,EyesClosed,posterior,3,-9.646906832930668,19,-9.711122975345939,EyesClosed,True
sub-531,EyesClosed,posterior,4,-9.666061802439629,19,-9.711122975345939,EyesClosed,True
sub-531,EyesClosed,posterior,5,-9.550978180327437,19,-9.711122975345939,EyesClosed,True
sub-531,EyesOpen,posterior,0,-10.26349002857529,19,-9.711122975345939,EyesOpen,True
sub-531,EyesOpen,posterior,1,-10.211380566218446,19,-9.711122975345939,EyesOpen,True
sub-531,EyesOpen,posterior,2,-9.70080479858514,19,-9.711122975345939,EyesClosed,False
sub-531,EyesOpen,posterior,3,-10.063990499256915,19,-9.711122975345939,EyesOpen,True
sub-531,EyesOpen,posterior,4,-10.243173518195062,19,-9.711122975345939,EyesOpen,True
sub-531,EyesOpen,posterior,5,-10.297345726749699,19,-9.711122975345939,EyesOpen,True
sub-532,EyesClosed,posterior,0,-9.862760174273145,19,-10.064502178329352,EyesClosed,True
sub-532,EyesClosed,posterior,1,-9.932577161016372,19,-10.064502178329352,EyesClosed,True
sub-532,EyesClosed,posterior,2,-9.939956942921222,19,-10.064502178329352,EyesClosed,True
sub-532,EyesClosed,posterior,3,-9.907664917148427,19,-10.064502178329352,EyesClosed,True
sub-532,EyesClosed,posterior,4,-9.692151347392121,19,-10.064502178329352,EyesClosed,True
sub-532,EyesClosed,posterior,5,-9.76213929281142,19,-10.064502178329352,EyesClosed,True
sub-532,EyesOpen,posterior,0,-10.269015815972327,19,-10.064502178329352,EyesOpen,True
sub-532,EyesOpen,posterior,1,-10.245286014336994,19,-10.064502178329352,EyesOpen,True
sub-532,EyesOpen,posterior,2,-10.209908907177137,19,-10.064502178329352,EyesOpen,True
sub-532,EyesOpen,posterior,3,-10.292410071639829,19,-10.064502178329352,EyesOpen,True
sub-532,EyesOpen,posterior,4,-10.269312652331854,19,-10.064502178329352,EyesOpen,True
sub-532,EyesOpen,posterior,5,-10.189047413737484,19,-10.064502178329352,EyesOpen,True
sub-533,EyesClosed,posterior,0,-10.332461543595855,19,-10.42914464049122,EyesClosed,True
sub-533,EyesClosed,posterior,1,-10.415132983417664,19,-10.42914464049122,EyesClosed,True
sub-533,EyesClosed,posterior,2,-10.425314567053386,19,-10.42914464049122,EyesClosed,True
sub-533,EyesClosed,posterior,3,-10.409557363227167,19,-10.42914464049122,EyesClosed,True
sub-533,EyesClosed,posterior,4,-10.407190144513947,19,-10.42914464049122,EyesClosed,True
sub-533,EyesClosed,posterior,5,-10.40996588038301,19,-10.42914464049122,EyesClosed,True
sub-533,EyesOpen,posterior,0,-10.53218479447063,19,-10.42914464049122,EyesOpen,True
sub-533,EyesOpen,posterior,1,-10.432974713929054,19,-10.42914464049122,EyesOpen,True
sub-533,EyesOpen,posterior,2,-10.545339699678033,19,-10.42914464049122,EyesOpen,True
sub-533,EyesOpen,posterior,3,-10.488937328921791,19,-10.42914464049122,EyesOpen,True
sub-533,EyesOpen,posterior,4,-10.6579131626608,19,-10.42914464049122,EyesOpen,True
sub-533,EyesOpen,posterior,5,-10.548411430616358,19,-10.42914464049122,EyesOpen,True
sub-534,EyesClosed,posterior,0,-10.714075905750212,19,-10.736417949493674,EyesClosed,True
sub-534,EyesClosed,posterior,1,-10.797434448321662,19,-10.736417949493674,EyesOpen,False
sub-534,EyesClosed,posterior,2,-10.664448752123493,19,-10.736417949493674,EyesClosed,True
sub-534,EyesClosed,posterior,3,-10.537054477917371,19,-10.736417949493674,EyesClosed,True
sub-534,EyesClosed,posterior,4,-10.495591409271665,19,-10.736417949493674,EyesClosed,True
sub-534,EyesClosed,posterior,5,-10.443074557527916,19,-10.736417949493674,EyesClosed,True
sub-534,EyesOpen,posterior,0,-10.773980220719526,19,-10.736417949493674,EyesOpen,True
sub-534,EyesOpen,posterior,1,-10.798272625543618,19,-10.736417949493674,EyesOpen,True
sub-534,EyesOpen,posterior,2,-10.80967366799095,19,-10.736417949493674,EyesOpen,True
sub-534,EyesOpen,posterior,3,-10.79409648021092,19,-10.736417949493674,EyesOpen,True
sub-534,EyesOpen,posterior,4,-10.758759993237138,19,-10.736417949493674,EyesOpen,True
sub-534,EyesOpen,posterior,5,-10.706638440255693,19,-10.736417949493674,EyesClosed,False
sub-535,EyesClosed,posterior,0,-8.617091798218413,19,-9.408710419119133,EyesClosed,True
sub-535,EyesClosed,posterior,1,-8.48682838702927,19,-9.408710419119133,EyesClosed,True
sub-535,EyesClosed,posterior,2,-8.553011351862457,19,-9.408710419119133,EyesClosed,True
sub-535,EyesClosed,posterior,3,-8.580940770641662,19,-9.408710419119133,EyesClosed,True
sub-535,EyesClosed,posterior,4,-8.684056848519466,19,-9.408710419119133,EyesClosed,True
sub-535,EyesClosed,posterior,5,-8.592458306558218,19,-9.408710419119133,EyesClosed,True
sub-535,EyesOpen,posterior,0,-10.1333639897188,19,-9.408710419119133,EyesOpen,True
sub-535,EyesOpen,posterior,1,-10.347515366590269,19,-9.408710419119133,EyesOpen,True
sub-535,EyesOpen,posterior,2,-10.275078199916367,19,-9.408710419119133,EyesOpen,True
sub-535,EyesOpen,posterior,3,-10.157965647497134,19,-9.408710419119133,EyesOpen,True
sub-535,EyesOpen,posterior,4,-10.258182737315304,19,-9.408710419119133,EyesOpen,True
sub-535,EyesOpen,posterior,5,-10.192939853772206,19,-9.408710419119133,EyesOpen,True
sub-536,EyesClosed,posterior,0,-9.340716473299642,19,-9.504300356680016,EyesClosed,True
sub-536,EyesClosed,posterior,1,-9.33255384188832,19,-9.504300356680016,EyesClosed,True
sub-536,EyesClosed,posterior,2,-9.285181269129282,19,-9.504300356680016,EyesClosed,True
sub-536,EyesClosed,posterior,3,-9.370528099228682,19,-9.504300356680016,EyesClosed,True
sub-536,EyesClosed,posterior,4,-9.410957743568128,19,-9.504300356680016,EyesClosed,True
sub-536,EyesClosed,posterior,5,-9.31125130989394,19,-9.504300356680016,EyesClosed,True
sub-536,EyesOpen,posterior,0,-9.948984379338416,19,-9.504300356680016,EyesOpen,True
sub-536,EyesOpen,posterior,1,-9.878103650382547,19,-9.504300356680016,EyesOpen,True
sub-536,EyesOpen,posterior,2,-9.879195836589426,19,-9.504300356680016,EyesOpen,True
sub-536,EyesOpen,posterior,3,-9.597642969791902,19,-9.504300356680016,EyesOpen,True
sub-536,EyesOpen,posterior,4,-10.082909812640832,19,-9.504300356680016,EyesOpen,True
sub-536,EyesOpen,posterior,5,-10.071214358913215,19,-9.504300356680016,EyesOpen,True
sub-537,EyesClosed,posterior,0,-10.36437249027454,19,-10.460147760266391,EyesClosed,True
sub-537,EyesClosed,posterior,1,-9.766324899108326,19,-10.460147760266391,EyesClosed,True
sub-537,EyesClosed,posterior,2,-9.781105979333203,19,-10.460147760266391,EyesClosed,True
sub-537,EyesClosed,posterior,3,-9.88452469299477,19,-10.460147760266391,EyesClosed,True
sub-537,EyesClosed,posterior,4,-9.923535892936064,19,-10.460147760266391,EyesClosed,True
sub-537,EyesClosed,posterior,5,-10.329622023039278,19,-10.460147760266391,EyesClosed,True
sub-537,EyesOpen,posterior,0,-10.55592303025824,19,-10.460147760266391,EyesOpen,True
sub-537,EyesOpen,posterior,1,-10.580345465978846,19,-10.460147760266391,EyesOpen,True
sub-537,EyesOpen,posterior,2,-10.632421440645343,19,-10.460147760266391,EyesOpen,True
sub-537,EyesOpen,posterior,3,-10.587449458554481,19,-10.460147760266391,EyesOpen,True
sub-537,EyesOpen,posterior,4,-10.610858426442958,19,-10.460147760266391,EyesOpen,True
sub-537,EyesOpen,posterior,5,-10.668937473692058,19,-10.460147760266391,EyesOpen,True
sub-538,EyesClosed,posterior,0,-10.345244637513625,19,-10.364395813970269,EyesClosed,True
sub-538,EyesClosed,posterior,1,-10.371735003388903,19,-10.364395813970269,EyesOpen,False
sub-538,EyesClosed,posterior,2,-10.350750969292347,19,-10.364395813970269,EyesClosed,True
sub-538,EyesClosed,posterior,3,-10.387782339875766,19,-10.364395813970269,EyesOpen,False
sub-538,EyesClosed,posterior,4,-10.214709562462593,19,-10.364395813970269,EyesClosed,True
sub-538,EyesClosed,posterior,5,-10.360112123291433,19,-10.364395813970269,EyesClosed,True
sub-538,EyesOpen,posterior,0,-10.480695222996092,19,-10.364395813970269,EyesOpen,True
sub-538,EyesOpen,posterior,1,-10.351227087177422,19,-10.364395813970269,EyesClosed,False
sub-538,EyesOpen,posterior,2,-10.3431549152698,19,-10.364395813970269,EyesClosed,False
sub-538,EyesOpen,posterior,3,-10.373257350152281,19,-10.364395813970269,EyesOpen,True
sub-538,EyesOpen,posterior,4,-10.368679504649107,19,-10.364395813970269,EyesOpen,True
sub-538,EyesOpen,posterior,5,-10.461865271617901,19,-10.364395813970269,EyesOpen,True
sub-539,EyesClosed,posterior,0,-10.063128923229566,19,-9.962977763655456,EyesOpen,False
sub-539,EyesClosed,posterior,1,-9.84752401943691,19,-9.962977763655456,EyesClosed,True
sub-539,EyesClosed,posterior,2,-9.80239120403034,19,-9.962977763655456,EyesClosed,True
sub-539,EyesClosed,posterior,3,-9.673745376542657,19,-9.962977763655456,EyesClosed,True
sub-539,EyesClosed,posterior,4,-9.638397736339817,19,-9.962977763655456,EyesClosed,True
sub-539,EyesClosed,posterior,5,-9.652636403994887,19,-9.962977763655456,EyesClosed,True
sub-539,EyesOpen,posterior,0,-10.077879486935794,19,-9.962977763655456,EyesOpen,True
sub-539,EyesOpen,posterior,1,-10.011075486448874,19,-9.962977763655456,EyesOpen,True
sub-539,EyesOpen,posterior,2,-10.009495707210418,19,-9.962977763655456,EyesOpen,True
sub-539,EyesOpen,posterior,3,-9.916459820100494,19,-9.962977763655456,EyesClosed,False
sub-539,EyesOpen,posterior,4,-10.164436826592897,19,-9.962977763655456,EyesOpen,True
sub-539,EyesOpen,posterior,5,-10.197405746402548,19,-9.962977763655456,EyesOpen,True
sub-540,EyesClosed,posterior,0,-9.208918911926311,19,-9.508712222433532,EyesClosed,True
sub-540,EyesClosed,posterior,1,-9.107274278121452,19,-9.508712222433532,EyesClosed,True
sub-540,EyesClosed,posterior,2,-9.194993155128778,19,-9.508712222433532,EyesClosed,True
sub-540,EyesClosed,posterior,3,-9.234680040094517,19,-9.508712222433532,EyesClosed,True
sub-540,EyesClosed,posterior,4,-9.305865912450123,19,-9.508712222433532,EyesClosed,True
sub-540,EyesClosed,posterior,5,-9.290322667787695,19,-9.508712222433532,EyesClosed,True
sub-540,EyesOpen,posterior,0,-10.128581401798522,19,-9.508712222433532,EyesOpen,True
sub-540,EyesOpen,posterior,1,-9.948846781182516,19,-9.508712222433532,EyesOpen,True
sub-540,EyesOpen,posterior,2,-9.739878053267526,19,-9.508712222433532,EyesOpen,True
sub-540,EyesOpen,posterior,3,-9.879619266908943,19,-9.508712222433532,EyesOpen,True
sub-540,EyesOpen,posterior,4,-9.711558532416941,19,-9.508712222433532,EyesOpen,True
sub-540,EyesOpen,posterior,5,-9.872746273957102,19,-9.508712222433532,EyesOpen,True
sub-541,EyesClosed,posterior,0,-8.445519520383536,19,-8.90172190382905,EyesClosed,True
sub-541,EyesClosed,posterior,1,-8.414440189551945,19,-8.90172190382905,EyesClosed,True
sub-541,EyesClosed,posterior,2,-8.42476401199558,19,-8.90172190382905,EyesClosed,True
sub-541,EyesClosed,posterior,3,-8.430843797428164,19,-8.90172190382905,EyesClosed,True
sub-541,EyesClosed,posterior,4,-8.444312587260915,19,-8.90172190382905,EyesClosed,True
sub-541,EyesClosed,posterior,5,-8.435491843710562,19,-8.90172190382905,EyesClosed,True
sub-541,EyesOpen,posterior,0,-10.059669502056064,19,-8.90172190382905,EyesOpen,True
sub-541,EyesOpen,posterior,1,-9.501451060387797,19,-8.90172190382905,EyesOpen,True
sub-541,EyesOpen,posterior,2,-9.52111770090486,19,-8.90172190382905,EyesOpen,True
sub-541,EyesOpen,posterior,3,-9.357924287274562,19,-8.90172190382905,EyesOpen,True
sub-541,EyesOpen,posterior,4,-9.707944296804861,19,-8.90172190382905,EyesOpen,True
sub-541,EyesOpen,posterior,5,-9.58756032548802,19,-8.90172190382905,EyesOpen,True
sub-542,EyesClosed,posterior,0,-9.19234936377451,19,-9.52641739845044,EyesClosed,True
sub-542,EyesClosed,posterior,1,-9.112978235164327,19,-9.52641739845044,EyesClosed,True
sub-542,EyesClosed,posterior,2,-9.176780479352512,19,-9.52641739845044,EyesClosed,True
sub-542,EyesClosed,posterior,3,-9.264726919697027,19,-9.52641739845044,EyesClosed,True
sub-542,EyesClosed,posterior,4,-8.972332649773314,19,-9.52641739845044,EyesClosed,True
sub-542,EyesClosed,posterior,5,-9.017350900579228,19,-9.52641739845044,EyesClosed,True
sub-542,EyesOpen,posterior,0,-10.203126772832482,19,-9.52641739845044,EyesOpen,True
sub-542,EyesOpen,posterior,1,-10.157989550878597,19,-9.52641739845044,EyesOpen,True
sub-542,EyesOpen,posterior,2,-9.788107877203851,19,-9.52641739845044,EyesOpen,True
sub-542,EyesOpen,posterior,3,-10.038930965739423,19,-9.52641739845044,EyesOpen,True
sub-542,EyesOpen,posterior,4,-10.00696911098316,19,-9.52641739845044,EyesOpen,True
sub-542,EyesOpen,posterior,5,-10.198363765246993,19,-9.52641739845044,EyesOpen,True
sub-543,EyesClosed,posterior,0,-9.214127426397843,19,-9.489096925480828,EyesClosed,True
sub-543,EyesClosed,posterior,1,-9.306572159327438,19,-9.489096925480828,EyesClosed,True
sub-543,EyesClosed,posterior,2,-9.285069982498872,19,-9.489096925480828,EyesClosed,True
sub-543,EyesClosed,posterior,3,-9.403905311539447,19,-9.489096925480828,EyesClosed,True
sub-543,EyesClosed,posterior,4,-9.304646634326996,19,-9.489096925480828,EyesClosed,True
sub-543,EyesClosed,posterior,5,-9.396823330127035,19,-9.489096925480828,EyesClosed,True
sub-543,EyesOpen,posterior,0,-10.173669269910048,19,-9.489096925480828,EyesOpen,True
sub-543,EyesOpen,posterior,1,-9.57428853942221,19,-9.489096925480828,EyesOpen,True
sub-543,EyesOpen,posterior,2,-9.930158850716827,19,-9.489096925480828,EyesOpen,True
sub-543,EyesOpen,posterior,3,-9.77807785533868,19,-9.489096925480828,EyesOpen,True
sub-543,EyesOpen,posterior,4,-9.758860828944156,19,-9.489096925480828,EyesOpen,True
sub-543,EyesOpen,posterior,5,-9.888865373034069,19,-9.489096925480828,EyesOpen,True
sub-544,EyesClosed,posterior,0,-9.981042405505454,19,-10.000198080838278,EyesClosed,True
sub-544,EyesClosed,posterior,1,-9.710806266230298,19,-10.000198080838278,EyesClosed,True
sub-544,EyesClosed,posterior,2,-9.925751991787141,19,-10.000198080838278,EyesClosed,True
sub-544,EyesClosed,posterior,3,-9.904805156677156,19,-10.000198080838278,EyesClosed,True
sub-544,EyesClosed,posterior,4,-9.76958266409248,19,-10.000198080838278,EyesClosed,True
sub-544,EyesClosed,posterior,5,-10.021923029514356,19,-10.000198080838278,EyesOpen,False
sub-544,EyesOpen,posterior,0,-10.11309751274351,19,-10.000198080838278,EyesOpen,True
sub-544,EyesOpen,posterior,1,-10.0193537561711,19,-10.000198080838278,EyesOpen,True
sub-544,EyesOpen,posterior,2,-10.217178040212548,19,-10.000198080838278,EyesOpen,True
sub-544,EyesOpen,posterior,3,-9.975712909773534,19,-10.000198080838278,EyesClosed,False
sub-544,EyesOpen,posterior,4,-10.22388913295636,19,-10.000198080838278,EyesOpen,True
sub-544,EyesOpen,posterior,5,-10.026272464820119,19,-10.000198080838278,EyesOpen,True
sub-545,EyesClosed,posterior,0,-9.133283130714815,19,-9.167856379488907,EyesClosed,True
sub-545,EyesClosed,posterior,1,-9.047253934739237,19,-9.167856379488907,EyesClosed,True
sub-545,EyesClosed,posterior,2,-9.03425779808318,19,-9.167856379488907,EyesClosed,True
sub-545,EyesClosed,posterior,3,-9.01074671663611,19,-9.167856379488907,EyesClosed,True
sub-545,EyesClosed,posterior,4,-9.02942359688137,19,-9.167856379488907,EyesClosed,True
sub-545,EyesClosed,posterior,5,-8.949265632883458,19,-9.167856379488907,EyesClosed,True
sub-545,EyesOpen,posterior,0,-9.50284652847669,19,-9.167856379488907,EyesOpen,True
sub-545,EyesOpen,posterior,1,-9.202429628263,19,-9.167856379488907,EyesOpen,True
sub-545,EyesOpen,posterior,2,-9.23633972749472,19,-9.167856379488907,EyesOpen,True
sub-545,EyesOpen,posterior,3,-9.289371965562868,19,-9.167856379488907,EyesOpen,True
sub-545,EyesOpen,posterior,4,-9.591397617804093,19,-9.167856379488907,EyesOpen,True
sub-545,EyesOpen,posterior,5,-9.38632046819003,19,-9.167856379488907,EyesOpen,True
sub-546,EyesClosed,posterior,0,-10.5813763970801,19,-10.397331308103476,EyesOpen,False
sub-546,EyesClosed,posterior,1,-10.51767532755219,19,-10.397331308103476,EyesOpen,False
sub-546,EyesClosed,posterior,2,-10.58724785385885,19,-10.397331308103476,EyesOpen,False
sub-546,EyesClosed,posterior,3,-10.669071135433713,19,-10.397331308103476,EyesOpen,False
sub-546,EyesClosed,posterior,4,-10.264170501371362,19,-10.397331308103476,EyesClosed,True
sub-546,EyesClosed,posterior,5,-10.380452389087399,19,-10.397331308103476,EyesClosed,True
sub-546,EyesOpen,posterior,0,-10.393713499095867,19,-10.397331308103476,EyesClosed,False
sub-546,EyesOpen,posterior,1,-10.400949117111086,19,-10.397331308103476,EyesOpen,True
sub-546,EyesOpen,posterior,2,-10.23634916870895,19,-10.397331308103476,EyesClosed,False
sub-546,EyesOpen,posterior,3,-10.527259241791235,19,-10.397331308103476,EyesOpen,True
sub-546,EyesOpen,posterior,4,-10.320215011793984,19,-10.397331308103476,EyesClosed,False
sub-546,EyesOpen,posterior,5,-10.257893630234198,19,-10.397331308103476,EyesClosed,False
sub-547,EyesClosed,posterior,0,-9.089712541012188,19,-9.364283044771888,EyesClosed,True
sub-547,EyesClosed,posterior,1,-8.945932720685617,19,-9.364283044771888,EyesClosed,True
sub-547,EyesClosed,posterior,2,-9.127546010263735,19,-9.364283044771888,EyesClosed,True
sub-547,EyesClosed,posterior,3,-8.949543348576798,19,-9.364283044771888,EyesClosed,True
sub-547,EyesClosed,posterior,4,-9.033453723949396,19,-9.364283044771888,EyesClosed,True
sub-547,EyesClosed,posterior,5,-9.045500711358805,19,-9.364283044771888,EyesClosed,True
sub-547,EyesOpen,posterior,0,-9.976095867434907,19,-9.364283044771888,EyesOpen,True
sub-547,EyesOpen,posterior,1,-9.769004862086584,19,-9.364283044771888,EyesOpen,True
sub-547,EyesOpen,posterior,2,-9.815995098099659,19,-9.364283044771888,EyesOpen,True
sub-547,EyesOpen,posterior,3,-9.84050710133693,19,-9.364283044771888,EyesOpen,True
sub-547,EyesOpen,posterior,4,-9.601020079280042,19,-9.364283044771888,EyesOpen,True
sub-547,EyesOpen,posterior,5,-9.612126830169876,19,-9.364283044771888,EyesOpen,True
sub-548,EyesClosed,posterior,0,-9.738841522452407,19,-10.041565001608511,EyesClosed,True
sub-548,EyesClosed,posterior,1,-9.477478924899646,19,-10.041565001608511,EyesClosed,True
sub-548,EyesClosed,posterior,2,-9.345768525900564,19,-10.041565001608511,EyesClosed,True
sub-548,EyesClosed,posterior,3,-9.346102839195092,19,-10.041565001608511,EyesClosed,True
sub-548,EyesClosed,posterior,4,-9.336756645086778,19,-10.041565001608511,EyesClosed,True
sub-548,EyesClosed,posterior,5,-9.239318555483164,19,-10.041565001608511,EyesClosed,True
sub-548,EyesOpen,posterior,0,-10.579880249508294,19,-10.041565001608511,EyesOpen,True
sub-548,EyesOpen,posterior,1,-10.52806300899075,19,-10.041565001608511,EyesOpen,True
sub-548,EyesOpen,posterior,2,-10.344288480764616,19,-10.041565001608511,EyesOpen,True
sub-548,EyesOpen,posterior,3,-10.481935202898018,19,-10.041565001608511,EyesOpen,True
sub-548,EyesOpen,posterior,4,-10.477712050134699,19,-10.041565001608511,EyesOpen,True
sub-548,EyesOpen,posterior,5,-10.396679370511503,19,-10.041565001608511,EyesOpen,True
sub-549,EyesClosed,posterior,0,-10.127733228327346,19,-10.195952457663786,EyesClosed,True
sub-549,EyesClosed,posterior,1,-10.0974094455633,19,-10.195952457663786,EyesClosed,True
sub-549,EyesClosed,posterior,2,-10.077955249250033,19,-10.195952457663786,EyesClosed,True
sub-549,EyesClosed,posterior,3,-10.099387679657584,19,-10.195952457663786,EyesClosed,True
sub-549,EyesClosed,posterior,4,-9.97869829955018,19,-10.195952457663786,EyesClosed,True
sub-549,EyesClosed,posterior,5,-10.138675044192123,19,-10.195952457663786,EyesClosed,True
sub-549,EyesOpen,posterior,0,-10.516393123451262,19,-10.195952457663786,EyesOpen,True
sub-549,EyesOpen,posterior,1,-10.309276309378962,19,-10.195952457663786,EyesOpen,True
sub-549,EyesOpen,posterior,2,-10.337186032414303,19,-10.195952457663786,EyesOpen,True
sub-549,EyesOpen,posterior,3,-10.330768431830736,19,-10.195952457663786,EyesOpen,True
sub-549,EyesOpen,posterior,4,-10.51888614547176,19,-10.195952457663786,EyesOpen,True
sub-549,EyesOpen,posterior,5,-10.25322987113545,19,-10.195952457663786,EyesOpen,True
sub-550,EyesClosed,posterior,0,-10.169024232565496,19,-10.366289353694873,EyesClosed,True
sub-550,EyesClosed,posterior,1,-9.940031031615597,19,-10.366289353694873,EyesClosed,True
sub-550,EyesClosed,posterior,2,-9.827958917669957,19,-10.366289353694873,EyesClosed,True
sub-550,EyesClosed,posterior,3,-9.56305964119429,19,-10.366289353694873,EyesClosed,True
sub-550,EyesClosed,posterior,4,-10.246508155422713,19,-10.366289353694873,EyesClosed,True
sub-550,EyesClosed,posterior,5,-9.872172651190759,19,-10.366289353694873,EyesClosed,True
sub-550,EyesOpen,posterior,0,-10.669469811833684,19,-10.366289353694873,EyesOpen,True
sub-550,EyesOpen,posterior,1,-10.508351890786708,19,-10.366289353694873,EyesOpen,True
sub-550,EyesOpen,posterior,2,-10.567252721360443,19,-10.366289353694873,EyesOpen,True
sub-550,EyesOpen,posterior,3,-10.64146336292288,19,-10.366289353694873,EyesOpen,True
sub-550,EyesOpen,posterior,4,-10.486070551967032,19,-10.366289353694873,EyesOpen,True
sub-550,EyesOpen,posterior,5,-10.586059477137402,19,-10.366289353694873,EyesOpen,True
sub-551,EyesClosed,posterior,0,-9.254612321267292,19,-9.036342802459693,EyesOpen,False
sub-551,EyesClosed,posterior,1,-8.996408627486508,19,-9.036342802459693,EyesClosed,True
sub-551,EyesClosed,posterior,2,-9.094513207060066,19,-9.036342802459693,EyesOpen,False
sub-551,EyesClosed,posterior,3,-9.091523168770339,19,-9.036342802459693,EyesOpen,False
sub-551,EyesClosed,posterior,4,-8.761443835181952,19,-9.036342802459693,EyesClosed,True
sub-551,EyesClosed,posterior,5,-9.07095033047782,19,-9.036342802459693,EyesOpen,False
sub-551,EyesOpen,posterior,0,-9.009614219832777,19,-9.036342802459693,EyesClosed,False
sub-551,EyesOpen,posterior,1,-9.118813002346645,19,-9.036342802459693,EyesOpen,True
sub-551,EyesOpen,posterior,2,-8.821014739077322,19,-9.036342802459693,EyesClosed,False
sub-551,EyesOpen,posterior,3,-8.93226934371001,19,-9.036342802459693,EyesClosed,False
sub-551,EyesOpen,posterior,4,-9.063071385086607,19,-9.036342802459693,EyesOpen,True
sub-551,EyesOpen,posterior,5,-8.989153868836626,19,-9.036342802459693,EyesClosed,False
sub-552,EyesClosed,posterior,0,-10.123956206120344,19,-10.374222721909451,EyesClosed,True
sub-552,EyesClosed,posterior,1,-9.914442930461659,19,-10.374222721909451,EyesClosed,True
sub-552,EyesClosed,posterior,2,-9.880742024260076,19,-10.374222721909451,EyesClosed,True
sub-552,EyesClosed,posterior,3,-9.560864384273556,19,-10.374222721909451,EyesClosed,True
sub-552,EyesClosed,posterior,4,-10.06209806642821,19,-10.374222721909451,EyesClosed,True
sub-552,EyesClosed,posterior,5,-10.405866914460226,19,-10.374222721909451,EyesOpen,False
sub-552,EyesOpen,posterior,0,-10.462739601012787,19,-10.374222721909451,EyesOpen,True
sub-552,EyesOpen,posterior,1,-10.502277198889287,19,-10.374222721909451,EyesOpen,True
sub-552,EyesOpen,posterior,2,-10.640027475651735,19,-10.374222721909451,EyesOpen,True
sub-552,EyesOpen,posterior,3,-10.43826887321002,19,-10.374222721909451,EyesOpen,True
sub-552,EyesOpen,posterior,4,-10.462977947643397,19,-10.374222721909451,EyesOpen,True
sub-552,EyesOpen,posterior,5,-10.342578529358674,19,-10.374222721909451,EyesClosed,False
sub-553,EyesClosed,posterior,0,-10.111534783989386,19,-10.365412235829423,EyesClosed,True
sub-553,EyesClosed,posterior,1,-10.093447938751188,19,-10.365412235829423,EyesClosed,True
sub-553,EyesClosed,posterior,2,-10.160873786726848,19,-10.365412235829423,EyesClosed,True
sub-553,EyesClosed,posterior,3,-10.14225010039626,19,-10.365412235829423,EyesClosed,True
sub-553,EyesClosed,posterior,4,-10.11195617801732,19,-10.365412235829423,EyesClosed,True
sub-553,EyesClosed,posterior,5,-10.197404200378182,19,-10.365412235829423,EyesClosed,True
sub-553,EyesOpen,posterior,0,-10.595609004496222,19,-10.365412235829423,EyesOpen,True
sub-553,EyesOpen,posterior,1,-10.680373567941961,19,-10.365412235829423,EyesOpen,True
sub-553,EyesOpen,posterior,2,-10.58530777041494,19,-10.365412235829423,EyesOpen,True
sub-553,EyesOpen,posterior,3,-10.533420271280663,19,-10.365412235829423,EyesOpen,True
sub-553,EyesOpen,posterior,4,-10.740057616126904,19,-10.365412235829423,EyesOpen,True
sub-553,EyesOpen,posterior,5,-10.666036410581185,19,-10.365412235829423,EyesOpen,True
sub-554,EyesClosed,posterior,0,-8.715360081179288,19,-9.120830328247763,EyesClosed,True
sub-554,EyesClosed,posterior,1,-8.573476393309337,19,-9.120830328247763,EyesClosed,True
sub-554,EyesClosed,posterior,2,-8.568825714658493,19,-9.120830328247763,EyesClosed,True
sub-554,EyesClosed,posterior,3,-8.502124670230181,19,-9.120830328247763,EyesClosed,True
sub-554,EyesClosed,posterior,4,-7.358457157202227,19,-9.120830328247763,EyesClosed,True
sub-554,EyesClosed,posterior,5,-8.534042685675033,19,-9.120830328247763,EyesClosed,True
sub-554,EyesOpen,posterior,0,-9.52630057531624,19,-9.120830328247763,EyesOpen,True
sub-554,EyesOpen,posterior,1,-9.84132407683256,19,-9.120830328247763,EyesOpen,True
sub-554,EyesOpen,posterior,2,-9.769439498186449,19,-9.120830328247763,EyesOpen,True
sub-554,EyesOpen,posterior,3,-9.645182546478221,19,-9.120830328247763,EyesOpen,True
sub-554,EyesOpen,posterior,4,-9.706416746458967,19,-9.120830328247763,EyesOpen,True
sub-554,EyesOpen,posterior,5,-9.589011235849938,19,-9.120830328247763,EyesOpen,True
sub-555,EyesClosed,posterior,0,-9.243182397712419,19,-9.389648410341945,EyesClosed,True
sub-555,EyesClosed,posterior,1,-8.8670106306306,19,-9.389648410341945,EyesClosed,True
sub-555,EyesClosed,posterior,2,-9.022357482497231,19,-9.389648410341945,EyesClosed,True
sub-555,EyesClosed,posterior,3,-8.946251891768961,19,-9.389648410341945,EyesClosed,True
sub-555,EyesClosed,posterior,4,-8.888097388486104,19,-9.389648410341945,EyesClosed,True
sub-555,EyesClosed,posterior,5,-9.05130585942113,19,-9.389648410341945,EyesClosed,True
sub-555,EyesOpen,posterior,0,-9.926597081375846,19,-9.389648410341945,EyesOpen,True
sub-555,EyesOpen,posterior,1,-9.70948830736214,19,-9.389648410341945,EyesOpen,True
sub-555,EyesOpen,posterior,2,-9.790955466815719,19,-9.389648410341945,EyesOpen,True
sub-555,EyesOpen,posterior,3,-9.790380742423213,19,-9.389648410341945,EyesOpen,True
sub-555,EyesOpen,posterior,4,-9.53611442297147,19,-9.389648410341945,EyesOpen,True
sub-555,EyesOpen,posterior,5,-9.788038534924551,19,-9.389648410341945,EyesOpen,True
sub-556,EyesClosed,posterior,0,-9.164966730599401,19,-9.164966730599401,EyesOpen,False
sub-556,EyesClosed,posterior,1,-9.122993999523565,19,-9.164966730599401,EyesClosed,True
sub-556,EyesClosed,posterior,2,-9.161395202596195,19,-9.164966730599401,EyesClosed,True
sub-556,EyesClosed,posterior,3,-9.129473346036184,19,-9.164966730599401,EyesClosed,True
sub-556,EyesClosed,posterior,4,-9.116985336989838,19,-9.164966730599401,EyesClosed,True
sub-556,EyesClosed,posterior,5,-9.161080205606169,19,-9.164966730599401,EyesClosed,True
sub-556,EyesClosed,posterior,6,-9.095953789485863,19,-9.164966730599401,EyesClosed,True
sub-556,EyesClosed,posterior,7,-9.124404504890204,19,-9.164966730599401,EyesClosed,True
sub-556,EyesClosed,posterior,8,-9.22137242787119,19,-9.164966730599401,EyesOpen,False
sub-556,EyesOpen,posterior,0,-9.671532701491401,19,-9.164966730599401,EyesOpen,True
sub-556,EyesOpen,posterior,1,-9.525987209327026,19,-9.164966730599401,EyesOpen,True
sub-556,EyesOpen,posterior,2,-9.592105952783921,19,-9.164966730599401,EyesOpen,True
sub-556,EyesOpen,posterior,3,-9.541562971819156,19,-9.164966730599401,EyesOpen,True
sub-556,EyesOpen,posterior,4,-9.336677268761873,19,-9.164966730599401,EyesOpen,True
sub-556,EyesOpen,posterior,5,-9.412564795656316,19,-9.164966730599401,EyesOpen,True
sub-557,EyesClosed,posterior,0,-9.446713269441007,19,-9.851985000340559,EyesClosed,True
sub-557,EyesClosed,posterior,1,-9.482802541561297,19,-9.851985000340559,EyesClosed,True
sub-557,EyesClosed,posterior,2,-9.386012403668909,19,-9.851985000340559,EyesClosed,True
sub-557,EyesClosed,posterior,3,-9.569074203365275,19,-9.851985000340559,EyesClosed,True
sub-557,EyesClosed,posterior,4,-9.513869252821893,19,-9.851985000340559,EyesClosed,True
sub-557,EyesClosed,posterior,5,-9.64779885935242,19,-9.851985000340559,EyesClosed,True
sub-557,EyesOpen,posterior,0,-10.25049444244187,19,-9.851985000340559,EyesOpen,True
sub-557,EyesOpen,posterior,1,-10.085972424196658,19,-9.851985000340559,EyesOpen,True
sub-557,EyesOpen,posterior,2,-10.086466472174532,19,-9.851985000340559,EyesOpen,True
sub-557,EyesOpen,posterior,3,-10.221486791230701,19,-9.851985000340559,EyesOpen,True
sub-557,EyesOpen,posterior,4,-10.158796388455967,19,-9.851985000340559,EyesOpen,True
sub-557,EyesOpen,posterior,5,-10.056171141328697,19,-9.851985000340559,EyesOpen,True
sub-558,EyesClosed,posterior,0,-10.045092401587043,19,-9.989217617636246,EyesOpen,False
sub-558,EyesClosed,posterior,1,-9.180682733313226,19,-9.989217617636246,EyesClosed,True
sub-558,EyesClosed,posterior,2,-9.290945667719319,19,-9.989217617636246,EyesClosed,True
sub-558,EyesClosed,posterior,3,-9.806973504632547,19,-9.989217617636246,EyesClosed,True
sub-558,EyesClosed,posterior,4,-9.757997878304948,19,-9.989217617636246,EyesClosed,True
sub-558,EyesClosed,posterior,5,-9.638630361966339,19,-9.989217617636246,EyesClosed,True
sub-558,EyesOpen,posterior,0,-10.12349682547456,19,-9.989217617636246,EyesOpen,True
sub-558,EyesOpen,posterior,1,-9.992452535374694,19,-9.989217617636246,EyesOpen,True
sub-558,EyesOpen,posterior,2,-9.9859826998978,19,-9.989217617636246,EyesClosed,False
sub-558,EyesOpen,posterior,3,-10.013205874655343,19,-9.989217617636246,EyesOpen,True
sub-558,EyesOpen,posterior,4,-10.12208481426113,19,-9.989217617636246,EyesOpen,True
sub-558,EyesOpen,posterior,5,-10.041433639982603,19,-9.989217617636246,EyesOpen,True
sub-559,EyesClosed,posterior,0,-10.131030482425937,19,-10.311905639446596,EyesClosed,True
sub-559,EyesClosed,posterior,1,-10.206627712953578,19,-10.311905639446596,EyesClosed,True
sub-559,EyesClosed,posterior,2,-10.162827060890054,19,-10.311905639446596,EyesClosed,True
sub-559,EyesClosed,posterior,3,-10.271359292306453,19,-10.311905639446596,EyesClosed,True
sub-559,EyesClosed,posterior,4,-10.18511900491295,19,-10.311905639446596,EyesClosed,True
sub-559,EyesClosed,posterior,5,-10.120199668312665,19,-10.311905639446596,EyesClosed,True
sub-559,EyesOpen,posterior,0,-10.416723468348186,19,-10.311905639446596,EyesOpen,True
sub-559,EyesOpen,posterior,1,-10.51668205172327,19,-10.311905639446596,EyesOpen,True
sub-559,EyesOpen,posterior,2,-10.352451986586741,19,-10.311905639446596,EyesOpen,True
sub-559,EyesOpen,posterior,3,-10.417560901498762,19,-10.311905639446596,EyesOpen,True
sub-559,EyesOpen,posterior,4,-10.436356544697801,19,-10.311905639446596,EyesOpen,True
sub-559,EyesOpen,posterior,5,-10.428033777732312,19,-10.311905639446596,EyesOpen,True
sub-560,EyesClosed,posterior,0,-8.895430714612917,19,-9.473353484496695,EyesClosed,True
sub-560,EyesClosed,posterior,1,-8.980773356876655,19,-9.473353484496695,EyesClosed,True
sub-560,EyesClosed,posterior,2,-9.1061477551208,19,-9.473353484496695,EyesClosed,True
sub-560,EyesClosed,posterior,3,-8.965610479559762,19,-9.473353484496695,EyesClosed,True
sub-560,EyesClosed,posterior,4,-9.065916548977734,19,-9.473353484496695,EyesClosed,True
sub-560,EyesClosed,posterior,5,-8.998586017319187,19,-9.473353484496695,EyesClosed,True
sub-560,EyesOpen,posterior,0,-10.16374458064518,19,-9.473353484496695,EyesOpen,True
sub-560,EyesOpen,posterior,1,-10.152960501907803,19,-9.473353484496695,EyesOpen,True
sub-560,EyesOpen,posterior,2,-10.10700665190725,19,-9.473353484496695,EyesOpen,True
sub-560,EyesOpen,posterior,3,-9.972350776943173,19,-9.473353484496695,EyesOpen,True
sub-560,EyesOpen,posterior,4,-9.840559213872591,19,-9.473353484496695,EyesOpen,True
sub-560,EyesOpen,posterior,5,-10.209991184423973,19,-9.473353484496695,EyesOpen,True
sub-561,EyesClosed,posterior,0,-10.356195474585371,19,-10.450095683811579,EyesClosed,True
sub-561,EyesClosed,posterior,1,-10.214670885571874,19,-10.450095683811579,EyesClosed,True
sub-561,EyesClosed,posterior,2,-10.085170178401441,19,-10.450095683811579,EyesClosed,True
sub-561,EyesClosed,posterior,3,-10.24011059806491,19,-10.450095683811579,EyesClosed,True
sub-561,EyesClosed,posterior,4,-10.271606929080908,19,-10.450095683811579,EyesClosed,True
sub-561,EyesClosed,posterior,5,-10.284373166758769,19,-10.450095683811579,EyesClosed,True
sub-561,EyesOpen,posterior,0,-10.670749765645686,19,-10.450095683811579,EyesOpen,True
sub-561,EyesOpen,posterior,1,-10.690271095536474,19,-10.450095683811579,EyesOpen,True
sub-561,EyesOpen,posterior,2,-10.543995893037788,19,-10.450095683811579,EyesOpen,True
sub-561,EyesOpen,posterior,3,-10.6938774165683,19,-10.450095683811579,EyesOpen,True
sub-561,EyesOpen,posterior,4,-10.667246538171122,19,-10.450095683811579,EyesOpen,True
sub-561,EyesOpen,posterior,5,-10.68223741798823,19,-10.450095683811579,EyesOpen,True
sub-562,EyesClosed,posterior,0,-9.81586791994138,19,-10.10421022263897,EyesClosed,True
sub-562,EyesClosed,posterior,1,-9.524164431738129,19,-10.10421022263897,EyesClosed,True
sub-562,EyesClosed,posterior,2,-10.263467995486467,19,-10.10421022263897,EyesOpen,False
sub-562,EyesClosed,posterior,3,-10.605072407387024,19,-10.10421022263897,EyesOpen,False
sub-562,EyesClosed,posterior,4,-10.233994382301177,19,-10.10421022263897,EyesOpen,False
sub-562,EyesClosed,posterior,5,-10.399895308626345,19,-10.10421022263897,EyesOpen,False
sub-562,EyesOpen,posterior,0,-10.22398468168617,19,-10.10421022263897,EyesOpen,True
sub-562,EyesOpen,posterior,1,-10.123236764003689,19,-10.10421022263897,EyesOpen,True
sub-562,EyesOpen,posterior,2,-10.085183681274252,19,-10.10421022263897,EyesClosed,False
sub-562,EyesOpen,posterior,3,-9.692568084284767,19,-10.10421022263897,EyesClosed,False
sub-562,EyesOpen,posterior,4,-9.720032138039068,19,-10.10421022263897,EyesClosed,False
sub-562,EyesOpen,posterior,5,-9.968382042808523,19,-10.10421022263897,EyesClosed,False
sub-563,EyesClosed,posterior,0,-9.014878520625821,19,-9.210894919498784,EyesClosed,True
sub-563,EyesClosed,posterior,1,-8.85773198881627,19,-9.210894919498784,EyesClosed,True
sub-563,EyesClosed,posterior,2,-8.963734955423911,19,-9.210894919498784,EyesClosed,True
sub-563,EyesClosed,posterior,3,-8.941136509702963,19,-9.210894919498784,EyesClosed,True
sub-563,EyesClosed,posterior,4,-8.836576335936924,19,-9.210894919498784,EyesClosed,True
sub-563,EyesClosed,posterior,5,-9.389866640945858,19,-9.210894919498784,EyesOpen,False
sub-563,EyesOpen,posterior,0,-9.851905789765745,19,-9.210894919498784,EyesOpen,True
sub-563,EyesOpen,posterior,1,-9.26036512335323,19,-9.210894919498784,EyesOpen,True
sub-563,EyesOpen,posterior,2,-9.301860537306444,19,-9.210894919498784,EyesOpen,True
sub-563,EyesOpen,posterior,3,-9.189595257774561,19,-9.210894919498784,EyesClosed,False
sub-563,EyesOpen,posterior,4,-9.232194581223006,19,-9.210894919498784,EyesOpen,True
sub-563,EyesOpen,posterior,5,-9.249677062019005,19,-9.210894919498784,EyesOpen,True
sub-564,EyesClosed,posterior,0,-9.593282489870875,19,-10.038685247198583,EyesClosed,True
sub-564,EyesClosed,posterior,1,-9.489057184797476,19,-10.038685247198583,EyesClosed,True
sub-564,EyesClosed,posterior,2,-9.366362062722967,19,-10.038685247198583,EyesClosed,True
sub-564,EyesClosed,posterior,3,-9.783025056762751,19,-10.038685247198583,EyesClosed,True
sub-564,EyesClosed,posterior,4,-9.410714551322553,19,-10.038685247198583,EyesClosed,True
sub-564,EyesClosed,posterior,5,-9.51137282503873,19,-10.038685247198583,EyesClosed,True
sub-564,EyesOpen,posterior,0,-10.653597842006972,19,-10.038685247198583,EyesOpen,True
sub-564,EyesOpen,posterior,1,-10.546521473288477,19,-10.038685247198583,EyesOpen,True
sub-564,EyesOpen,posterior,2,-10.6956246603755,19,-10.038685247198583,EyesOpen,True
sub-564,EyesOpen,posterior,3,-10.48536969444899,19,-10.038685247198583,EyesOpen,True
sub-564,EyesOpen,posterior,4,-10.294345437634416,19,-10.038685247198583,EyesOpen,True
sub-564,EyesOpen,posterior,5,-10.441440416901036,19,-10.038685247198583,EyesOpen,True
sub-565,EyesClosed,posterior,0,-10.208423081746496,19,-10.208423081746496,EyesOpen,False
sub-565,EyesClosed,posterior,1,-9.86985160086449,19,-10.208423081746496,EyesClosed,True
sub-565,EyesClosed,posterior,2,-10.113413867684875,19,-10.208423081746496,EyesClosed,True
sub-565,EyesClosed,posterior,3,-9.874221442075232,19,-10.208423081746496,EyesClosed,True
sub-565,EyesClosed,posterior,4,-10.191555065668904,19,-10.208423081746496,EyesClosed,True
sub-565,EyesClosed,posterior,5,-10.085105756697763,19,-10.208423081746496,EyesClosed,True
sub-565,EyesClosed,posterior,6,-10.187872001042239,19,-10.208423081746496,EyesClosed,True
sub-565,EyesOpen,posterior,0,-10.363186500943433,19,-10.208423081746496,EyesOpen,True
sub-565,EyesOpen,posterior,1,-10.239348807074855,19,-10.208423081746496,EyesOpen,True
sub-565,EyesOpen,posterior,2,-10.239611594947744,19,-10.208423081746496,EyesOpen,True
sub-565,EyesOpen,posterior,3,-10.442079948447367,19,-10.208423081746496,EyesOpen,True
sub-565,EyesOpen,posterior,4,-10.341367823339889,19,-10.208423081746496,EyesOpen,True
sub-565,EyesOpen,posterior,5,-10.45960309050206,19,-10.208423081746496,EyesOpen,True
sub-566,EyesClosed,posterior,0,-9.904069646642016,19,-10.265868829416334,EyesClosed,True
sub-566,EyesClosed,posterior,1,-10.274035015805076,19,-10.265868829416334,EyesOpen,False
sub-566,EyesClosed,posterior,2,-9.972857913100665,19,-10.265868829416334,EyesClosed,True
sub-566,EyesClosed,posterior,3,-10.257702643027592,19,-10.265868829416334,EyesClosed,True
sub-566,EyesClosed,posterior,4,-10.130303010483098,19,-10.265868829416334,EyesClosed,True
sub-566,EyesClosed,posterior,5,-9.915448708666696,19,-10.265868829416334,EyesClosed,True
sub-566,EyesOpen,posterior,0,-10.33551867521024,19,-10.265868829416334,EyesOpen,True
sub-566,EyesOpen,posterior,1,-10.425927639615548,19,-10.265868829416334,EyesOpen,True
sub-566,EyesOpen,posterior,2,-10.310627372565337,19,-10.265868829416334,EyesOpen,True
sub-566,EyesOpen,posterior,3,-10.28944700130076,19,-10.265868829416334,EyesOpen,True
sub-566,EyesOpen,posterior,4,-10.23404931975228,19,-10.265868829416334,EyesClosed,False
sub-566,EyesOpen,posterior,5,-10.37852471771011,19,-10.265868829416334,EyesOpen,True
sub-567,EyesClosed,posterior,0,-9.866674804058281,19,-9.907260789926394,EyesClosed,True
sub-567,EyesClosed,posterior,1,-9.945274828002685,19,-9.907260789926394,EyesOpen,False
sub-567,EyesClosed,posterior,2,-9.869246751850103,19,-9.907260789926394,EyesClosed,True
sub-567,EyesClosed,posterior,3,-9.784079331612917,19,-9.907260789926394,EyesClosed,True
sub-567,EyesClosed,posterior,4,-9.96191500261367,19,-9.907260789926394,EyesOpen,False
sub-567,EyesClosed,posterior,5,-9.818857549607056,19,-9.907260789926394,EyesClosed,True
sub-567,EyesOpen,posterior,0,-9.963359010423321,19,-9.907260789926394,EyesOpen,True
sub-567,EyesOpen,posterior,1,-9.7024310177218,19,-9.907260789926394,EyesClosed,False
sub-567,EyesOpen,posterior,2,-10.04472300650261,19,-9.907260789926394,EyesOpen,True
sub-567,EyesOpen,posterior,3,-10.00882388127094,19,-9.907260789926394,EyesOpen,True
sub-567,EyesOpen,posterior,4,-10.164743381070007,19,-9.907260789926394,EyesOpen,True
sub-567,EyesOpen,posterior,5,-9.722343823079957,19,-9.907260789926394,EyesClosed,False
sub-568,EyesClosed,posterior,0,-10.331115455477761,19,-10.330237422670354,EyesOpen,False
sub-568,EyesClosed,posterior,1,-10.420092409697574,19,-10.330237422670354,EyesOpen,False
sub-568,EyesClosed,posterior,2,-10.223339058465061,19,-10.330237422670354,EyesClosed,True
sub-568,EyesClosed,posterior,3,-10.255197958020817,19,-10.330237422670354,EyesClosed,True
sub-568,EyesClosed,posterior,4,-10.311490958091802,19,-10.330237422670354,EyesClosed,True
sub-568,EyesClosed,posterior,5,-10.212381673679053,19,-10.330237422670354,EyesClosed,True
sub-568,EyesOpen,posterior,0,-10.417226922691235,19,-10.330237422670354,EyesOpen,True
sub-568,EyesOpen,posterior,1,-10.49617063616497,19,-10.330237422670354,EyesOpen,True
sub-568,EyesOpen,posterior,2,-10.32935938986295,19,-10.330237422670354,EyesClosed,False
sub-568,EyesOpen,posterior,3,-10.232988299208174,19,-10.330237422670354,EyesClosed,False
sub-568,EyesOpen,posterior,4,-10.371930123413147,19,-10.330237422670354,EyesOpen,True
sub-568,EyesOpen,posterior,5,-10.402823732750065,19,-10.330237422670354,EyesOpen,True
sub-569,EyesClosed,posterior,0,-9.30650093532366,19,-9.615320819614391,EyesClosed,True
sub-569,EyesClosed,posterior,1,-9.555249376922285,19,-9.615320819614391,EyesClosed,True
sub-569,EyesClosed,posterior,2,-9.487157854037605,19,-9.615320819614391,EyesClosed,True
sub-569,EyesClosed,posterior,3,-9.39053802352225,19,-9.615320819614391,EyesClosed,True
sub-569,EyesClosed,posterior,4,-9.362052504453525,19,-9.615320819614391,EyesClosed,True
sub-569,EyesClosed,posterior,5,-9.537402911574526,19,-9.615320819614391,EyesClosed,True
sub-569,EyesOpen,posterior,0,-9.782371893044775,19,-9.615320819614391,EyesOpen,True
sub-569,EyesOpen,posterior,1,-10.000879233418546,19,-9.615320819614391,EyesOpen,True
sub-569,EyesOpen,posterior,2,-9.876045209475052,19,-9.615320819614391,EyesOpen,True
sub-569,EyesOpen,posterior,3,-9.728159864005995,19,-9.615320819614391,EyesOpen,True
sub-569,EyesOpen,posterior,4,-9.675392262306497,19,-9.615320819614391,EyesOpen,True
sub-569,EyesOpen,posterior,5,-10.14076087567862,19,-9.615320819614391,EyesOpen,True
sub-570,EyesClosed,posterior,0,-10.435207791774026,19,-10.463136422383652,EyesClosed,True
sub-570,EyesClosed,posterior,1,-10.43472087495767,19,-10.463136422383652,EyesClosed,True
sub-570,EyesClosed,posterior,2,-10.588058399934363,19,-10.463136422383652,EyesOpen,False
sub-570,EyesClosed,posterior,3,-10.008468549484574,19,-10.463136422383652,EyesClosed,True
sub-570,EyesClosed,posterior,4,-10.095711329250841,19,-10.463136422383652,EyesClosed,True
sub-570,EyesClosed,posterior,5,-10.339772804100418,19,-10.463136422383652,EyesClosed,True
sub-570,EyesOpen,posterior,0,-10.604315806958597,19,-10.463136422383652,EyesOpen,True
sub-570,EyesOpen,posterior,1,-10.40864358360419,19,-10.463136422383652,EyesClosed,False
sub-570,EyesOpen,posterior,2,-10.49106505299328,19,-10.463136422383652,EyesOpen,True
sub-570,EyesOpen,posterior,3,-10.71308249278616,19,-10.463136422383652,EyesOpen,True
sub-570,EyesOpen,posterior,4,-10.656987672538609,19,-10.463136422383652,EyesOpen,True
sub-570,EyesOpen,posterior,5,-10.680896957660112,19,-10.463136422383652,EyesOpen,True
sub-571,EyesClosed,posterior,0,-10.511617834844035,19,-10.398170361231085,EyesOpen,False
sub-571,EyesClosed,posterior,1,-9.959539543157659,19,-10.398170361231085,EyesClosed,True
sub-571,EyesClosed,posterior,2,-9.956096817952732,19,-10.398170361231085,EyesClosed,True
sub-571,EyesClosed,posterior,3,-10.11401188892694,19,-10.398170361231085,EyesClosed,True
sub-571,EyesClosed,posterior,4,-9.805590257724605,19,-10.398170361231085,EyesClosed,True
sub-571,EyesClosed,posterior,5,-9.784731303713984,19,-10.398170361231085,EyesClosed,True
sub-571,EyesOpen,posterior,0,-10.53872330228814,19,-10.398170361231085,EyesOpen,True
sub-571,EyesOpen,posterior,1,-10.564504236655152,19,-10.398170361231085,EyesOpen,True
sub-571,EyesOpen,posterior,2,-10.478331180450281,19,-10.398170361231085,EyesOpen,True
sub-571,EyesOpen,posterior,3,-10.399025741922815,19,-10.398170361231085,EyesOpen,True
sub-571,EyesOpen,posterior,4,-10.397314980539354,19,-10.398170361231085,EyesClosed,False
sub-571,EyesOpen,posterior,5,-10.521450606593708,19,-10.398170361231085,EyesOpen,True
sub-572,EyesClosed,posterior,0,-8.663877339012586,19,-8.827582824036401,EyesClosed,True
sub-572,EyesClosed,posterior,1,-8.760317738851532,19,-8.827582824036401,EyesClosed,True
sub-572,EyesClosed,posterior,2,-8.625949789164082,19,-8.827582824036401,EyesClosed,True
sub-572,EyesClosed,posterior,3,-8.503500682318275,19,-8.827582824036401,EyesClosed,True
sub-572,EyesClosed,posterior,4,-8.675172027088328,19,-8.827582824036401,EyesClosed,True
sub-572,EyesClosed,posterior,5,-8.45329482518619,19,-8.827582824036401,EyesClosed,True
sub-572,EyesOpen,posterior,0,-9.048536357192454,19,-8.827582824036401,EyesOpen,True
sub-572,EyesOpen,posterior,1,-9.380186806096678,19,-8.827582824036401,EyesOpen,True
sub-572,EyesOpen,posterior,2,-9.252826379956556,19,-8.827582824036401,EyesOpen,True
sub-572,EyesOpen,posterior,3,-9.438275251665479,19,-8.827582824036401,EyesOpen,True
sub-572,EyesOpen,posterior,4,-9.152001575920579,19,-8.827582824036401,EyesOpen,True
sub-572,EyesOpen,posterior,5,-8.89484790922127,19,-8.827582824036401,EyesOpen,True
sub-573,EyesClosed,posterior,0,-9.127227006573445,19,-9.420959089605752,EyesClosed,True
sub-573,EyesClosed,posterior,1,-9.070144636010673,19,-9.420959089605752,EyesClosed,True
sub-573,EyesClosed,posterior,2,-9.089610209282768,19,-9.420959089605752,EyesClosed,True
sub-573,EyesClosed,posterior,3,-9.030814202063029,19,-9.420959089605752,EyesClosed,True
sub-573,EyesClosed,posterior,4,-8.968465504419356,19,-9.420959089605752,EyesClosed,True
sub-573,EyesClosed,posterior,5,-8.947445816640032,19,-9.420959089605752,EyesClosed,True
sub-573,EyesOpen,posterior,0,-10.073141398301425,19,-9.420959089605752,EyesOpen,True
sub-573,EyesOpen,posterior,1,-9.969593225896192,19,-9.420959089605752,EyesOpen,True
sub-573,EyesOpen,posterior,2,-9.942049865953157,19,-9.420959089605752,EyesOpen,True
sub-573,EyesOpen,posterior,3,-10.065721704752775,19,-9.420959089605752,EyesOpen,True
sub-573,EyesOpen,posterior,4,-9.714691172638059,19,-9.420959089605752,EyesOpen,True
sub-573,EyesOpen,posterior,5,-9.965729844982715,19,-9.420959089605752,EyesOpen,True
sub-574,EyesClosed,posterior,0,-9.10721768875486,19,-9.63417756741028,EyesClosed,True
sub-574,EyesClosed,posterior,1,-9.168693896757034,19,-9.63417756741028,EyesClosed,True
sub-574,EyesClosed,posterior,2,-9.101152302902843,19,-9.63417756741028,EyesClosed,True
sub-574,EyesClosed,posterior,3,-9.160917498959954,19,-9.63417756741028,EyesClosed,True
sub-574,EyesClosed,posterior,4,-9.248582429426522,19,-9.63417756741028,EyesClosed,True
sub-574,EyesClosed,posterior,5,-9.283681258240899,19,-9.63417756741028,EyesClosed,True
sub-574,EyesOpen,posterior,0,-10.018374668681217,19,-9.63417756741028,EyesOpen,True
sub-574,EyesOpen,posterior,1,-10.039143294974025,19,-9.63417756741028,EyesOpen,True
sub-574,EyesOpen,posterior,2,-10.020896512495629,19,-9.63417756741028,EyesOpen,True
sub-574,EyesOpen,posterior,3,-9.984673876579663,19,-9.63417756741028,EyesOpen,True
sub-574,EyesOpen,posterior,4,-10.255682024487323,19,-9.63417756741028,EyesOpen,True
sub-574,EyesOpen,posterior,5,-10.202273461686302,19,-9.63417756741028,EyesOpen,True
sub-575,EyesClosed,posterior,0,-10.482562110281224,19,-10.4670141873018,EyesOpen,False
sub-575,EyesClosed,posterior,1,-10.437121594578587,19,-10.4670141873018,EyesClosed,True
sub-575,EyesClosed,posterior,2,-10.412435508061494,19,-10.4670141873018,EyesClosed,True
sub-575,EyesClosed,posterior,3,-10.233757193527968,19,-10.4670141873018,EyesClosed,True
sub-575,EyesClosed,posterior,4,-10.195661885384308,19,-10.4670141873018,EyesClosed,True
sub-575,EyesClosed,posterior,5,-10.156090660421057,19,-10.4670141873018,EyesClosed,True
sub-575,EyesOpen,posterior,0,-10.49326203879144,19,-10.4670141873018,EyesOpen,True
sub-575,EyesOpen,posterior,1,-10.614637219618544,19,-10.4670141873018,EyesOpen,True
sub-575,EyesOpen,posterior,2,-10.482137353648204,19,-10.4670141873018,EyesOpen,True
sub-575,EyesOpen,posterior,3,-10.529809392189717,19,-10.4670141873018,EyesOpen,True
sub-575,EyesOpen,posterior,4,-10.451891020955397,19,-10.4670141873018,EyesClosed,False
sub-575,EyesOpen,posterior,5,-10.586231568701724,19,-10.4670141873018,EyesOpen,True
sub-576,EyesClosed,posterior,0,-9.30530690161166,19,-9.54694968500897,EyesClosed,True
sub-576,EyesClosed,posterior,1,-9.250129458254754,19,-9.54694968500897,EyesClosed,True
sub-576,EyesClosed,posterior,2,-9.388535229002796,19,-9.54694968500897,EyesClosed,True
sub-576,EyesClosed,posterior,3,-9.30142322501985,19,-9.54694968500897,EyesClosed,True
sub-576,EyesClosed,posterior,4,-9.255854734633274,19,-9.54694968500897,EyesClosed,True
sub-576,EyesClosed,posterior,5,-9.46624685280777,19,-9.54694968500897,EyesClosed,True
sub-576,EyesOpen,posterior,0,-10.05492218062715,19,-9.54694968500897,EyesOpen,True
sub-576,EyesOpen,posterior,1,-9.76167836974059,19,-9.54694968500897,EyesOpen,True
sub-576,EyesOpen,posterior,2,-9.627652517210171,19,-9.54694968500897,EyesOpen,True
sub-576,EyesOpen,posterior,3,-9.90545707296407,19,-9.54694968500897,EyesOpen,True
sub-576,EyesOpen,posterior,4,-9.832496482266547,19,-9.54694968500897,EyesOpen,True
sub-576,EyesOpen,posterior,5,-9.75874093361314,19,-9.54694968500897,EyesOpen,True
sub-577,EyesClosed,posterior,0,-9.106844011258367,19,-9.048942264719312,EyesOpen,False
sub-577,EyesClosed,posterior,1,-8.95884043124393,19,-9.048942264719312,EyesClosed,True
sub-577,EyesClosed,posterior,2,-8.991040518180254,19,-9.048942264719312,EyesClosed,True
sub-577,EyesClosed,posterior,3,-8.887845610183849,19,-9.048942264719312,EyesClosed,True
sub-577,EyesClosed,posterior,4,-8.981988348092854,19,-9.048942264719312,EyesClosed,True
sub-577,EyesClosed,posterior,5,-8.911203889532556,19,-9.048942264719312,EyesClosed,True
sub-577,EyesOpen,posterior,0,-10.061548939377463,19,-9.048942264719312,EyesOpen,True
sub-577,EyesOpen,posterior,1,-10.147174471799794,19,-9.048942264719312,EyesOpen,True
sub-577,EyesOpen,posterior,2,-6.0515473355735825,19,-9.048942264719312,EyesClosed,False
sub-577,EyesOpen,posterior,3,-10.16592530013741,19,-9.048942264719312,EyesOpen,True
sub-577,EyesOpen,posterior,4,-10.314915699018616,19,-9.048942264719312,EyesOpen,True
sub-577,EyesOpen,posterior,5,-9.802676271590942,19,-9.048942264719312,EyesOpen,True
sub-578,EyesClosed,posterior,0,-9.056429987227286,19,-9.665564214483798,EyesClosed,True
sub-578,EyesClosed,posterior,1,-8.985470874426786,19,-9.665564214483798,EyesClosed,True
sub-578,EyesClosed,posterior,2,-9.144140801087884,19,-9.665564214483798,EyesClosed,True
sub-578,EyesClosed,posterior,3,-8.907126856689196,19,-9.665564214483798,EyesClosed,True
sub-578,EyesClosed,posterior,4,-8.93691760433165,19,-9.665564214483798,EyesClosed,True
sub-578,EyesClosed,posterior,5,-8.956595175150497,19,-9.665564214483798,EyesClosed,True
sub-578,EyesOpen,posterior,0,-10.241636486617121,19,-9.665564214483798,EyesOpen,True
sub-578,EyesOpen,posterior,1,-10.273536458660425,19,-9.665564214483798,EyesOpen,True
sub-578,EyesOpen,posterior,2,-10.203501646186774,19,-9.665564214483798,EyesOpen,True
sub-578,EyesOpen,posterior,3,-10.18698762787971,19,-9.665564214483798,EyesOpen,True
sub-578,EyesOpen,posterior,4,-10.289318946114753,19,-9.665564214483798,EyesOpen,True
sub-578,EyesOpen,posterior,5,-10.351450686295022,19,-9.665564214483798,EyesOpen,True
sub-579,EyesClosed,posterior,0,-9.023586518358051,19,-9.519700392757365,EyesClosed,True
sub-579,EyesClosed,posterior,1,-9.105380345772184,19,-9.519700392757365,EyesClosed,True
sub-579,EyesClosed,posterior,2,-9.170445626934951,19,-9.519700392757365,EyesClosed,True
sub-579,EyesClosed,posterior,3,-9.395372838401187,19,-9.519700392757365,EyesClosed,True
sub-579,EyesClosed,posterior,4,-9.12871336335923,19,-9.519700392757365,EyesClosed,True
sub-579,EyesClosed,posterior,5,-9.284762634260664,19,-9.519700392757365,EyesClosed,True
sub-579,EyesOpen,posterior,0,-9.963758571375331,19,-9.519700392757365,EyesOpen,True
sub-579,EyesOpen,posterior,1,-9.731426441791717,19,-9.519700392757365,EyesOpen,True
sub-579,EyesOpen,posterior,2,-9.64402794711354,19,-9.519700392757365,EyesOpen,True
sub-579,EyesOpen,posterior,3,-10.039773474488229,19,-9.519700392757365,EyesOpen,True
sub-579,EyesOpen,posterior,4,-9.956529512491391,19,-9.519700392757365,EyesOpen,True
sub-579,EyesOpen,posterior,5,-9.671682066791714,19,-9.519700392757365,EyesOpen,True
sub-580,EyesClosed,posterior,0,-9.28523816668438,19,-9.837361296137278,EyesClosed,True
sub-580,EyesClosed,posterior,1,-9.414025818207334,19,-9.837361296137278,EyesClosed,True
sub-580,EyesClosed,posterior,2,-9.54291750177175,19,-9.837361296137278,EyesClosed,True
sub-580,EyesClosed,posterior,3,-9.409893179569757,19,-9.837361296137278,EyesClosed,True
sub-580,EyesClosed,posterior,4,-9.30050731565545,19,-9.837361296137278,EyesClosed,True
sub-580,EyesClosed,posterior,5,-9.626328988891595,19,-9.837361296137278,EyesClosed,True
sub-580,EyesOpen,posterior,0,-10.164855196335653,19,-9.837361296137278,EyesOpen,True
sub-580,EyesOpen,posterior,1,-10.048393603382959,19,-9.837361296137278,EyesOpen,True
sub-580,EyesOpen,posterior,2,-10.05632354936923,19,-9.837361296137278,EyesOpen,True
sub-580,EyesOpen,posterior,3,-10.06645000266956,19,-9.837361296137278,EyesOpen,True
sub-580,EyesOpen,posterior,4,-10.09517965627731,19,-9.837361296137278,EyesOpen,True
sub-580,EyesOpen,posterior,5,-10.089747105942767,19,-9.837361296137278,EyesOpen,True
sub-581,EyesClosed,posterior,0,-9.793270456360943,19,-9.912620352022689,EyesClosed,True
sub-581,EyesClosed,posterior,1,-9.720652384266488,19,-9.912620352022689,EyesClosed,True
sub-581,EyesClosed,posterior,2,-9.816896488310112,19,-9.912620352022689,EyesClosed,True
sub-581,EyesClosed,posterior,3,-9.852005833655756,19,-9.912620352022689,EyesClosed,True
sub-581,EyesClosed,posterior,4,-9.932359811680575,19,-9.912620352022689,EyesOpen,False
sub-581,EyesClosed,posterior,5,-9.76499874267132,19,-9.912620352022689,EyesClosed,True
sub-581,EyesClosed,posterior,6,-9.8928808923648,19,-9.912620352022689,EyesClosed,True
sub-581,EyesClosed,posterior,7,-9.726979236512946,19,-9.912620352022689,EyesClosed,True
sub-581,EyesOpen,posterior,0,-10.536031044672047,19,-9.912620352022689,EyesOpen,True
sub-581,EyesOpen,posterior,1,-10.513505005196473,19,-9.912620352022689,EyesOpen,True
sub-581,EyesOpen,posterior,2,-10.405418368269878,19,-9.912620352022689,EyesOpen,True
sub-581,EyesOpen,posterior,3,-10.602333073460043,19,-9.912620352022689,EyesOpen,True
sub-581,EyesOpen,posterior,4,-10.519185157460665,19,-9.912620352022689,EyesOpen,True
sub-581,EyesOpen,posterior,5,-10.612942850160563,19,-9.912620352022689,EyesOpen,True
sub-582,EyesClosed,posterior,0,-10.529847770271271,19,-10.573734105901334,EyesClosed,True
sub-582,EyesClosed,posterior,1,-10.38982794626849,19,-10.573734105901334,EyesClosed,True
sub-582,EyesClosed,posterior,2,-10.344129774756825,19,-10.573734105901334,EyesClosed,True
sub-582,EyesClosed,posterior,3,-10.38377392550312,19,-10.573734105901334,EyesClosed,True
sub-582,EyesClosed,posterior,4,-10.598221439020419,19,-10.573734105901334,EyesOpen,False
sub-582,EyesClosed,posterior,5,-10.504119745831199,19,-10.573734105901334,EyesClosed,True
sub-582,EyesOpen,posterior,0,-10.573925826346995,19,-10.573734105901334,EyesOpen,True
sub-582,EyesOpen,posterior,1,-10.68906101871833,19,-10.573734105901334,EyesOpen,True
sub-582,EyesOpen,posterior,2,-10.65758789799711,19,-10.573734105901334,EyesOpen,True
sub-582,EyesOpen,posterior,3,-10.70887420959176,19,-10.573734105901334,EyesOpen,True
sub-582,EyesOpen,posterior,4,-10.674592631913743,19,-10.573734105901334,EyesOpen,True
sub-582,EyesOpen,posterior,5,-10.57354238545567,19,-10.573734105901334,EyesClosed,False
sub-583,EyesClosed,posterior,0,-9.15937482878005,19,-9.496920661350966,EyesClosed,True
sub-583,EyesClosed,posterior,1,-9.00793552949217,19,-9.496920661350966,EyesClosed,True
sub-583,EyesClosed,posterior,2,-9.151518561527906,19,-9.496920661350966,EyesClosed,True
sub-583,EyesClosed,posterior,3,-9.072255735749776,19,-9.496920661350966,EyesClosed,True
sub-583,EyesClosed,posterior,4,-9.24094888486864,19,-9.496920661350966,EyesClosed,True
sub-583,EyesClosed,posterior,5,-9.113696850568333,19,-9.496920661350966,EyesClosed,True
sub-583,EyesOpen,posterior,0,-9.75289243783329,19,-9.496920661350966,EyesOpen,True
sub-583,EyesOpen,posterior,1,-9.79239786854854,19,-9.496920661350966,EyesOpen,True
sub-583,EyesOpen,posterior,2,-10.156748874832223,19,-9.496920661350966,EyesOpen,True
sub-583,EyesOpen,posterior,3,-10.114006189179474,19,-9.496920661350966,EyesOpen,True
sub-583,EyesOpen,posterior,4,-9.861585449246741,19,-9.496920661350966,EyesOpen,True
sub-583,EyesOpen,posterior,5,-9.82034165116787,19,-9.496920661350966,EyesOpen,True
sub-584,EyesClosed,posterior,0,-10.273216077799027,19,-10.316623493298772,EyesClosed,True
sub-584,EyesClosed,posterior,1,-10.295150425051906,19,-10.316623493298772,EyesClosed,True
sub-584,EyesClosed,posterior,2,-10.220282246098009,19,-10.316623493298772,EyesClosed,True
sub-584,EyesClosed,posterior,3,-10.372355891396989,19,-10.316623493298772,EyesOpen,False
sub-584,EyesClosed,posterior,4,-10.47319621441693,19,-10.316623493298772,EyesOpen,False
sub-584,EyesClosed,posterior,5,-10.258324605863889,19,-10.316623493298772,EyesClosed,True
sub-584,EyesOpen,posterior,0,-10.341465108082906,19,-10.316623493298772,EyesOpen,True
sub-584,EyesOpen,posterior,1,-10.205433713070168,19,-10.316623493298772,EyesClosed,False
sub-584,EyesOpen,posterior,2,-10.375427397498468,19,-10.316623493298772,EyesOpen,True
sub-584,EyesOpen,posterior,3,-10.273965706618664,19,-10.316623493298772,EyesClosed,False
sub-584,EyesOpen,posterior,4,-10.579303942741955,19,-10.316623493298772,EyesOpen,True
sub-584,EyesOpen,posterior,5,-10.338096561545639,19,-10.316623493298772,EyesOpen,True
sub-585,EyesClosed,posterior,0,-9.50877719143748,19,-10.155305508058422,EyesClosed,True
sub-585,EyesClosed,posterior,1,-9.574087807338252,19,-10.155305508058422,EyesClosed,True
sub-585,EyesClosed,posterior,2,-9.581866960403662,19,-10.155305508058422,EyesClosed,True
sub-585,EyesClosed,posterior,3,-9.814444331756308,19,-10.155305508058422,EyesClosed,True
sub-585,EyesClosed,posterior,4,-10.014794566731943,19,-10.155305508058422,EyesClosed,True
sub-585,EyesClosed,posterior,5,-10.065299450106723,19,-10.155305508058422,EyesClosed,True
sub-585,EyesOpen,posterior,0,-10.595828098088305,19,-10.155305508058422,EyesOpen,True
sub-585,EyesOpen,posterior,1,-10.529015457543421,19,-10.155305508058422,EyesOpen,True
sub-585,EyesOpen,posterior,2,-10.497944382475437,19,-10.155305508058422,EyesOpen,True
sub-585,EyesOpen,posterior,3,-10.245311566010123,19,-10.155305508058422,EyesOpen,True
sub-585,EyesOpen,posterior,4,-10.451913389760138,19,-10.155305508058422,EyesOpen,True
sub-585,EyesOpen,posterior,5,-10.402014886695971,19,-10.155305508058422,EyesOpen,True
sub-586,EyesClosed,posterior,0,-9.181833135891273,19,-9.817398384731625,EyesClosed,True
sub-586,EyesClosed,posterior,1,-9.406972795297033,19,-9.817398384731625,EyesClosed,True
sub-586,EyesClosed,posterior,2,-9.407826558891278,19,-9.817398384731625,EyesClosed,True
sub-586,EyesClosed,posterior,3,-9.353105842470656,19,-9.817398384731625,EyesClosed,True
sub-586,EyesClosed,posterior,4,-9.33854157870226,19,-9.817398384731625,EyesClosed,True
sub-586,EyesClosed,posterior,5,-9.389732312342508,19,-9.817398384731625,EyesClosed,True
sub-586,EyesOpen,posterior,0,-10.229349696488681,19,-9.817398384731625,EyesOpen,True
sub-586,EyesOpen,posterior,1,-10.243033883162013,19,-9.817398384731625,EyesOpen,True
sub-586,EyesOpen,posterior,2,-10.338564338113502,19,-9.817398384731625,EyesOpen,True
sub-586,EyesOpen,posterior,3,-10.308929903702822,19,-9.817398384731625,EyesOpen,True
sub-586,EyesOpen,posterior,4,-10.297054117866782,19,-9.817398384731625,EyesOpen,True
sub-586,EyesOpen,posterior,5,-10.226970210571974,19,-9.817398384731625,EyesOpen,True
sub-587,EyesClosed,posterior,0,-10.157646120126815,19,-10.167195114750168,EyesClosed,True
sub-587,EyesClosed,posterior,1,-10.088087638882143,19,-10.167195114750168,EyesClosed,True
sub-587,EyesClosed,posterior,2,-10.268025502452362,19,-10.167195114750168,EyesOpen,False
sub-587,EyesClosed,posterior,3,-9.998062009396065,19,-10.167195114750168,EyesClosed,True
sub-587,EyesClosed,posterior,4,-9.807317358205388,19,-10.167195114750168,EyesClosed,True
sub-587,EyesClosed,posterior,5,-10.200575019860382,19,-10.167195114750168,EyesOpen,False
sub-587,EyesOpen,posterior,0,-10.221917069066498,19,-10.167195114750168,EyesOpen,True
sub-587,EyesOpen,posterior,1,-10.118809793995858,19,-10.167195114750168,EyesClosed,False
sub-587,EyesOpen,posterior,2,-10.17674410937352,19,-10.167195114750168,EyesOpen,True
sub-587,EyesOpen,posterior,3,-10.187818067428042,19,-10.167195114750168,EyesOpen,True
sub-587,EyesOpen,posterior,4,-10.127154213884488,19,-10.167195114750168,EyesClosed,False
sub-587,EyesOpen,posterior,5,-10.205998883939833,19,-10.167195114750168,EyesOpen,True
sub-588,EyesClosed,posterior,0,-9.083596284898372,19,-9.508547014494587,EyesClosed,True
sub-588,EyesClosed,posterior,1,-9.062701118585807,19,-9.508547014494587,EyesClosed,True
sub-588,EyesClosed,posterior,2,-9.074360593000547,19,-9.508547014494587,EyesClosed,True
sub-588,EyesClosed,posterior,3,-9.131890302510037,19,-9.508547014494587,EyesClosed,True
sub-588,EyesClosed,posterior,4,-9.066482621090474,19,-9.508547014494587,EyesClosed,True
sub-588,EyesClosed,posterior,5,-9.079260894471288,19,-9.508547014494587,EyesClosed,True
sub-588,EyesOpen,posterior,0,-10.12471848160717,19,-9.508547014494587,EyesOpen,True
sub-588,EyesOpen,posterior,1,-9.953596487076329,19,-9.508547014494587,EyesOpen,True
sub-588,EyesOpen,posterior,2,-9.885203726479137,19,-9.508547014494587,EyesOpen,True
sub-588,EyesOpen,posterior,3,-9.995167966996464,19,-9.508547014494587,EyesOpen,True
sub-588,EyesOpen,posterior,4,-10.092595413164329,19,-9.508547014494587,EyesOpen,True
sub-588,EyesOpen,posterior,5,-10.023046719297259,19,-9.508547014494587,EyesOpen,True
sub-589,EyesClosed,posterior,0,-9.197574789034274,19,-9.680925018720313,EyesClosed,True
sub-589,EyesClosed,posterior,1,-9.271218247742652,19,-9.680925018720313,EyesClosed,True
sub-589,EyesClosed,posterior,2,-9.350134893362531,19,-9.680925018720313,EyesClosed,True
sub-589,EyesClosed,posterior,3,-9.285295790496761,19,-9.680925018720313,EyesClosed,True
sub-589,EyesClosed,posterior,4,-9.298060527643926,19,-9.680925018720313,EyesClosed,True
sub-589,EyesClosed,posterior,5,-9.270051611213267,19,-9.680925018720313,EyesClosed,True
sub-589,EyesOpen,posterior,0,-10.199178405674528,19,-9.680925018720313,EyesOpen,True
sub-589,EyesOpen,posterior,1,-10.354557087394006,19,-9.680925018720313,EyesOpen,True
sub-589,EyesOpen,posterior,2,-10.011715144078094,19,-9.680925018720313,EyesOpen,True
sub-589,EyesOpen,posterior,3,-10.401239996605122,19,-9.680925018720313,EyesOpen,True
sub-589,EyesOpen,posterior,4,-10.27486754643234,19,-9.680925018720313,EyesOpen,True
sub-589,EyesOpen,posterior,5,-10.141929632548331,19,-9.680925018720313,EyesOpen,True
sub-590,EyesClosed,posterior,0,-9.079869445740163,19,-9.564512566397648,EyesClosed,True
sub-590,EyesClosed,posterior,1,-9.116265110426776,19,-9.564512566397648,EyesClosed,True
sub-590,EyesClosed,posterior,2,-9.115528532932936,19,-9.564512566397648,EyesClosed,True
sub-590,EyesClosed,posterior,3,-9.057728884678808,19,-9.564512566397648,EyesClosed,True
sub-590,EyesClosed,posterior,4,-9.131300563755888,19,-9.564512566397648,EyesClosed,True
sub-590,EyesClosed,posterior,5,-9.150671463205889,19,-9.564512566397648,EyesClosed,True
sub-590,EyesOpen,posterior,0,-10.01472914786812,19,-9.564512566397648,EyesOpen,True
sub-590,EyesOpen,posterior,1,-10.200311930284437,19,-9.564512566397648,EyesOpen,True
sub-590,EyesOpen,posterior,2,-10.376794018847752,19,-9.564512566397648,EyesOpen,True
sub-590,EyesOpen,posterior,3,-10.13509611947191,19,-9.564512566397648,EyesOpen,True
sub-590,EyesOpen,posterior,4,-10.048541686917531,19,-9.564512566397648,EyesOpen,True
sub-590,EyesOpen,posterior,5,-9.978353669589406,19,-9.564512566397648,EyesOpen,True
sub-591,EyesClosed,posterior,0,-10.638654567475635,19,-10.633044494930356,EyesOpen,False
sub-591,EyesClosed,posterior,1,-10.605389792043427,19,-10.633044494930356,EyesClosed,True
sub-591,EyesClosed,posterior,2,-10.550958228915968,19,-10.633044494930356,EyesClosed,True
sub-591,EyesClosed,posterior,3,-10.480896983992153,19,-10.633044494930356,EyesClosed,True
sub-591,EyesClosed,posterior,4,-10.472858262124513,19,-10.633044494930356,EyesClosed,True
sub-591,EyesClosed,posterior,5,-10.5297342670405,19,-10.633044494930356,EyesClosed,True
sub-591,EyesOpen,posterior,0,-10.728290547038934,19,-10.633044494930356,EyesOpen,True
sub-591,EyesOpen,posterior,1,-10.649795895483017,19,-10.633044494930356,EyesOpen,True
sub-591,EyesOpen,posterior,2,-10.650155253874582,19,-10.633044494930356,EyesOpen,True
sub-591,EyesOpen,posterior,3,-10.699285671698252,19,-10.633044494930356,EyesOpen,True
sub-591,EyesOpen,posterior,4,-10.627434422385075,19,-10.633044494930356,EyesClosed,False
sub-591,EyesOpen,posterior,5,-10.718875187653111,19,-10.633044494930356,EyesOpen,True
sub-592,EyesClosed,posterior,0,-9.704107007617083,19,-10.248100194275166,EyesClosed,True
sub-592,EyesClosed,posterior,1,-9.708018990909812,19,-10.248100194275166,EyesClosed,True
sub-592,EyesClosed,posterior,2,-9.627662259260262,19,-10.248100194275166,EyesClosed,True
sub-592,EyesClosed,posterior,3,-9.798122185618253,19,-10.248100194275166,EyesClosed,True
sub-592,EyesClosed,posterior,4,-10.216897879040435,19,-10.248100194275166,EyesClosed,True
sub-592,EyesClosed,posterior,5,-9.850286742547102,19,-10.248100194275166,EyesClosed,True
sub-592,EyesOpen,posterior,0,-10.319165427573557,19,-10.248100194275166,EyesOpen,True
sub-592,EyesOpen,posterior,1,-10.415360758852923,19,-10.248100194275166,EyesOpen,True
sub-592,EyesOpen,posterior,2,-10.4442739227003,19,-10.248100194275166,EyesOpen,True
sub-592,EyesOpen,posterior,3,-10.355643009411281,19,-10.248100194275166,EyesOpen,True
sub-592,EyesOpen,posterior,4,-10.30996518485988,19,-10.248100194275166,EyesOpen,True
sub-592,EyesOpen,posterior,5,-10.279302509509897,19,-10.248100194275166,EyesOpen,True
sub-593,EyesClosed,posterior,0,-9.522275843287787,19,-9.702887943866287,EyesClosed,True
sub-593,EyesClosed,posterior,1,-9.211229315024037,19,-9.702887943866287,EyesClosed,True
sub-593,EyesClosed,posterior,2,-9.45002965841519,19,-9.702887943866287,EyesClosed,True
sub-593,EyesClosed,posterior,3,-9.257500062672179,19,-9.702887943866287,EyesClosed,True
sub-593,EyesClosed,posterior,4,-9.222926336948783,19,-9.702887943866287,EyesClosed,True
sub-593,EyesClosed,posterior,5,-9.342908427410567,19,-9.702887943866287,EyesClosed,True
sub-593,EyesOpen,posterior,0,-9.903841183291307,19,-9.702887943866287,EyesOpen,True
sub-593,EyesOpen,posterior,1,-9.976420413616008,19,-9.702887943866287,EyesOpen,True
sub-593,EyesOpen,posterior,2,-9.98549266537339,19,-9.702887943866287,EyesOpen,True
sub-593,EyesOpen,posterior,3,-10.243601678597978,19,-9.702887943866287,EyesOpen,True
sub-593,EyesOpen,posterior,4,-9.883500044444785,19,-9.702887943866287,EyesOpen,True
sub-593,EyesOpen,posterior,5,-10.108160377182054,19,-9.702887943866287,EyesOpen,True
sub-594,EyesClosed,posterior,0,-8.81333904539553,19,-9.171836150394661,EyesClosed,True
sub-594,EyesClosed,posterior,1,-8.91604117341512,19,-9.171836150394661,EyesClosed,True
sub-594,EyesClosed,posterior,2,-8.745760004217344,19,-9.171836150394661,EyesClosed,True
sub-594,EyesClosed,posterior,3,-8.703125207780227,19,-9.171836150394661,EyesClosed,True
sub-594,EyesClosed,posterior,4,-8.864253774019975,19,-9.171836150394661,EyesClosed,True
sub-594,EyesClosed,posterior,5,-8.816887354275122,19,-9.171836150394661,EyesClosed,True
sub-594,EyesOpen,posterior,0,-9.990787407371505,19,-9.171836150394661,EyesOpen,True
sub-594,EyesOpen,posterior,1,-9.981997122108845,19,-9.171836150394661,EyesOpen,True
sub-594,EyesOpen,posterior,2,-9.4276311273742,19,-9.171836150394661,EyesOpen,True
sub-594,EyesOpen,posterior,3,-9.490034161901198,19,-9.171836150394661,EyesOpen,True
sub-594,EyesOpen,posterior,4,-9.994899115368254,19,-9.171836150394661,EyesOpen,True
sub-594,EyesOpen,posterior,5,-9.748092035136255,19,-9.171836150394661,EyesOpen,True
sub-595,EyesClosed,posterior,0,-10.553901409303496,19,-10.346513837333461,EyesOpen,False
sub-595,EyesClosed,posterior,1,-10.115085679570017,19,-10.346513837333461,EyesClosed,True
sub-595,EyesClosed,posterior,2,-10.345297960071374,19,-10.346513837333461,EyesClosed,True
sub-595,EyesClosed,posterior,3,-10.145072570982851,19,-10.346513837333461,EyesClosed,True
sub-595,EyesClosed,posterior,4,-10.289388351638468,19,-10.346513837333461,EyesClosed,True
sub-595,EyesClosed,posterior,5,-10.105098885759398,19,-10.346513837333461,EyesClosed,True
sub-595,EyesOpen,posterior,0,-10.579122963202158,19,-10.346513837333461,EyesOpen,True
sub-595,EyesOpen,posterior,1,-10.451311254546095,19,-10.346513837333461,EyesOpen,True
sub-595,EyesOpen,posterior,2,-10.34772971459555,19,-10.346513837333461,EyesOpen,True
sub-595,EyesOpen,posterior,3,-10.413111125489658,19,-10.346513837333461,EyesOpen,True
sub-595,EyesOpen,posterior,4,-10.269462844398047,19,-10.346513837333461,EyesClosed,False
sub-595,EyesOpen,posterior,5,-10.604484350902062,19,-10.346513837333461,EyesOpen,True
sub-596,EyesClosed,posterior,0,-10.108109308753143,19,-10.289541124705979,EyesClosed,True
sub-596,EyesClosed,posterior,1,-10.091223419254757,19,-10.289541124705979,EyesClosed,True
sub-596,EyesClosed,posterior,2,-10.177456280059543,19,-10.289541124705979,EyesClosed,True
sub-596,EyesClosed,posterior,3,-10.181498878571215,19,-10.289541124705979,EyesClosed,True
sub-596,EyesClosed,posterior,4,-10.174136130545222,19,-10.289541124705979,EyesClosed,True
sub-596,EyesClosed,posterior,5,-10.156995024691387,19,-10.289541124705979,EyesClosed,True
sub-596,EyesOpen,posterior,0,-10.509834530512103,19,-10.289541124705979,EyesOpen,True
sub-596,EyesOpen,posterior,1,-10.462472963374086,19,-10.289541124705979,EyesOpen,True
sub-596,EyesOpen,posterior,2,-10.535867165432029,19,-10.289541124705979,EyesOpen,True
sub-596,EyesOpen,posterior,3,-10.453889408639057,19,-10.289541124705979,EyesOpen,True
sub-596,EyesOpen,posterior,4,-10.556260480949353,19,-10.289541124705979,EyesOpen,True
sub-596,EyesOpen,posterior,5,-10.397583370840742,19,-10.289541124705979,EyesOpen,True
sub-597,EyesClosed,posterior,0,-9.308358097426051,19,-9.478033378334075,EyesClosed,True
sub-597,EyesClosed,posterior,1,-9.089984458304222,19,-9.478033378334075,EyesClosed,True
sub-597,EyesClosed,posterior,2,-9.311811628563953,19,-9.478033378334075,EyesClosed,True
sub-597,EyesClosed,posterior,3,-9.195291278325133,19,-9.478033378334075,EyesClosed,True
sub-597,EyesClosed,posterior,4,-9.332892740601402,19,-9.478033378334075,EyesClosed,True
sub-597,EyesClosed,posterior,5,-9.089564036115432,19,-9.478033378334075,EyesClosed,True
sub-597,EyesOpen,posterior,0,-10.17988119482573,19,-9.478033378334075,EyesOpen,True
sub-597,EyesOpen,posterior,1,-10.098623357500172,19,-9.478033378334075,EyesOpen,True
sub-597,EyesOpen,posterior,2,-9.994311506313869,19,-9.478033378334075,EyesOpen,True
sub-597,EyesOpen,posterior,3,-9.62317401606675,19,-9.478033378334075,EyesOpen,True
sub-597,EyesOpen,posterior,4,-9.956064149852363,19,-9.478033378334075,EyesOpen,True
sub-597,EyesOpen,posterior,5,-9.629948967069192,19,-9.478033378334075,EyesOpen,True
sub-598,EyesClosed,posterior,0,-9.69668205537977,19,-9.72795163413679,EyesClosed,True
sub-598,EyesClosed,posterior,1,-9.739911720743798,19,-9.72795163413679,EyesOpen,False
sub-598,EyesClosed,posterior,2,-9.59203804429743,19,-9.72795163413679,EyesClosed,True
sub-598,EyesClosed,posterior,3,-9.607016665321433,19,-9.72795163413679,EyesClosed,True
sub-598,EyesClosed,posterior,4,-9.71599154752978,19,-9.72795163413679,EyesClosed,True
sub-598,EyesClosed,posterior,5,-9.647035005835033,19,-9.72795163413679,EyesClosed,True
sub-598,EyesOpen,posterior,0,-9.937119495216862,19,-9.72795163413679,EyesOpen,True
sub-598,EyesOpen,posterior,1,-9.95745620815406,19,-9.72795163413679,EyesOpen,True
sub-598,EyesOpen,posterior,2,-9.936675349486642,19,-9.72795163413679,EyesOpen,True
sub-598,EyesOpen,posterior,3,-9.82871896834734,19,-9.72795163413679,EyesOpen,True
sub-598,EyesOpen,posterior,4,-9.67353263505107,19,-9.72795163413679,EyesClosed,False
sub-598,EyesOpen,posterior,5,-9.958455885006147,19,-9.72795163413679,EyesOpen,True
sub-599,EyesClosed,posterior,0,-10.28611533863969,19,-10.275386627173658,EyesOpen,False
sub-599,EyesClosed,posterior,1,-10.321871671178414,19,-10.275386627173658,EyesOpen,False
sub-599,EyesClosed,posterior,2,-10.173968109648428,19,-10.275386627173658,EyesClosed,True
sub-599,EyesClosed,posterior,3,-10.147058928750846,19,-10.275386627173658,EyesClosed,True
sub-599,EyesClosed,posterior,4,-10.094067821502462,19,-10.275386627173658,EyesClosed,True
sub-599,EyesClosed,posterior,5,-10.174391844050302,19,-10.275386627173658,EyesClosed,True
sub-599,EyesOpen,posterior,0,-10.223724664938038,19,-10.275386627173658,EyesClosed,False
sub-599,EyesOpen,posterior,1,-10.31076655646213,19,-10.275386627173658,EyesOpen,True
sub-599,EyesOpen,posterior,2,-10.325100640931849,19,-10.275386627173658,EyesOpen,True
sub-599,EyesOpen,posterior,3,-10.283943829555577,19,-10.275386627173658,EyesOpen,True
sub-599,EyesOpen,posterior,4,-10.28165276796769,19,-10.275386627173658,EyesOpen,True
sub-599,EyesOpen,posterior,5,-10.269120486379625,19,-10.275386627173658,EyesClosed,False
sub-600,EyesClosed,posterior,0,-8.85505096432624,19,-9.205125458748071,EyesClosed,True
sub-600,EyesClosed,posterior,1,-8.753913195046202,19,-9.205125458748071,EyesClosed,True
sub-600,EyesClosed,posterior,2,-8.776847136731037,19,-9.205125458748071,EyesClosed,True
sub-600,EyesClosed,posterior,3,-8.801687590625583,19,-9.205125458748071,EyesClosed,True
sub-600,EyesClosed,posterior,4,-8.820283813992482,19,-9.205125458748071,EyesClosed,True
sub-600,EyesClosed,posterior,5,-8.760701314780503,19,-9.205125458748071,EyesClosed,True
sub-600,EyesOpen,posterior,0,-10.240658073439262,19,-9.205125458748071,EyesOpen,True
sub-600,EyesOpen,posterior,1,-10.023404883190295,19,-9.205125458748071,EyesOpen,True
sub-600,EyesOpen,posterior,2,-9.941427029140817,19,-9.205125458748071,EyesOpen,True
sub-600,EyesOpen,posterior,3,-9.629401842134106,19,-9.205125458748071,EyesOpen,True
sub-600,EyesOpen,posterior,4,-9.555199953169902,19,-9.205125458748071,EyesOpen,True
sub-600,EyesOpen,posterior,5,-9.954871843052564,19,-9.205125458748071,EyesOpen,True
sub-601,EyesClosed,posterior,0,-9.55866816138471,19,-9.442415966969659,EyesOpen,False
sub-601,EyesClosed,posterior,1,-9.293948599780737,19,-9.442415966969659,EyesClosed,True
sub-601,EyesClosed,posterior,2,-9.126836226818673,19,-9.442415966969659,EyesClosed,True
sub-601,EyesClosed,posterior,3,-9.368774909335164,19,-9.442415966969659,EyesClosed,True
sub-601,EyesClosed,posterior,4,-9.42735617654802,19,-9.442415966969659,EyesClosed,True
sub-601,EyesClosed,posterior,5,-9.06286467739827,19,-9.442415966969659,EyesClosed,True
sub-601,EyesOpen,posterior,0,-9.431611317377428,19,-9.442415966969659,EyesClosed,False
sub-601,EyesOpen,posterior,1,-9.879022774974182,19,-9.442415966969659,EyesOpen,True
sub-601,EyesOpen,posterior,2,-9.567668313443347,19,-9.442415966969659,EyesOpen,True
sub-601,EyesOpen,posterior,3,-9.528062940541998,19,-9.442415966969659,EyesOpen,True
sub-601,EyesOpen,posterior,4,-9.453220616561888,19,-9.442415966969659,EyesOpen,True
sub-601,EyesOpen,posterior,5,-9.754841704970843,19,-9.442415966969659,EyesOpen,True
sub-602,EyesClosed,posterior,0,-10.243456199457436,19,-10.048604062829284,EyesOpen,False
sub-602,EyesClosed,posterior,1,-9.968875527174283,19,-10.048604062829284,EyesClosed,True
sub-602,EyesClosed,posterior,2,-9.97366242982634,19,-10.048604062829284,EyesClosed,True
sub-602,EyesClosed,posterior,3,-9.972478958771783,19,-10.048604062829284,EyesClosed,True
sub-602,EyesClosed,posterior,4,-10.048604062829284,19,-10.048604062829284,EyesOpen,False
sub-602,EyesClosed,posterior,5,-10.285112926679194,19,-10.048604062829284,EyesOpen,False
sub-602,EyesOpen,posterior,0,-10.33107453754775,19,-10.048604062829284,EyesOpen,True
sub-602,EyesOpen,posterior,1,-10.117950861406175,19,-10.048604062829284,EyesOpen,True
sub-602,EyesOpen,posterior,2,-9.96078856697563,19,-10.048604062829284,EyesClosed,False
sub-602,EyesOpen,posterior,3,-10.351693863706613,19,-10.048604062829284,EyesOpen,True
sub-602,EyesOpen,posterior,4,-10.289790488214093,19,-10.048604062829284,EyesOpen,True
sub-602,EyesOpen,posterior,5,-9.866301244001148,19,-10.048604062829284,EyesClosed,False
sub-602,EyesOpen,posterior,6,-9.850895594685626,19,-10.048604062829284,EyesClosed,False
sub-603,EyesClosed,posterior,0,-8.970035099125276,19,-9.98596096600093,EyesClosed,True
sub-603,EyesClosed,posterior,1,-9.011540584735295,19,-9.98596096600093,EyesClosed,True
sub-603,EyesClosed,posterior,2,-9.000545047285447,19,-9.98596096600093,EyesClosed,True
sub-603,EyesClosed,posterior,3,-9.074703688815445,19,-9.98596096600093,EyesClosed,True
sub-603,EyesClosed,posterior,4,-9.033889277137598,19,-9.98596096600093,EyesClosed,True
sub-603,EyesClosed,posterior,5,-8.97311247267802,19,-9.98596096600093,EyesClosed,True
sub-603,EyesOpen,posterior,0,-10.189336819984161,19,-9.98596096600093,EyesOpen,True
sub-603,EyesOpen,posterior,1,-9.98596096600093,19,-9.98596096600093,EyesOpen,True
sub-603,EyesOpen,posterior,2,-10.216461861761559,19,-9.98596096600093,EyesOpen,True
sub-603,EyesOpen,posterior,3,-10.080937258576643,19,-9.98596096600093,EyesOpen,True
sub-603,EyesOpen,posterior,4,-10.076967093853147,19,-9.98596096600093,EyesOpen,True
sub-603,EyesOpen,posterior,5,-10.050670745907423,19,-9.98596096600093,EyesOpen,True
sub-603,EyesOpen,posterior,6,-10.00724003427982,19,-9.98596096600093,EyesOpen,True
sub-604,EyesClosed,posterior,0,-9.357326149114227,19,-10.127762644468866,EyesClosed,True
sub-604,EyesClosed,posterior,1,-9.565754837989461,19,-10.127762644468866,EyesClosed,True
sub-604,EyesClosed,posterior,2,-9.469030301913545,19,-10.127762644468866,EyesClosed,True
sub-604,EyesClosed,posterior,3,-10.047161429814203,19,-10.127762644468866,EyesClosed,True
sub-604,EyesClosed,posterior,4,-9.40662757863701,19,-10.127762644468866,EyesClosed,True
sub-604,EyesClosed,posterior,5,-9.884330798233037,19,-10.127762644468866,EyesClosed,True
sub-604,EyesOpen,posterior,0,-10.254192432369775,19,-10.127762644468866,EyesOpen,True
sub-604,EyesOpen,posterior,1,-10.297607695353141,19,-10.127762644468866,EyesOpen,True
sub-604,EyesOpen,posterior,2,-10.454455555219736,19,-10.127762644468866,EyesOpen,True
sub-604,EyesOpen,posterior,3,-10.453333005821499,19,-10.127762644468866,EyesOpen,True
sub-604,EyesOpen,posterior,4,-10.208363859123532,19,-10.127762644468866,EyesOpen,True
sub-604,EyesOpen,posterior,5,-10.47012097047863,19,-10.127762644468866,EyesOpen,True
sub-605,EyesClosed,posterior,0,-9.113261855298843,19,-9.298740446961549,EyesClosed,True
sub-605,EyesClosed,posterior,1,-8.928963857233532,19,-9.298740446961549,EyesClosed,True
sub-605,EyesClosed,posterior,2,-9.040555611190898,19,-9.298740446961549,EyesClosed,True
sub-605,EyesClosed,posterior,3,-9.047363451839711,19,-9.298740446961549,EyesClosed,True
sub-605,EyesClosed,posterior,4,-9.002753881264683,19,-9.298740446961549,EyesClosed,True
sub-605,EyesClosed,posterior,5,-8.894354849481264,19,-9.298740446961549,EyesClosed,True
sub-605,EyesOpen,posterior,0,-9.642943580270302,19,-9.298740446961549,EyesOpen,True
sub-605,EyesOpen,posterior,1,-9.484219038624254,19,-9.298740446961549,EyesOpen,True
sub-605,EyesOpen,posterior,2,-9.908719962519283,19,-9.298740446961549,EyesOpen,True
sub-605,EyesOpen,posterior,3,-9.8461545546687,19,-9.298740446961549,EyesOpen,True
sub-605,EyesOpen,posterior,4,-9.8007301284814,19,-9.298740446961549,EyesOpen,True
sub-605,EyesOpen,posterior,5,-9.842731205412313,19,-9.298740446961549,EyesOpen,True
sub-606,EyesClosed,posterior,0,-10.059565661218175,19,-10.114171932429063,EyesClosed,True
sub-606,EyesClosed,posterior,1,-9.75971994892468,19,-10.114171932429063,EyesClosed,True
sub-606,EyesClosed,posterior,2,-9.376415769951928,19,-10.114171932429063,EyesClosed,True
sub-606,EyesClosed,posterior,3,-10.035323367810749,19,-10.114171932429063,EyesClosed,True
sub-606,EyesClosed,posterior,4,-9.71236037847567,19,-10.114171932429063,EyesClosed,True
sub-606,EyesClosed,posterior,5,-9.147224355146271,19,-10.114171932429063,EyesClosed,True
sub-606,EyesOpen,posterior,0,-10.289578115755583,19,-10.114171932429063,EyesOpen,True
sub-606,EyesOpen,posterior,1,-10.361340136912611,19,-10.114171932429063,EyesOpen,True
sub-606,EyesOpen,posterior,2,-10.270688472937096,19,-10.114171932429063,EyesOpen,True
sub-606,EyesOpen,posterior,3,-10.219072989195773,19,-10.114171932429063,EyesOpen,True
sub-606,EyesOpen,posterior,4,-10.16877820363995,19,-10.114171932429063,EyesOpen,True
sub-606,EyesOpen,posterior,5,-10.211993021003968,19,-10.114171932429063,EyesOpen,True
sub-607,EyesClosed,posterior,0,-9.998201247577086,19,-9.998594358018646,EyesClosed,True
sub-607,EyesClosed,posterior,1,-9.551911918575179,19,-9.998594358018646,EyesClosed,True
sub-607,EyesClosed,posterior,2,-9.397424141168138,19,-9.998594358018646,EyesClosed,True
sub-607,EyesClosed,posterior,3,-9.631341808857432,19,-9.998594358018646,EyesClosed,True
sub-607,EyesClosed,posterior,4,-9.785439457120493,19,-9.998594358018646,EyesClosed,True
sub-607,EyesClosed,posterior,5,-9.747784138813017,19,-9.998594358018646,EyesClosed,True
sub-607,EyesOpen,posterior,0,-10.082034590611084,19,-9.998594358018646,EyesOpen,True
sub-607,EyesOpen,posterior,1,-9.998987468460205,19,-9.998594358018646,EyesOpen,True
sub-607,EyesOpen,posterior,2,-10.083779718840573,19,-9.998594358018646,EyesOpen,True
sub-607,EyesOpen,posterior,3,-10.002630343245146,19,-9.998594358018646,EyesOpen,True
sub-607,EyesOpen,posterior,4,-10.146816555250183,19,-9.998594358018646,EyesOpen,True
sub-607,EyesOpen,posterior,5,-10.06735927789345,19,-9.998594358018646,EyesOpen,True
sub-608,EyesClosed,posterior,0,-9.418338692077954,19,-9.435080675147617,EyesClosed,True
sub-608,EyesClosed,posterior,1,-9.362029378568243,19,-9.435080675147617,EyesClosed,True
sub-608,EyesClosed,posterior,2,-9.416088095414604,19,-9.435080675147617,EyesClosed,True
sub-608,EyesClosed,posterior,3,-9.45182265821728,19,-9.435080675147617,EyesOpen,False
sub-608,EyesClosed,posterior,4,-9.395774705225662,19,-9.435080675147617,EyesClosed,True
sub-608,EyesClosed,posterior,5,-9.321397508463615,19,-9.435080675147617,EyesClosed,True
sub-608,EyesOpen,posterior,0,-10.055187490933028,19,-9.435080675147617,EyesOpen,True
sub-608,EyesOpen,posterior,1,-9.402181648719246,19,-9.435080675147617,EyesClosed,False
sub-608,EyesOpen,posterior,2,-9.814020237418491,19,-9.435080675147617,EyesOpen,True
sub-608,EyesOpen,posterior,3,-9.764984335107272,19,-9.435080675147617,EyesOpen,True
sub-608,EyesOpen,posterior,4,-9.532242290306355,19,-9.435080675147617,EyesOpen,True
sub-608,EyesOpen,posterior,5,-9.837973392383576,19,-9.435080675147617,EyesOpen,True
