participant_id,correct,predicted_EC_condition,setting,model_name,y_true,y_pred,y_proba,fold
sub-001,True,EC,paired,simple_rule_oz_alpha,,,,
sub-002,True,EC,paired,simple_rule_oz_alpha,,,,
sub-003,True,EC,paired,simple_rule_oz_alpha,,,,
sub-005,True,EC,paired,simple_rule_oz_alpha,,,,
sub-006,True,EC,paired,simple_rule_oz_alpha,,,,
sub-007,True,EC,paired,simple_rule_oz_alpha,,,,
sub-008,True,EC,paired,simple_rule_oz_alpha,,,,
sub-009,False,EO,paired,simple_rule_oz_alpha,,,,
sub-010,True,EC,paired,simple_rule_oz_alpha,,,,
sub-011,True,EC,paired,simple_rule_oz_alpha,,,,
sub-012,True,EC,paired,simple_rule_oz_alpha,,,,
sub-014,True,EC,paired,simple_rule_oz_alpha,,,,
sub-015,True,EC,paired,simple_rule_oz_alpha,,,,
sub-016,True,EC,paired,simple_rule_oz_alpha,,,,
sub-017,True,EC,paired,simple_rule_oz_alpha,,,,
sub-018,True,EC,paired,simple_rule_oz_alpha,,,,
sub-019,True,EC,paired,simple_rule_oz_alpha,,,,
sub-020,False,EO,paired,simple_rule_oz_alpha,,,,
sub-021,True,EC,paired,simple_rule_oz_alpha,,,,
sub-022,True,EC,paired,simple_rule_oz_alpha,,,,
sub-023,True,EC,paired,simple_rule_oz_alpha,,,,
sub-024,True,EC,paired,simple_rule_oz_alpha,,,,
sub-025,True,EC,paired,simple_rule_oz_alpha,,,,
sub-026,True,EC,paired,simple_rule_oz_alpha,,,,
sub-027,True,EC,paired,simple_rule_oz_alpha,,,,
sub-028,False,EO,paired,simple_rule_oz_alpha,,,,
sub-029,True,EC,paired,simple_rule_oz_alpha,,,,
sub-030,True,EC,paired,simple_rule_oz_alpha,,,,
sub-031,True,EC,paired,simple_rule_oz_alpha,,,,
sub-032,True,EC,paired,simple_rule_oz_alpha,,,,
sub-033,True,EC,paired,simple_rule_oz_alpha,,,,
sub-034,True,EC,paired,simple_rule_oz_alpha,,,,
sub-035,True,EC,paired,simple_rule_oz_alpha,,,,
sub-036,True,EC,paired,simple_rule_oz_alpha,,,,
sub-037,True,EC,paired,simple_rule_oz_alpha,,,,
sub-038,True,EC,paired,simple_rule_oz_alpha,,,,
sub-039,True,EC,paired,simple_rule_oz_alpha,,,,
sub-040,True,EC,paired,simple_rule_oz_alpha,,,,
sub-041,True,EC,paired,simple_rule_oz_alpha,,,,
sub-042,True,EC,paired,simple_rule_oz_alpha,,,,
sub-043,True,EC,paired,simple_rule_oz_alpha,,,,
sub-044,True,EC,paired,simple_rule_oz_alpha,,,,
sub-046,True,EC,paired,simple_rule_oz_alpha,,,,
sub-047,True,EC,paired,simple_rule_oz_alpha,,,,
sub-048,True,EC,paired,simple_rule_oz_alpha,,,,
sub-049,True,EC,paired,simple_rule_oz_alpha,,,,
sub-050,True,EC,paired,simple_rule_oz_alpha,,,,
sub-051,True,EC,paired,simple_rule_oz_alpha,,,,
sub-052,True,EC,paired,simple_rule_oz_alpha,,,,
sub-053,True,EC,paired,simple_rule_oz_alpha,,,,
sub-054,True,EC,paired,simple_rule_oz_alpha,,,,
sub-055,True,EC,paired,simple_rule_oz_alpha,,,,
sub-056,False,EO,paired,simple_rule_oz_alpha,,,,
sub-057,True,EC,paired,simple_rule_oz_alpha,,,,
sub-058,True,EC,paired,simple_rule_oz_alpha,,,,
sub-059,True,EC,paired,simple_rule_oz_alpha,,,,
sub-060,True,EC,paired,simple_rule_oz_alpha,,,,
sub-061,True,EC,paired,simple_rule_oz_alpha,,,,
sub-062,True,EC,paired,simple_rule_oz_alpha,,,,
sub-063,True,EC,paired,simple_rule_oz_alpha,,,,
sub-064,True,EC,paired,simple_rule_oz_alpha,,,,
sub-065,True,EC,paired,simple_rule_oz_alpha,,,,
sub-066,True,EC,paired,simple_rule_oz_alpha,,,,
sub-067,True,EC,paired,simple_rule_oz_alpha,,,,
sub-068,True,EC,paired,simple_rule_oz_alpha,,,,
sub-069,False,EO,paired,simple_rule_oz_alpha,,,,
sub-070,True,EC,paired,simple_rule_oz_alpha,,,,
sub-071,True,EC,paired,simple_rule_oz_alpha,,,,
sub-072,True,EC,paired,simple_rule_oz_alpha,,,,
sub-073,True,EC,paired,simple_rule_oz_alpha,,,,
sub-074,True,EC,paired,simple_rule_oz_alpha,,,,
sub-075,True,EC,paired,simple_rule_oz_alpha,,,,
sub-076,True,EC,paired,simple_rule_oz_alpha,,,,
sub-077,True,EC,paired,simple_rule_oz_alpha,,,,
sub-078,True,EC,paired,simple_rule_oz_alpha,,,,
sub-080,True,EC,paired,simple_rule_oz_alpha,,,,
sub-081,True,EC,paired,simple_rule_oz_alpha,,,,
sub-082,True,EC,paired,simple_rule_oz_alpha,,,,
sub-083,True,EC,paired,simple_rule_oz_alpha,,,,
sub-084,True,EC,paired,simple_rule_oz_alpha,,,,
sub-085,True,EC,paired,simple_rule_oz_alpha,,,,
sub-086,True,EC,paired,simple_rule_oz_alpha,,,,
sub-087,False,EO,paired,simple_rule_oz_alpha,,,,
sub-088,True,EC,paired,simple_rule_oz_alpha,,,,
sub-089,True,EC,paired,simple_rule_oz_alpha,,,,
sub-090,True,EC,paired,simple_rule_oz_alpha,,,,
sub-091,True,EC,paired,simple_rule_oz_alpha,,,,
sub-092,True,EC,paired,simple_rule_oz_alpha,,,,
sub-093,True,EC,paired,simple_rule_oz_alpha,,,,
sub-094,True,EC,paired,simple_rule_oz_alpha,,,,
sub-095,True,EC,paired,simple_rule_oz_alpha,,,,
sub-096,True,EC,paired,simple_rule_oz_alpha,,,,
sub-097,True,EC,paired,simple_rule_oz_alpha,,,,
sub-098,True,EC,paired,simple_rule_oz_alpha,,,,
sub-099,True,EC,paired,simple_rule_oz_alpha,,,,
sub-100,True,EC,paired,simple_rule_oz_alpha,,,,
sub-101,True,EC,paired,simple_rule_oz_alpha,,,,
sub-102,True,EC,paired,simple_rule_oz_alpha,,,,
sub-103,True,EC,paired,simple_rule_oz_alpha,,,,
sub-104,True,EC,paired,simple_rule_oz_alpha,,,,
sub-105,True,EC,paired,simple_rule_oz_alpha,,,,
sub-106,True,EC,paired,simple_rule_oz_alpha,,,,
sub-107,True,EC,paired,simple_rule_oz_alpha,,,,
sub-108,True,EC,paired,simple_rule_oz_alpha,,,,
sub-109,True,EC,paired,simple_rule_oz_alpha,,,,
sub-110,True,EC,paired,simple_rule_oz_alpha,,,,
sub-111,True,EC,paired,simple_rule_oz_alpha,,,,
sub-112,True,EC,paired,simple_rule_oz_alpha,,,,
sub-113,True,EC,paired,simple_rule_oz_alpha,,,,
sub-114,True,EC,paired,simple_rule_oz_alpha,,,,
sub-115,True,EC,paired,simple_rule_oz_alpha,,,,
sub-116,True,EC,paired,simple_rule_oz_alpha,,,,
sub-117,False,EO,paired,simple_rule_oz_alpha,,,,
sub-118,True,EC,paired,simple_rule_oz_alpha,,,,
sub-119,True,EC,paired,simple_rule_oz_alpha,,,,
sub-120,False,EO,paired,simple_rule_oz_alpha,,,,
sub-121,True,EC,paired,simple_rule_oz_alpha,,,,
sub-122,False,EO,paired,simple_rule_oz_alpha,,,,
sub-123,True,EC,paired,simple_rule_oz_alpha,,,,
sub-124,True,EC,paired,simple_rule_oz_alpha,,,,
sub-125,True,EC,paired,simple_rule_oz_alpha,,,,
sub-126,True,EC,paired,simple_rule_oz_alpha,,,,
sub-127,False,EO,paired,simple_rule_oz_alpha,,,,
sub-128,True,EC,paired,simple_rule_oz_alpha,,,,
sub-129,True,EC,paired,simple_rule_oz_alpha,,,,
sub-130,True,EC,paired,simple_rule_oz_alpha,,,,
sub-131,True,EC,paired,simple_rule_oz_alpha,,,,
sub-132,True,EC,paired,simple_rule_oz_alpha,,,,
sub-133,False,EO,paired,simple_rule_oz_alpha,,,,
sub-134,True,EC,paired,simple_rule_oz_alpha,,,,
sub-135,True,EC,paired,simple_rule_oz_alpha,,,,
sub-136,True,EC,paired,simple_rule_oz_alpha,,,,
sub-137,True,EC,paired,simple_rule_oz_alpha,,,,
sub-138,True,EC,paired,simple_rule_oz_alpha,,,,
sub-139,True,EC,paired,simple_rule_oz_alpha,,,,
sub-140,True,EC,paired,simple_rule_oz_alpha,,,,
sub-141,True,EC,paired,simple_rule_oz_alpha,,,,
sub-142,True,EC,paired,simple_rule_oz_alpha,,,,
sub-143,True,EC,paired,simple_rule_oz_alpha,,,,
sub-144,True,EC,paired,simple_rule_oz_alpha,,,,
sub-145,True,EC,paired,simple_rule_oz_alpha,,,,
sub-146,True,EC,paired,simple_rule_oz_alpha,,,,
sub-147,True,EC,paired,simple_rule_oz_alpha,,,,
sub-148,True,EC,paired,simple_rule_oz_alpha,,,,
sub-149,True,EC,paired,simple_rule_oz_alpha,,,,
sub-150,False,EO,paired,simple_rule_oz_alpha,,,,
sub-151,True,EC,paired,simple_rule_oz_alpha,,,,
sub-152,False,EO,paired,simple_rule_oz_alpha,,,,
sub-153,True,EC,paired,simple_rule_oz_alpha,,,,
sub-154,True,EC,paired,simple_rule_oz_alpha,,,,
sub-155,True,EC,paired,simple_rule_oz_alpha,,,,
sub-156,True,EC,paired,simple_rule_oz_alpha,,,,
sub-157,True,EC,paired,simple_rule_oz_alpha,,,,
sub-158,True,EC,paired,simple_rule_oz_alpha,,,,
sub-159,True,EC,paired,simple_rule_oz_alpha,,,,
sub-160,True,EC,paired,simple_rule_oz_alpha,,,,
sub-161,True,EC,paired,simple_rule_oz_alpha,,,,
sub-162,True,EC,paired,simple_rule_oz_alpha,,,,
sub-163,True,EC,paired,simple_rule_oz_alpha,,,,
sub-164,True,EC,paired,simple_rule_oz_alpha,,,,
sub-165,True,EC,paired,simple_rule_oz_alpha,,,,
sub-166,True,EC,paired,simple_rule_oz_alpha,,,,
sub-167,True,EC,paired,simple_rule_oz_alpha,,,,
sub-168,True,EC,paired,simple_rule_oz_alpha,,,,
sub-169,True,EC,paired,simple_rule_oz_alpha,,,,
sub-170,True,EC,paired,simple_rule_oz_alpha,,,,
sub-171,True,EC,paired,simple_rule_oz_alpha,,,,
sub-172,True,EC,paired,simple_rule_oz_alpha,,,,
sub-173,True,EC,paired,simple_rule_oz_alpha,,,,
sub-174,True,EC,paired,simple_rule_oz_alpha,,,,
sub-175,True,EC,paired,simple_rule_oz_alpha,,,,
sub-176,True,EC,paired,simple_rule_oz_alpha,,,,
sub-177,True,EC,paired,simple_rule_oz_alpha,,,,
sub-178,True,EC,paired,simple_rule_oz_alpha,,,,
sub-179,True,EC,paired,simple_rule_oz_alpha,,,,
sub-180,True,EC,paired,simple_rule_oz_alpha,,,,
sub-181,True,EC,paired,simple_rule_oz_alpha,,,,
sub-182,True,EC,paired,simple_rule_oz_alpha,,,,
sub-183,True,EC,paired,simple_rule_oz_alpha,,,,
sub-184,True,EC,paired,simple_rule_oz_alpha,,,,
sub-186,True,EC,paired,simple_rule_oz_alpha,,,,
sub-187,True,EC,paired,simple_rule_oz_alpha,,,,
sub-188,True,EC,paired,simple_rule_oz_alpha,,,,
sub-189,True,EC,paired,simple_rule_oz_alpha,,,,
sub-190,True,EC,paired,simple_rule_oz_alpha,,,,
sub-191,True,EC,paired,simple_rule_oz_alpha,,,,
sub-192,True,EC,paired,simple_rule_oz_alpha,,,,
sub-193,True,EC,paired,simple_rule_oz_alpha,,,,
sub-194,True,EC,paired,simple_rule_oz_alpha,,,,
sub-195,True,EC,paired,simple_rule_oz_alpha,,,,
sub-197,True,EC,paired,simple_rule_oz_alpha,,,,
sub-198,True,EC,paired,simple_rule_oz_alpha,,,,
sub-199,True,EC,paired,simple_rule_oz_alpha,,,,
sub-200,True,EC,paired,simple_rule_oz_alpha,,,,
sub-201,False,EO,paired,simple_rule_oz_alpha,,,,
sub-202,True,EC,paired,simple_rule_oz_alpha,,,,
sub-203,False,EO,paired,simple_rule_oz_alpha,,,,
sub-204,True,EC,paired,simple_rule_oz_alpha,,,,
sub-205,True,EC,paired,simple_rule_oz_alpha,,,,
sub-206,True,EC,paired,simple_rule_oz_alpha,,,,
sub-207,True,EC,paired,simple_rule_oz_alpha,,,,
sub-208,True,EC,paired,simple_rule_oz_alpha,,,,
sub-209,True,EC,paired,simple_rule_oz_alpha,,,,
sub-210,True,EC,paired,simple_rule_oz_alpha,,,,
sub-211,True,EC,paired,simple_rule_oz_alpha,,,,
sub-212,True,EC,paired,simple_rule_oz_alpha,,,,
sub-213,True,EC,paired,simple_rule_oz_alpha,,,,
sub-214,True,EC,paired,simple_rule_oz_alpha,,,,
sub-215,True,EC,paired,simple_rule_oz_alpha,,,,
sub-216,True,EC,paired,simple_rule_oz_alpha,,,,
sub-217,True,EC,paired,simple_rule_oz_alpha,,,,
sub-218,True,EC,paired,simple_rule_oz_alpha,,,,
sub-219,True,EC,paired,simple_rule_oz_alpha,,,,
sub-220,True,EC,paired,simple_rule_oz_alpha,,,,
sub-221,True,EC,paired,simple_rule_oz_alpha,,,,
sub-222,True,EC,paired,simple_rule_oz_alpha,,,,
sub-223,True,EC,paired,simple_rule_oz_alpha,,,,
sub-224,True,EC,paired,simple_rule_oz_alpha,,,,
sub-225,True,EC,paired,simple_rule_oz_alpha,,,,
sub-226,True,EC,paired,simple_rule_oz_alpha,,,,
sub-227,True,EC,paired,simple_rule_oz_alpha,,,,
sub-228,True,EC,paired,simple_rule_oz_alpha,,,,
sub-229,True,EC,paired,simple_rule_oz_alpha,,,,
sub-231,True,EC,paired,simple_rule_oz_alpha,,,,
sub-232,True,EC,paired,simple_rule_oz_alpha,,,,
sub-233,True,EC,paired,simple_rule_oz_alpha,,,,
sub-234,True,EC,paired,simple_rule_oz_alpha,,,,
sub-235,True,EC,paired,simple_rule_oz_alpha,,,,
sub-236,True,EC,paired,simple_rule_oz_alpha,,,,
sub-237,True,EC,paired,simple_rule_oz_alpha,,,,
sub-238,True,EC,paired,simple_rule_oz_alpha,,,,
sub-239,True,EC,paired,simple_rule_oz_alpha,,,,
sub-240,True,EC,paired,simple_rule_oz_alpha,,,,
sub-241,True,EC,paired,simple_rule_oz_alpha,,,,
sub-242,True,EC,paired,simple_rule_oz_alpha,,,,
sub-243,False,EO,paired,simple_rule_oz_alpha,,,,
sub-244,True,EC,paired,simple_rule_oz_alpha,,,,
sub-245,False,EO,paired,simple_rule_oz_alpha,,,,
sub-246,True,EC,paired,simple_rule_oz_alpha,,,,
sub-247,True,EC,paired,simple_rule_oz_alpha,,,,
sub-248,True,EC,paired,simple_rule_oz_alpha,,,,
sub-249,True,EC,paired,simple_rule_oz_alpha,,,,
sub-250,True,EC,paired,simple_rule_oz_alpha,,,,
sub-251,True,EC,paired,simple_rule_oz_alpha,,,,
sub-252,True,EC,paired,simple_rule_oz_alpha,,,,
sub-253,True,EC,paired,simple_rule_oz_alpha,,,,
sub-254,True,EC,paired,simple_rule_oz_alpha,,,,
sub-255,True,EC,paired,simple_rule_oz_alpha,,,,
sub-256,True,EC,paired,simple_rule_oz_alpha,,,,
sub-257,True,EC,paired,simple_rule_oz_alpha,,,,
sub-258,True,EC,paired,simple_rule_oz_alpha,,,,
sub-259,True,EC,paired,simple_rule_oz_alpha,,,,
sub-260,True,EC,paired,simple_rule_oz_alpha,,,,
sub-261,True,EC,paired,simple_rule_oz_alpha,,,,
sub-262,True,EC,paired,simple_rule_oz_alpha,,,,
sub-263,True,EC,paired,simple_rule_oz_alpha,,,,
sub-264,True,EC,paired,simple_rule_oz_alpha,,,,
sub-265,True,EC,paired,simple_rule_oz_alpha,,,,
sub-266,True,EC,paired,simple_rule_oz_alpha,,,,
sub-267,True,EC,paired,simple_rule_oz_alpha,,,,
sub-268,False,EO,paired,simple_rule_oz_alpha,,,,
sub-269,True,EC,paired,simple_rule_oz_alpha,,,,
sub-271,True,EC,paired,simple_rule_oz_alpha,,,,
sub-272,True,EC,paired,simple_rule_oz_alpha,,,,
sub-273,True,EC,paired,simple_rule_oz_alpha,,,,
sub-274,True,EC,paired,simple_rule_oz_alpha,,,,
sub-275,True,EC,paired,simple_rule_oz_alpha,,,,
sub-276,True,EC,paired,simple_rule_oz_alpha,,,,
sub-277,False,EO,paired,simple_rule_oz_alpha,,,,
sub-278,True,EC,paired,simple_rule_oz_alpha,,,,
sub-279,True,EC,paired,simple_rule_oz_alpha,,,,
sub-280,True,EC,paired,simple_rule_oz_alpha,,,,
sub-281,True,EC,paired,simple_rule_oz_alpha,,,,
sub-282,True,EC,paired,simple_rule_oz_alpha,,,,
sub-283,True,EC,paired,simple_rule_oz_alpha,,,,
sub-284,True,EC,paired,simple_rule_oz_alpha,,,,
sub-285,True,EC,paired,simple_rule_oz_alpha,,,,
sub-286,True,EC,paired,simple_rule_oz_alpha,,,,
sub-287,True,EC,paired,simple_rule_oz_alpha,,,,
sub-289,True,EC,paired,simple_rule_oz_alpha,,,,
sub-290,True,EC,paired,simple_rule_oz_alpha,,,,
sub-291,True,EC,paired,simple_rule_oz_alpha,,,,
sub-292,True,EC,paired,simple_rule_oz_alpha,,,,
sub-293,True,EC,paired,simple_rule_oz_alpha,,,,
sub-294,True,EC,paired,simple_rule_oz_alpha,,,,
sub-295,True,EC,paired,simple_rule_oz_alpha,,,,
sub-296,True,EC,paired,simple_rule_oz_alpha,,,,
sub-297,True,EC,paired,simple_rule_oz_alpha,,,,
sub-298,True,EC,paired,simple_rule_oz_alpha,,,,
sub-299,True,EC,paired,simple_rule_oz_alpha,,,,
sub-300,True,EC,paired,simple_rule_oz_alpha,,,,
sub-301,True,EC,paired,simple_rule_oz_alpha,,,,
sub-302,True,EC,paired,simple_rule_oz_alpha,,,,
sub-303,True,EC,paired,simple_rule_oz_alpha,,,,
sub-304,False,EO,paired,simple_rule_oz_alpha,,,,
sub-305,True,EC,paired,simple_rule_oz_alpha,,,,
sub-307,True,EC,paired,simple_rule_oz_alpha,,,,
sub-308,True,EC,paired,simple_rule_oz_alpha,,,,
sub-309,True,EC,paired,simple_rule_oz_alpha,,,,
sub-310,True,EC,paired,simple_rule_oz_alpha,,,,
sub-311,False,EO,paired,simple_rule_oz_alpha,,,,
sub-312,True,EC,paired,simple_rule_oz_alpha,,,,
sub-313,False,EO,paired,simple_rule_oz_alpha,,,,
sub-314,True,EC,paired,simple_rule_oz_alpha,,,,
sub-315,True,EC,paired,simple_rule_oz_alpha,,,,
sub-316,True,EC,paired,simple_rule_oz_alpha,,,,
sub-317,True,EC,paired,simple_rule_oz_alpha,,,,
sub-318,True,EC,paired,simple_rule_oz_alpha,,,,
sub-320,True,EC,paired,simple_rule_oz_alpha,,,,
sub-321,True,EC,paired,simple_rule_oz_alpha,,,,
sub-322,True,EC,paired,simple_rule_oz_alpha,,,,
sub-323,False,EO,paired,simple_rule_oz_alpha,,,,
sub-324,True,EC,paired,simple_rule_oz_alpha,,,,
sub-325,True,EC,paired,simple_rule_oz_alpha,,,,
sub-326,True,EC,paired,simple_rule_oz_alpha,,,,
sub-327,True,EC,paired,simple_rule_oz_alpha,,,,
sub-328,True,EC,paired,simple_rule_oz_alpha,,,,
sub-329,True,EC,paired,simple_rule_oz_alpha,,,,
sub-330,True,EC,paired,simple_rule_oz_alpha,,,,
sub-331,True,EC,paired,simple_rule_oz_alpha,,,,
sub-333,True,EC,paired,simple_rule_oz_alpha,,,,
sub-334,True,EC,paired,simple_rule_oz_alpha,,,,
sub-335,True,EC,paired,simple_rule_oz_alpha,,,,
sub-336,True,EC,paired,simple_rule_oz_alpha,,,,
sub-337,True,EC,paired,simple_rule_oz_alpha,,,,
sub-338,True,EC,paired,simple_rule_oz_alpha,,,,
sub-339,True,EC,paired,simple_rule_oz_alpha,,,,
sub-340,True,EC,paired,simple_rule_oz_alpha,,,,
sub-341,True,EC,paired,simple_rule_oz_alpha,,,,
sub-342,True,EC,paired,simple_rule_oz_alpha,,,,
sub-343,True,EC,paired,simple_rule_oz_alpha,,,,
sub-344,True,EC,paired,simple_rule_oz_alpha,,,,
sub-345,False,EO,paired,simple_rule_oz_alpha,,,,
sub-346,True,EC,paired,simple_rule_oz_alpha,,,,
sub-347,True,EC,paired,simple_rule_oz_alpha,,,,
sub-348,True,EC,paired,simple_rule_oz_alpha,,,,
sub-349,True,EC,paired,simple_rule_oz_alpha,,,,
sub-350,True,EC,paired,simple_rule_oz_alpha,,,,
sub-351,True,EC,paired,simple_rule_oz_alpha,,,,
sub-352,True,EC,paired,simple_rule_oz_alpha,,,,
sub-353,True,EC,paired,simple_rule_oz_alpha,,,,
sub-354,True,EC,paired,simple_rule_oz_alpha,,,,
sub-355,True,EC,paired,simple_rule_oz_alpha,,,,
sub-356,True,EC,paired,simple_rule_oz_alpha,,,,
sub-357,True,EC,paired,simple_rule_oz_alpha,,,,
sub-358,True,EC,paired,simple_rule_oz_alpha,,,,
sub-359,True,EC,paired,simple_rule_oz_alpha,,,,
sub-361,True,EC,paired,simple_rule_oz_alpha,,,,
sub-362,True,EC,paired,simple_rule_oz_alpha,,,,
sub-363,True,EC,paired,simple_rule_oz_alpha,,,,
sub-364,True,EC,paired,simple_rule_oz_alpha,,,,
sub-365,True,EC,paired,simple_rule_oz_alpha,,,,
sub-366,True,EC,paired,simple_rule_oz_alpha,,,,
sub-367,True,EC,paired,simple_rule_oz_alpha,,,,
sub-368,False,EO,paired,simple_rule_oz_alpha,,,,
sub-369,True,EC,paired,simple_rule_oz_alpha,,,,
sub-370,True,EC,paired,simple_rule_oz_alpha,,,,
sub-371,True,EC,paired,simple_rule_oz_alpha,,,,
sub-372,True,EC,paired,simple_rule_oz_alpha,,,,
sub-373,True,EC,paired,simple_rule_oz_alpha,,,,
sub-374,True,EC,paired,simple_rule_oz_alpha,,,,
sub-375,True,EC,paired,simple_rule_oz_alpha,,,,
sub-376,True,EC,paired,simple_rule_oz_alpha,,,,
sub-377,True,EC,paired,simple_rule_oz_alpha,,,,
sub-378,True,EC,paired,simple_rule_oz_alpha,,,,
sub-379,True,EC,paired,simple_rule_oz_alpha,,,,
sub-380,True,EC,paired,simple_rule_oz_alpha,,,,
sub-381,True,EC,paired,simple_rule_oz_alpha,,,,
sub-382,False,EO,paired,simple_rule_oz_alpha,,,,
sub-383,True,EC,paired,simple_rule_oz_alpha,,,,
sub-384,True,EC,paired,simple_rule_oz_alpha,,,,
sub-385,True,EC,paired,simple_rule_oz_alpha,,,,
sub-386,True,EC,paired,simple_rule_oz_alpha,,,,
sub-387,True,EC,paired,simple_rule_oz_alpha,,,,
sub-388,True,EC,paired,simple_rule_oz_alpha,,,,
sub-389,True,EC,paired,simple_rule_oz_alpha,,,,
sub-390,True,EC,paired,simple_rule_oz_alpha,,,,
sub-391,True,EC,paired,simple_rule_oz_alpha,,,,
sub-392,True,EC,paired,simple_rule_oz_alpha,,,,
sub-393,True,EC,paired,simple_rule_oz_alpha,,,,
sub-394,True,EC,paired,simple_rule_oz_alpha,,,,
sub-395,True,EC,paired,simple_rule_oz_alpha,,,,
sub-396,True,EC,paired,simple_rule_oz_alpha,,,,
sub-397,True,EC,paired,simple_rule_oz_alpha,,,,
sub-398,True,EC,paired,simple_rule_oz_alpha,,,,
sub-399,False,EO,paired,simple_rule_oz_alpha,,,,
sub-400,True,EC,paired,simple_rule_oz_alpha,,,,
sub-401,True,EC,paired,simple_rule_oz_alpha,,,,
sub-402,True,EC,paired,simple_rule_oz_alpha,,,,
sub-403,True,EC,paired,simple_rule_oz_alpha,,,,
sub-404,True,EC,paired,simple_rule_oz_alpha,,,,
sub-405,True,EC,paired,simple_rule_oz_alpha,,,,
sub-406,True,EC,paired,simple_rule_oz_alpha,,,,
sub-407,True,EC,paired,simple_rule_oz_alpha,,,,
sub-408,True,EC,paired,simple_rule_oz_alpha,,,,
sub-409,True,EC,paired,simple_rule_oz_alpha,,,,
sub-410,True,EC,paired,simple_rule_oz_alpha,,,,
sub-411,True,EC,paired,simple_rule_oz_alpha,,,,
sub-412,True,EC,paired,simple_rule_oz_alpha,,,,
sub-413,True,EC,paired,simple_rule_oz_alpha,,,,
sub-414,True,EC,paired,simple_rule_oz_alpha,,,,
sub-415,False,EO,paired,simple_rule_oz_alpha,,,,
sub-416,True,EC,paired,simple_rule_oz_alpha,,,,
sub-417,True,EC,paired,simple_rule_oz_alpha,,,,
sub-418,True,EC,paired,simple_rule_oz_alpha,,,,
sub-419,True,EC,paired,simple_rule_oz_alpha,,,,
sub-420,False,EO,paired,simple_rule_oz_alpha,,,,
sub-421,True,EC,paired,simple_rule_oz_alpha,,,,
sub-422,True,EC,paired,simple_rule_oz_alpha,,,,
sub-423,True,EC,paired,simple_rule_oz_alpha,,,,
sub-424,True,EC,paired,simple_rule_oz_alpha,,,,
sub-425,True,EC,paired,simple_rule_oz_alpha,,,,
sub-426,False,EO,paired,simple_rule_oz_alpha,,,,
sub-427,True,EC,paired,simple_rule_oz_alpha,,,,
sub-428,True,EC,paired,simple_rule_oz_alpha,,,,
sub-429,True,EC,paired,simple_rule_oz_alpha,,,,
sub-430,False,EO,paired,simple_rule_oz_alpha,,,,
sub-431,True,EC,paired,simple_rule_oz_alpha,,,,
sub-432,True,EC,paired,simple_rule_oz_alpha,,,,
sub-433,True,EC,paired,simple_rule_oz_alpha,,,,
sub-434,True,EC,paired,simple_rule_oz_alpha,,,,
sub-435,True,EC,paired,simple_rule_oz_alpha,,,,
sub-436,True,EC,paired,simple_rule_oz_alpha,,,,
sub-437,True,EC,paired,simple_rule_oz_alpha,,,,
sub-438,True,EC,paired,simple_rule_oz_alpha,,,,
sub-439,True,EC,paired,simple_rule_oz_alpha,,,,
sub-440,True,EC,paired,simple_rule_oz_alpha,,,,
sub-441,True,EC,paired,simple_rule_oz_alpha,,,,
sub-442,True,EC,paired,simple_rule_oz_alpha,,,,
sub-443,True,EC,paired,simple_rule_oz_alpha,,,,
sub-444,True,EC,paired,simple_rule_oz_alpha,,,,
sub-445,True,EC,paired,simple_rule_oz_alpha,,,,
sub-446,True,EC,paired,simple_rule_oz_alpha,,,,
sub-447,True,EC,paired,simple_rule_oz_alpha,,,,
sub-448,True,EC,paired,simple_rule_oz_alpha,,,,
sub-449,True,EC,paired,simple_rule_oz_alpha,,,,
sub-450,True,EC,paired,simple_rule_oz_alpha,,,,
sub-451,True,EC,paired,simple_rule_oz_alpha,,,,
sub-452,True,EC,paired,simple_rule_oz_alpha,,,,
sub-453,True,EC,paired,simple_rule_oz_alpha,,,,
sub-454,True,EC,paired,simple_rule_oz_alpha,,,,
sub-455,False,EO,paired,simple_rule_oz_alpha,,,,
sub-456,True,EC,paired,simple_rule_oz_alpha,,,,
sub-457,True,EC,paired,simple_rule_oz_alpha,,,,
sub-458,True,EC,paired,simple_rule_oz_alpha,,,,
sub-459,True,EC,paired,simple_rule_oz_alpha,,,,
sub-460,True,EC,paired,simple_rule_oz_alpha,,,,
sub-461,True,EC,paired,simple_rule_oz_alpha,,,,
sub-462,True,EC,paired,simple_rule_oz_alpha,,,,
sub-463,True,EC,paired,simple_rule_oz_alpha,,,,
sub-464,True,EC,paired,simple_rule_oz_alpha,,,,
sub-465,True,EC,paired,simple_rule_oz_alpha,,,,
sub-466,True,EC,paired,simple_rule_oz_alpha,,,,
sub-467,True,EC,paired,simple_rule_oz_alpha,,,,
sub-468,True,EC,paired,simple_rule_oz_alpha,,,,
sub-469,True,EC,paired,simple_rule_oz_alpha,,,,
sub-470,True,EC,paired,simple_rule_oz_alpha,,,,
sub-471,True,EC,paired,simple_rule_oz_alpha,,,,
sub-473,True,EC,paired,simple_rule_oz_alpha,,,,
sub-474,True,EC,paired,simple_rule_oz_alpha,,,,
sub-475,True,EC,paired,simple_rule_oz_alpha,,,,
sub-476,True,EC,paired,simple_rule_oz_alpha,,,,
sub-477,True,EC,paired,simple_rule_oz_alpha,,,,
sub-478,True,EC,paired,simple_rule_oz_alpha,,,,
sub-479,False,EO,paired,simple_rule_oz_alpha,,,,
sub-480,True,EC,paired,simple_rule_oz_alpha,,,,
sub-481,True,EC,paired,simple_rule_oz_alpha,,,,
sub-482,True,EC,paired,simple_rule_oz_alpha,,,,
sub-483,True,EC,paired,simple_rule_oz_alpha,,,,
sub-484,False,EO,paired,simple_rule_oz_alpha,,,,
sub-485,True,EC,paired,simple_rule_oz_alpha,,,,
sub-486,True,EC,paired,simple_rule_oz_alpha,,,,
sub-487,True,EC,paired,simple_rule_oz_alpha,,,,
sub-488,True,EC,paired,simple_rule_oz_alpha,,,,
sub-489,True,EC,paired,simple_rule_oz_alpha,,,,
sub-490,False,EO,paired,simple_rule_oz_alpha,,,,
sub-491,True,EC,paired,simple_rule_oz_alpha,,,,
sub-492,True,EC,paired,simple_rule_oz_alpha,,,,
sub-493,True,EC,paired,simple_rule_oz_alpha,,,,
sub-494,True,EC,paired,simple_rule_oz_alpha,,,,
sub-495,True,EC,paired,simple_rule_oz_alpha,,,,
sub-496,True,EC,paired,simple_rule_oz_alpha,,,,
sub-497,True,EC,paired,simple_rule_oz_alpha,,,,
sub-498,True,EC,paired,simple_rule_oz_alpha,,,,
sub-499,True,EC,paired,simple_rule_oz_alpha,,,,
sub-500,True,EC,paired,simple_rule_oz_alpha,,,,
sub-501,True,EC,paired,simple_rule_oz_alpha,,,,
sub-502,True,EC,paired,simple_rule_oz_alpha,,,,
sub-503,True,EC,paired,simple_rule_oz_alpha,,,,
sub-504,True,EC,paired,simple_rule_oz_alpha,,,,
sub-505,True,EC,paired,simple_rule_oz_alpha,,,,
sub-506,False,EO,paired,simple_rule_oz_alpha,,,,
sub-507,True,EC,paired,simple_rule_oz_alpha,,,,
sub-508,True,EC,paired,simple_rule_oz_alpha,,,,
sub-509,True,EC,paired,simple_rule_oz_alpha,,,,
sub-510,True,EC,paired,simple_rule_oz_alpha,,,,
sub-511,True,EC,paired,simple_rule_oz_alpha,,,,
sub-513,True,EC,paired,simple_rule_oz_alpha,,,,
sub-514,True,EC,paired,simple_rule_oz_alpha,,,,
sub-515,True,EC,paired,simple_rule_oz_alpha,,,,
sub-516,True,EC,paired,simple_rule_oz_alpha,,,,
sub-517,True,EC,paired,simple_rule_oz_alpha,,,,
sub-518,True,EC,paired,simple_rule_oz_alpha,,,,
sub-519,False,EO,paired,simple_rule_oz_alpha,,,,
sub-520,True,EC,paired,simple_rule_oz_alpha,,,,
sub-521,True,EC,paired,simple_rule_oz_alpha,,,,
sub-522,True,EC,paired,simple_rule_oz_alpha,,,,
sub-523,True,EC,paired,simple_rule_oz_alpha,,,,
sub-524,True,EC,paired,simple_rule_oz_alpha,,,,
sub-525,True,EC,paired,simple_rule_oz_alpha,,,,
sub-526,True,EC,paired,simple_rule_oz_alpha,,,,
sub-527,True,EC,paired,simple_rule_oz_alpha,,,,
sub-528,True,EC,paired,simple_rule_oz_alpha,,,,
sub-529,True,EC,paired,simple_rule_oz_alpha,,,,
sub-530,True,EC,paired,simple_rule_oz_alpha,,,,
sub-531,True,EC,paired,simple_rule_oz_alpha,,,,
sub-532,True,EC,paired,simple_rule_oz_alpha,,,,
sub-533,True,EC,paired,simple_rule_oz_alpha,,,,
sub-534,True,EC,paired,simple_rule_oz_alpha,,,,
sub-535,True,EC,paired,simple_rule_oz_alpha,,,,
sub-536,True,EC,paired,simple_rule_oz_alpha,,,,
sub-537,True,EC,paired,simple_rule_oz_alpha,,,,
sub-538,True,EC,paired,simple_rule_oz_alpha,,,,
sub-539,True,EC,paired,simple_rule_oz_alpha,,,,
sub-540,True,EC,paired,simple_rule_oz_alpha,,,,
sub-541,True,EC,paired,simple_rule_oz_alpha,,,,
sub-542,True,EC,paired,simple_rule_oz_alpha,,,,
sub-543,True,EC,paired,simple_rule_oz_alpha,,,,
sub-544,True,EC,paired,simple_rule_oz_alpha,,,,
sub-545,True,EC,paired,simple_rule_oz_alpha,,,,
sub-546,False,EO,paired,simple_rule_oz_alpha,,,,
sub-547,True,EC,paired,simple_rule_oz_alpha,,,,
sub-548,True,EC,paired,simple_rule_oz_alpha,,,,
sub-549,True,EC,paired,simple_rule_oz_alpha,,,,
sub-550,True,EC,paired,simple_rule_oz_alpha,,,,
sub-551,False,EO,paired,simple_rule_oz_alpha,,,,
sub-552,True,EC,paired,simple_rule_oz_alpha,,,,
sub-553,True,EC,paired,simple_rule_oz_alpha,,,,
sub-554,True,EC,paired,simple_rule_oz_alpha,,,,
sub-555,True,EC,paired,simple_rule_oz_alpha,,,,
sub-556,True,EC,paired,simple_rule_oz_alpha,,,,
sub-557,True,EC,paired,simple_rule_oz_alpha,,,,
sub-558,True,EC,paired,simple_rule_oz_alpha,,,,
sub-559,True,EC,paired,simple_rule_oz_alpha,,,,
sub-561,True,EC,paired,simple_rule_oz_alpha,,,,
sub-562,True,EC,paired,simple_rule_oz_alpha,,,,
sub-563,True,EC,paired,simple_rule_oz_alpha,,,,
sub-564,True,EC,paired,simple_rule_oz_alpha,,,,
sub-565,True,EC,paired,simple_rule_oz_alpha,,,,
sub-566,True,EC,paired,simple_rule_oz_alpha,,,,
sub-567,True,EC,paired,simple_rule_oz_alpha,,,,
sub-568,True,EC,paired,simple_rule_oz_alpha,,,,
sub-569,True,EC,paired,simple_rule_oz_alpha,,,,
sub-570,True,EC,paired,simple_rule_oz_alpha,,,,
sub-571,True,EC,paired,simple_rule_oz_alpha,,,,
sub-572,True,EC,paired,simple_rule_oz_alpha,,,,
sub-573,True,EC,paired,simple_rule_oz_alpha,,,,
sub-574,True,EC,paired,simple_rule_oz_alpha,,,,
sub-575,True,EC,paired,simple_rule_oz_alpha,,,,
sub-576,True,EC,paired,simple_rule_oz_alpha,,,,
sub-577,True,EC,paired,simple_rule_oz_alpha,,,,
sub-578,True,EC,paired,simple_rule_oz_alpha,,,,
sub-579,True,EC,paired,simple_rule_oz_alpha,,,,
sub-580,True,EC,paired,simple_rule_oz_alpha,,,,
sub-581,True,EC,paired,simple_rule_oz_alpha,,,,
sub-582,True,EC,paired,simple_rule_oz_alpha,,,,
sub-583,True,EC,paired,simple_rule_oz_alpha,,,,
sub-584,True,EC,paired,simple_rule_oz_alpha,,,,
sub-585,True,EC,paired,simple_rule_oz_alpha,,,,
sub-586,True,EC,paired,simple_rule_oz_alpha,,,,
sub-587,True,EC,paired,simple_rule_oz_alpha,,,,
sub-588,True,EC,paired,simple_rule_oz_alpha,,,,
sub-589,True,EC,paired,simple_rule_oz_alpha,,,,
sub-590,True,EC,paired,simple_rule_oz_alpha,,,,
sub-591,True,EC,paired,simple_rule_oz_alpha,,,,
sub-592,True,EC,paired,simple_rule_oz_alpha,,,,
sub-593,True,EC,paired,simple_rule_oz_alpha,,,,
sub-594,True,EC,paired,simple_rule_oz_alpha,,,,
sub-595,True,EC,paired,simple_rule_oz_alpha,,,,
sub-596,True,EC,paired,simple_rule_oz_alpha,,,,
sub-597,True,EC,paired,simple_rule_oz_alpha,,,,
sub-598,True,EC,paired,simple_rule_oz_alpha,,,,
sub-599,True,EC,paired,simple_rule_oz_alpha,,,,
sub-600,True,EC,paired,simple_rule_oz_alpha,,,,
sub-601,True,EC,paired,simple_rule_oz_alpha,,,,
sub-602,True,EC,paired,simple_rule_oz_alpha,,,,
sub-603,True,EC,paired,simple_rule_oz_alpha,,,,
sub-605,True,EC,paired,simple_rule_oz_alpha,,,,
sub-606,True,EC,paired,simple_rule_oz_alpha,,,,
sub-607,True,EC,paired,simple_rule_oz_alpha,,,,
sub-608,True,EC,paired,simple_rule_oz_alpha,,,,
sub-001,True,EC,paired,simple_rule_occipital_alpha,,,,
sub-002,True,EC,paired,simple_rule_occipital_alpha,,,,
sub-003,True,EC,paired,simple_rule_occipital_alpha,,,,
sub-005,True,EC,paired,simple_rule_occipital_alpha,,,,
sub-006,True,EC,paired,simple_rule_occipital_alpha,,,,
sub-007,True,EC,paired,simple_rule_occipital_alpha,,,,
sub-008,True,EC,paired,simple_rule_occipital_alpha,,,,
sub-009,False,EO,paired,simple_rule_occipital_alpha,,,,
sub-010,True,EC,paired,simple_rule_occipital_alpha,,,,
sub-011,True,EC,paired,simple_rule_occipital_alpha,,,,
sub-012,True,EC,paired,simple_rule_occipital_alpha,,,,
sub-014,True,EC,paired,simple_rule_occipital_alpha,,,,
sub-015,True,EC,paired,simple_rule_occipital_alpha,,,,
sub-016,True,EC,paired,simple_rule_occipital_alpha,,,,
sub-017,True,EC,paired,simple_rule_occipital_alpha,,,,
sub-018,True,EC,paired,simple_rule_occipital_alpha,,,,
sub-019,True,EC,paired,simple_rule_occipital_alpha,,,,
sub-020,False,EO,paired,simple_rule_occipital_alpha,,,,
sub-021,True,EC,paired,simple_rule_occipital_alpha,,,,
sub-022,True,EC,paired,simple_rule_occipital_alpha,,,,
sub-023,True,EC,paired,simple_rule_occipital_alpha,,,,
sub-024,True,EC,paired,simple_rule_occipital_alpha,,,,
sub-025,True,EC,paired,simple_rule_occipital_alpha,,,,
sub-026,True,EC,paired,simple_rule_occipital_alpha,,,,
sub-027,True,EC,paired,simple_rule_occipital_alpha,,,,
sub-028,False,EO,paired,simple_rule_occipital_alpha,,,,
sub-029,True,EC,paired,simple_rule_occipital_alpha,,,,
sub-030,True,EC,paired,simple_rule_occipital_alpha,,,,
sub-031,True,EC,paired,simple_rule_occipital_alpha,,,,
sub-032,True,EC,paired,simple_rule_occipital_alpha,,,,
sub-033,True,EC,paired,simple_rule_occipital_alpha,,,,
sub-034,True,EC,paired,simple_rule_occipital_alpha,,,,
sub-035,True,EC,paired,simple_rule_occipital_alpha,,,,
sub-036,True,EC,paired,simple_rule_occipital_alpha,,,,
sub-037,True,EC,paired,simple_rule_occipital_alpha,,,,
sub-038,True,EC,paired,simple_rule_occipital_alpha,,,,
sub-039,True,EC,paired,simple_rule_occipital_alpha,,,,
sub-040,True,EC,paired,simple_rule_occipital_alpha,,,,
sub-041,True,EC,paired,simple_rule_occipital_alpha,,,,
sub-042,True,EC,paired,simple_rule_occipital_alpha,,,,
sub-043,True,EC,paired,simple_rule_occipital_alpha,,,,
sub-044,True,EC,paired,simple_rule_occipital_alpha,,,,
sub-046,True,EC,paired,simple_rule_occipital_alpha,,,,
sub-047,True,EC,paired,simple_rule_occipital_alpha,,,,
sub-048,True,EC,paired,simple_rule_occipital_alpha,,,,
sub-049,True,EC,paired,simple_rule_occipital_alpha,,,,
sub-050,True,EC,paired,simple_rule_occipital_alpha,,,,
sub-051,True,EC,paired,simple_rule_occipital_alpha,,,,
sub-052,True,EC,paired,simple_rule_occipital_alpha,,,,
sub-053,True,EC,paired,simple_rule_occipital_alpha,,,,
sub-054,True,EC,paired,simple_rule_occipital_alpha,,,,
sub-055,True,EC,paired,simple_rule_occipital_alpha,,,,
sub-056,True,EC,paired,simple_rule_occipital_alpha,,,,
sub-057,True,EC,paired,simple_rule_occipital_alpha,,,,
sub-058,True,EC,paired,simple_rule_occipital_alpha,,,,
sub-059,True,EC,paired,simple_rule_occipital_alpha,,,,
sub-060,True,EC,paired,simple_rule_occipital_alpha,,,,
sub-061,True,EC,paired,simple_rule_occipital_alpha,,,,
sub-062,True,EC,paired,simple_rule_occipital_alpha,,,,
sub-063,True,EC,paired,simple_rule_occipital_alpha,,,,
sub-064,True,EC,paired,simple_rule_occipital_alpha,,,,
sub-065,True,EC,paired,simple_rule_occipital_alpha,,,,
sub-066,True,EC,paired,simple_rule_occipital_alpha,,,,
sub-067,True,EC,paired,simple_rule_occipital_alpha,,,,
sub-068,True,EC,paired,simple_rule_occipital_alpha,,,,
sub-069,False,EO,paired,simple_rule_occipital_alpha,,,,
sub-070,True,EC,paired,simple_rule_occipital_alpha,,,,
sub-071,True,EC,paired,simple_rule_occipital_alpha,,,,
sub-072,True,EC,paired,simple_rule_occipital_alpha,,,,
sub-073,True,EC,paired,simple_rule_occipital_alpha,,,,
sub-074,True,EC,paired,simple_rule_occipital_alpha,,,,
sub-075,True,EC,paired,simple_rule_occipital_alpha,,,,
sub-076,True,EC,paired,simple_rule_occipital_alpha,,,,
sub-077,True,EC,paired,simple_rule_occipital_alpha,,,,
sub-078,True,EC,paired,simple_rule_occipital_alpha,,,,
sub-080,True,EC,paired,simple_rule_occipital_alpha,,,,
sub-081,True,EC,paired,simple_rule_occipital_alpha,,,,
sub-082,True,EC,paired,simple_rule_occipital_alpha,,,,
sub-083,True,EC,paired,simple_rule_occipital_alpha,,,,
sub-084,True,EC,paired,simple_rule_occipital_alpha,,,,
sub-085,True,EC,paired,simple_rule_occipital_alpha,,,,
sub-086,True,EC,paired,simple_rule_occipital_alpha,,,,
sub-087,True,EC,paired,simple_rule_occipital_alpha,,,,
sub-088,True,EC,paired,simple_rule_occipital_alpha,,,,
sub-089,True,EC,paired,simple_rule_occipital_alpha,,,,
sub-090,True,EC,paired,simple_rule_occipital_alpha,,,,
sub-091,True,EC,paired,simple_rule_occipital_alpha,,,,
sub-092,True,EC,paired,simple_rule_occipital_alpha,,,,
sub-093,True,EC,paired,simple_rule_occipital_alpha,,,,
sub-094,True,EC,paired,simple_rule_occipital_alpha,,,,
sub-095,True,EC,paired,simple_rule_occipital_alpha,,,,
sub-096,True,EC,paired,simple_rule_occipital_alpha,,,,
sub-097,True,EC,paired,simple_rule_occipital_alpha,,,,
sub-098,True,EC,paired,simple_rule_occipital_alpha,,,,
sub-099,True,EC,paired,simple_rule_occipital_alpha,,,,
sub-100,True,EC,paired,simple_rule_occipital_alpha,,,,
sub-101,True,EC,paired,simple_rule_occipital_alpha,,,,
sub-102,True,EC,paired,simple_rule_occipital_alpha,,,,
sub-103,True,EC,paired,simple_rule_occipital_alpha,,,,
sub-104,True,EC,paired,simple_rule_occipital_alpha,,,,
sub-105,True,EC,paired,simple_rule_occipital_alpha,,,,
sub-106,True,EC,paired,simple_rule_occipital_alpha,,,,
sub-107,True,EC,paired,simple_rule_occipital_alpha,,,,
sub-108,True,EC,paired,simple_rule_occipital_alpha,,,,
sub-109,True,EC,paired,simple_rule_occipital_alpha,,,,
sub-110,True,EC,paired,simple_rule_occipital_alpha,,,,
sub-111,True,EC,paired,simple_rule_occipital_alpha,,,,
sub-112,True,EC,paired,simple_rule_occipital_alpha,,,,
sub-113,True,EC,paired,simple_rule_occipital_alpha,,,,
sub-114,True,EC,paired,simple_rule_occipital_alpha,,,,
sub-115,True,EC,paired,simple_rule_occipital_alpha,,,,
sub-116,True,EC,paired,simple_rule_occipital_alpha,,,,
sub-117,True,EC,paired,simple_rule_occipital_alpha,,,,
sub-118,True,EC,paired,simple_rule_occipital_alpha,,,,
sub-119,True,EC,paired,simple_rule_occipital_alpha,,,,
sub-120,False,EO,paired,simple_rule_occipital_alpha,,,,
sub-121,True,EC,paired,simple_rule_occipital_alpha,,,,
sub-122,False,EO,paired,simple_rule_occipital_alpha,,,,
sub-123,True,EC,paired,simple_rule_occipital_alpha,,,,
sub-124,True,EC,paired,simple_rule_occipital_alpha,,,,
sub-125,True,EC,paired,simple_rule_occipital_alpha,,,,
sub-126,True,EC,paired,simple_rule_occipital_alpha,,,,
sub-127,False,EO,paired,simple_rule_occipital_alpha,,,,
sub-128,True,EC,paired,simple_rule_occipital_alpha,,,,
sub-129,True,EC,paired,simple_rule_occipital_alpha,,,,
sub-130,True,EC,paired,simple_rule_occipital_alpha,,,,
sub-131,True,EC,paired,simple_rule_occipital_alpha,,,,
sub-132,True,EC,paired,simple_rule_occipital_alpha,,,,
sub-133,False,EO,paired,simple_rule_occipital_alpha,,,,
sub-134,True,EC,paired,simple_rule_occipital_alpha,,,,
sub-135,True,EC,paired,simple_rule_occipital_alpha,,,,
sub-136,True,EC,paired,simple_rule_occipital_alpha,,,,
sub-137,True,EC,paired,simple_rule_occipital_alpha,,,,
sub-138,True,EC,paired,simple_rule_occipital_alpha,,,,
sub-139,True,EC,paired,simple_rule_occipital_alpha,,,,
sub-140,True,EC,paired,simple_rule_occipital_alpha,,,,
sub-141,True,EC,paired,simple_rule_occipital_alpha,,,,
sub-142,True,EC,paired,simple_rule_occipital_alpha,,,,
sub-143,True,EC,paired,simple_rule_occipital_alpha,,,,
sub-144,True,EC,paired,simple_rule_occipital_alpha,,,,
sub-145,True,EC,paired,simple_rule_occipital_alpha,,,,
sub-146,True,EC,paired,simple_rule_occipital_alpha,,,,
sub-147,True,EC,paired,simple_rule_occipital_alpha,,,,
sub-148,True,EC,paired,simple_rule_occipital_alpha,,,,
sub-149,True,EC,paired,simple_rule_occipital_alpha,,,,
sub-150,False,EO,paired,simple_rule_occipital_alpha,,,,
sub-151,True,EC,paired,simple_rule_occipital_alpha,,,,
sub-152,False,EO,paired,simple_rule_occipital_alpha,,,,
sub-153,True,EC,paired,simple_rule_occipital_alpha,,,,
sub-154,True,EC,paired,simple_rule_occipital_alpha,,,,
sub-155,True,EC,paired,simple_rule_occipital_alpha,,,,
sub-156,True,EC,paired,simple_rule_occipital_alpha,,,,
sub-157,True,EC,paired,simple_rule_occipital_alpha,,,,
sub-158,True,EC,paired,simple_rule_occipital_alpha,,,,
sub-159,True,EC,paired,simple_rule_occipital_alpha,,,,
sub-160,True,EC,paired,simple_rule_occipital_alpha,,,,
sub-161,True,EC,paired,simple_rule_occipital_alpha,,,,
sub-162,True,EC,paired,simple_rule_occipital_alpha,,,,
sub-163,True,EC,paired,simple_rule_occipital_alpha,,,,
sub-164,True,EC,paired,simple_rule_occipital_alpha,,,,
sub-165,True,EC,paired,simple_rule_occipital_alpha,,,,
sub-166,True,EC,paired,simple_rule_occipital_alpha,,,,
sub-167,True,EC,paired,simple_rule_occipital_alpha,,,,
sub-168,True,EC,paired,simple_rule_occipital_alpha,,,,
sub-169,True,EC,paired,simple_rule_occipital_alpha,,,,
sub-170,True,EC,paired,simple_rule_occipital_alpha,,,,
sub-171,True,EC,paired,simple_rule_occipital_alpha,,,,
sub-172,True,EC,paired,simple_rule_occipital_alpha,,,,
sub-173,True,EC,paired,simple_rule_occipital_alpha,,,,
sub-174,True,EC,paired,simple_rule_occipital_alpha,,,,
sub-175,True,EC,paired,simple_rule_occipital_alpha,,,,
sub-176,True,EC,paired,simple_rule_occipital_alpha,,,,
sub-177,True,EC,paired,simple_rule_occipital_alpha,,,,
sub-178,True,EC,paired,simple_rule_occipital_alpha,,,,
sub-179,True,EC,paired,simple_rule_occipital_alpha,,,,
sub-180,True,EC,paired,simple_rule_occipital_alpha,,,,
sub-181,True,EC,paired,simple_rule_occipital_alpha,,,,
sub-182,True,EC,paired,simple_rule_occipital_alpha,,,,
sub-183,True,EC,paired,simple_rule_occipital_alpha,,,,
sub-184,True,EC,paired,simple_rule_occipital_alpha,,,,
sub-186,True,EC,paired,simple_rule_occipital_alpha,,,,
sub-187,True,EC,paired,simple_rule_occipital_alpha,,,,
sub-188,True,EC,paired,simple_rule_occipital_alpha,,,,
sub-189,True,EC,paired,simple_rule_occipital_alpha,,,,
sub-190,True,EC,paired,simple_rule_occipital_alpha,,,,
sub-191,True,EC,paired,simple_rule_occipital_alpha,,,,
sub-192,True,EC,paired,simple_rule_occipital_alpha,,,,
sub-193,True,EC,paired,simple_rule_occipital_alpha,,,,
sub-194,True,EC,paired,simple_rule_occipital_alpha,,,,
sub-195,True,EC,paired,simple_rule_occipital_alpha,,,,
sub-197,True,EC,paired,simple_rule_occipital_alpha,,,,
sub-198,True,EC,paired,simple_rule_occipital_alpha,,,,
sub-199,True,EC,paired,simple_rule_occipital_alpha,,,,
sub-200,True,EC,paired,simple_rule_occipital_alpha,,,,
sub-201,False,EO,paired,simple_rule_occipital_alpha,,,,
sub-202,True,EC,paired,simple_rule_occipital_alpha,,,,
sub-203,False,EO,paired,simple_rule_occipital_alpha,,,,
sub-204,True,EC,paired,simple_rule_occipital_alpha,,,,
sub-205,True,EC,paired,simple_rule_occipital_alpha,,,,
sub-206,True,EC,paired,simple_rule_occipital_alpha,,,,
sub-207,True,EC,paired,simple_rule_occipital_alpha,,,,
sub-208,True,EC,paired,simple_rule_occipital_alpha,,,,
sub-209,True,EC,paired,simple_rule_occipital_alpha,,,,
sub-210,True,EC,paired,simple_rule_occipital_alpha,,,,
sub-211,True,EC,paired,simple_rule_occipital_alpha,,,,
sub-212,True,EC,paired,simple_rule_occipital_alpha,,,,
sub-213,True,EC,paired,simple_rule_occipital_alpha,,,,
sub-214,True,EC,paired,simple_rule_occipital_alpha,,,,
sub-215,True,EC,paired,simple_rule_occipital_alpha,,,,
sub-216,True,EC,paired,simple_rule_occipital_alpha,,,,
sub-217,True,EC,paired,simple_rule_occipital_alpha,,,,
sub-218,True,EC,paired,simple_rule_occipital_alpha,,,,
sub-219,True,EC,paired,simple_rule_occipital_alpha,,,,
sub-220,True,EC,paired,simple_rule_occipital_alpha,,,,
sub-221,True,EC,paired,simple_rule_occipital_alpha,,,,
sub-222,True,EC,paired,simple_rule_occipital_alpha,,,,
sub-223,True,EC,paired,simple_rule_occipital_alpha,,,,
sub-224,True,EC,paired,simple_rule_occipital_alpha,,,,
sub-225,True,EC,paired,simple_rule_occipital_alpha,,,,
sub-226,True,EC,paired,simple_rule_occipital_alpha,,,,
sub-227,True,EC,paired,simple_rule_occipital_alpha,,,,
sub-228,True,EC,paired,simple_rule_occipital_alpha,,,,
sub-229,True,EC,paired,simple_rule_occipital_alpha,,,,
sub-231,True,EC,paired,simple_rule_occipital_alpha,,,,
sub-232,True,EC,paired,simple_rule_occipital_alpha,,,,
sub-233,True,EC,paired,simple_rule_occipital_alpha,,,,
sub-234,True,EC,paired,simple_rule_occipital_alpha,,,,
sub-235,True,EC,paired,simple_rule_occipital_alpha,,,,
sub-236,True,EC,paired,simple_rule_occipital_alpha,,,,
sub-237,True,EC,paired,simple_rule_occipital_alpha,,,,
sub-238,True,EC,paired,simple_rule_occipital_alpha,,,,
sub-239,True,EC,paired,simple_rule_occipital_alpha,,,,
sub-240,True,EC,paired,simple_rule_occipital_alpha,,,,
sub-241,True,EC,paired,simple_rule_occipital_alpha,,,,
sub-242,True,EC,paired,simple_rule_occipital_alpha,,,,
sub-243,False,EO,paired,simple_rule_occipital_alpha,,,,
sub-244,True,EC,paired,simple_rule_occipital_alpha,,,,
sub-245,True,EC,paired,simple_rule_occipital_alpha,,,,
sub-246,True,EC,paired,simple_rule_occipital_alpha,,,,
sub-247,True,EC,paired,simple_rule_occipital_alpha,,,,
sub-248,True,EC,paired,simple_rule_occipital_alpha,,,,
sub-249,True,EC,paired,simple_rule_occipital_alpha,,,,
sub-250,True,EC,paired,simple_rule_occipital_alpha,,,,
sub-251,True,EC,paired,simple_rule_occipital_alpha,,,,
sub-252,True,EC,paired,simple_rule_occipital_alpha,,,,
sub-253,True,EC,paired,simple_rule_occipital_alpha,,,,
sub-254,True,EC,paired,simple_rule_occipital_alpha,,,,
sub-255,True,EC,paired,simple_rule_occipital_alpha,,,,
sub-256,True,EC,paired,simple_rule_occipital_alpha,,,,
sub-257,True,EC,paired,simple_rule_occipital_alpha,,,,
sub-258,True,EC,paired,simple_rule_occipital_alpha,,,,
sub-259,True,EC,paired,simple_rule_occipital_alpha,,,,
sub-260,True,EC,paired,simple_rule_occipital_alpha,,,,
sub-261,True,EC,paired,simple_rule_occipital_alpha,,,,
sub-262,True,EC,paired,simple_rule_occipital_alpha,,,,
sub-263,True,EC,paired,simple_rule_occipital_alpha,,,,
sub-264,True,EC,paired,simple_rule_occipital_alpha,,,,
sub-265,True,EC,paired,simple_rule_occipital_alpha,,,,
sub-266,True,EC,paired,simple_rule_occipital_alpha,,,,
sub-267,True,EC,paired,simple_rule_occipital_alpha,,,,
sub-268,False,EO,paired,simple_rule_occipital_alpha,,,,
sub-269,True,EC,paired,simple_rule_occipital_alpha,,,,
sub-271,True,EC,paired,simple_rule_occipital_alpha,,,,
sub-272,True,EC,paired,simple_rule_occipital_alpha,,,,
sub-273,True,EC,paired,simple_rule_occipital_alpha,,,,
sub-274,False,EO,paired,simple_rule_occipital_alpha,,,,
sub-275,True,EC,paired,simple_rule_occipital_alpha,,,,
sub-276,True,EC,paired,simple_rule_occipital_alpha,,,,
sub-277,False,EO,paired,simple_rule_occipital_alpha,,,,
sub-278,True,EC,paired,simple_rule_occipital_alpha,,,,
sub-279,True,EC,paired,simple_rule_occipital_alpha,,,,
sub-280,True,EC,paired,simple_rule_occipital_alpha,,,,
sub-281,True,EC,paired,simple_rule_occipital_alpha,,,,
sub-282,True,EC,paired,simple_rule_occipital_alpha,,,,
sub-283,True,EC,paired,simple_rule_occipital_alpha,,,,
sub-284,True,EC,paired,simple_rule_occipital_alpha,,,,
sub-285,True,EC,paired,simple_rule_occipital_alpha,,,,
sub-286,True,EC,paired,simple_rule_occipital_alpha,,,,
sub-287,True,EC,paired,simple_rule_occipital_alpha,,,,
sub-289,True,EC,paired,simple_rule_occipital_alpha,,,,
sub-290,True,EC,paired,simple_rule_occipital_alpha,,,,
sub-291,True,EC,paired,simple_rule_occipital_alpha,,,,
sub-292,True,EC,paired,simple_rule_occipital_alpha,,,,
sub-293,True,EC,paired,simple_rule_occipital_alpha,,,,
sub-294,True,EC,paired,simple_rule_occipital_alpha,,,,
sub-295,True,EC,paired,simple_rule_occipital_alpha,,,,
sub-296,True,EC,paired,simple_rule_occipital_alpha,,,,
sub-297,True,EC,paired,simple_rule_occipital_alpha,,,,
sub-298,True,EC,paired,simple_rule_occipital_alpha,,,,
sub-299,True,EC,paired,simple_rule_occipital_alpha,,,,
sub-300,True,EC,paired,simple_rule_occipital_alpha,,,,
sub-301,True,EC,paired,simple_rule_occipital_alpha,,,,
sub-302,True,EC,paired,simple_rule_occipital_alpha,,,,
sub-303,True,EC,paired,simple_rule_occipital_alpha,,,,
sub-304,False,EO,paired,simple_rule_occipital_alpha,,,,
sub-305,True,EC,paired,simple_rule_occipital_alpha,,,,
sub-307,True,EC,paired,simple_rule_occipital_alpha,,,,
sub-308,True,EC,paired,simple_rule_occipital_alpha,,,,
sub-309,True,EC,paired,simple_rule_occipital_alpha,,,,
sub-310,True,EC,paired,simple_rule_occipital_alpha,,,,
sub-311,False,EO,paired,simple_rule_occipital_alpha,,,,
sub-312,True,EC,paired,simple_rule_occipital_alpha,,,,
sub-313,False,EO,paired,simple_rule_occipital_alpha,,,,
sub-314,True,EC,paired,simple_rule_occipital_alpha,,,,
sub-315,True,EC,paired,simple_rule_occipital_alpha,,,,
sub-316,True,EC,paired,simple_rule_occipital_alpha,,,,
sub-317,True,EC,paired,simple_rule_occipital_alpha,,,,
sub-318,True,EC,paired,simple_rule_occipital_alpha,,,,
sub-320,True,EC,paired,simple_rule_occipital_alpha,,,,
sub-321,True,EC,paired,simple_rule_occipital_alpha,,,,
sub-322,True,EC,paired,simple_rule_occipital_alpha,,,,
sub-323,False,EO,paired,simple_rule_occipital_alpha,,,,
sub-324,True,EC,paired,simple_rule_occipital_alpha,,,,
sub-325,True,EC,paired,simple_rule_occipital_alpha,,,,
sub-326,True,EC,paired,simple_rule_occipital_alpha,,,,
sub-327,True,EC,paired,simple_rule_occipital_alpha,,,,
sub-328,True,EC,paired,simple_rule_occipital_alpha,,,,
sub-329,True,EC,paired,simple_rule_occipital_alpha,,,,
sub-330,True,EC,paired,simple_rule_occipital_alpha,,,,
sub-331,True,EC,paired,simple_rule_occipital_alpha,,,,
sub-333,True,EC,paired,simple_rule_occipital_alpha,,,,
sub-334,True,EC,paired,simple_rule_occipital_alpha,,,,
sub-335,True,EC,paired,simple_rule_occipital_alpha,,,,
sub-336,True,EC,paired,simple_rule_occipital_alpha,,,,
sub-337,True,EC,paired,simple_rule_occipital_alpha,,,,
sub-338,True,EC,paired,simple_rule_occipital_alpha,,,,
sub-339,True,EC,paired,simple_rule_occipital_alpha,,,,
sub-340,True,EC,paired,simple_rule_occipital_alpha,,,,
sub-341,True,EC,paired,simple_rule_occipital_alpha,,,,
sub-342,True,EC,paired,simple_rule_occipital_alpha,,,,
sub-343,True,EC,paired,simple_rule_occipital_alpha,,,,
sub-344,True,EC,paired,simple_rule_occipital_alpha,,,,
sub-345,True,EC,paired,simple_rule_occipital_alpha,,,,
sub-346,True,EC,paired,simple_rule_occipital_alpha,,,,
sub-347,True,EC,paired,simple_rule_occipital_alpha,,,,
sub-348,True,EC,paired,simple_rule_occipital_alpha,,,,
sub-349,True,EC,paired,simple_rule_occipital_alpha,,,,
sub-350,True,EC,paired,simple_rule_occipital_alpha,,,,
sub-351,True,EC,paired,simple_rule_occipital_alpha,,,,
sub-352,True,EC,paired,simple_rule_occipital_alpha,,,,
sub-353,True,EC,paired,simple_rule_occipital_alpha,,,,
sub-354,True,EC,paired,simple_rule_occipital_alpha,,,,
sub-355,True,EC,paired,simple_rule_occipital_alpha,,,,
sub-356,True,EC,paired,simple_rule_occipital_alpha,,,,
sub-357,True,EC,paired,simple_rule_occipital_alpha,,,,
sub-358,True,EC,paired,simple_rule_occipital_alpha,,,,
sub-359,True,EC,paired,simple_rule_occipital_alpha,,,,
sub-361,True,EC,paired,simple_rule_occipital_alpha,,,,
sub-362,True,EC,paired,simple_rule_occipital_alpha,,,,
sub-363,True,EC,paired,simple_rule_occipital_alpha,,,,
sub-364,True,EC,paired,simple_rule_occipital_alpha,,,,
sub-365,True,EC,paired,simple_rule_occipital_alpha,,,,
sub-366,True,EC,paired,simple_rule_occipital_alpha,,,,
sub-367,True,EC,paired,simple_rule_occipital_alpha,,,,
sub-368,False,EO,paired,simple_rule_occipital_alpha,,,,
sub-369,True,EC,paired,simple_rule_occipital_alpha,,,,
sub-370,True,EC,paired,simple_rule_occipital_alpha,,,,
sub-371,True,EC,paired,simple_rule_occipital_alpha,,,,
sub-372,True,EC,paired,simple_rule_occipital_alpha,,,,
sub-373,True,EC,paired,simple_rule_occipital_alpha,,,,
sub-374,True,EC,paired,simple_rule_occipital_alpha,,,,
sub-375,True,EC,paired,simple_rule_occipital_alpha,,,,
sub-376,True,EC,paired,simple_rule_occipital_alpha,,,,
sub-377,True,EC,paired,simple_rule_occipital_alpha,,,,
sub-378,True,EC,paired,simple_rule_occipital_alpha,,,,
sub-379,True,EC,paired,simple_rule_occipital_alpha,,,,
sub-380,True,EC,paired,simple_rule_occipital_alpha,,,,
sub-381,True,EC,paired,simple_rule_occipital_alpha,,,,
sub-382,False,EO,paired,simple_rule_occipital_alpha,,,,
sub-383,True,EC,paired,simple_rule_occipital_alpha,,,,
sub-384,True,EC,paired,simple_rule_occipital_alpha,,,,
sub-385,True,EC,paired,simple_rule_occipital_alpha,,,,
sub-386,True,EC,paired,simple_rule_occipital_alpha,,,,
sub-387,True,EC,paired,simple_rule_occipital_alpha,,,,
sub-388,True,EC,paired,simple_rule_occipital_alpha,,,,
sub-389,True,EC,paired,simple_rule_occipital_alpha,,,,
sub-390,True,EC,paired,simple_rule_occipital_alpha,,,,
sub-391,True,EC,paired,simple_rule_occipital_alpha,,,,
sub-392,True,EC,paired,simple_rule_occipital_alpha,,,,
sub-393,True,EC,paired,simple_rule_occipital_alpha,,,,
sub-394,True,EC,paired,simple_rule_occipital_alpha,,,,
sub-395,True,EC,paired,simple_rule_occipital_alpha,,,,
sub-396,True,EC,paired,simple_rule_occipital_alpha,,,,
sub-397,True,EC,paired,simple_rule_occipital_alpha,,,,
sub-398,True,EC,paired,simple_rule_occipital_alpha,,,,
sub-399,False,EO,paired,simple_rule_occipital_alpha,,,,
sub-400,True,EC,paired,simple_rule_occipital_alpha,,,,
sub-401,True,EC,paired,simple_rule_occipital_alpha,,,,
sub-402,True,EC,paired,simple_rule_occipital_alpha,,,,
sub-403,True,EC,paired,simple_rule_occipital_alpha,,,,
sub-404,True,EC,paired,simple_rule_occipital_alpha,,,,
sub-405,True,EC,paired,simple_rule_occipital_alpha,,,,
sub-406,True,EC,paired,simple_rule_occipital_alpha,,,,
sub-407,True,EC,paired,simple_rule_occipital_alpha,,,,
sub-408,True,EC,paired,simple_rule_occipital_alpha,,,,
sub-409,True,EC,paired,simple_rule_occipital_alpha,,,,
sub-410,True,EC,paired,simple_rule_occipital_alpha,,,,
sub-411,True,EC,paired,simple_rule_occipital_alpha,,,,
sub-412,True,EC,paired,simple_rule_occipital_alpha,,,,
sub-413,True,EC,paired,simple_rule_occipital_alpha,,,,
sub-414,True,EC,paired,simple_rule_occipital_alpha,,,,
sub-415,False,EO,paired,simple_rule_occipital_alpha,,,,
sub-416,True,EC,paired,simple_rule_occipital_alpha,,,,
sub-417,True,EC,paired,simple_rule_occipital_alpha,,,,
sub-418,True,EC,paired,simple_rule_occipital_alpha,,,,
sub-419,True,EC,paired,simple_rule_occipital_alpha,,,,
sub-420,False,EO,paired,simple_rule_occipital_alpha,,,,
sub-421,True,EC,paired,simple_rule_occipital_alpha,,,,
sub-422,True,EC,paired,simple_rule_occipital_alpha,,,,
sub-423,True,EC,paired,simple_rule_occipital_alpha,,,,
sub-424,True,EC,paired,simple_rule_occipital_alpha,,,,
sub-425,True,EC,paired,simple_rule_occipital_alpha,,,,
sub-426,False,EO,paired,simple_rule_occipital_alpha,,,,
sub-427,True,EC,paired,simple_rule_occipital_alpha,,,,
sub-428,True,EC,paired,simple_rule_occipital_alpha,,,,
sub-429,True,EC,paired,simple_rule_occipital_alpha,,,,
sub-430,False,EO,paired,simple_rule_occipital_alpha,,,,
sub-431,True,EC,paired,simple_rule_occipital_alpha,,,,
sub-432,True,EC,paired,simple_rule_occipital_alpha,,,,
sub-433,True,EC,paired,simple_rule_occipital_alpha,,,,
sub-434,True,EC,paired,simple_rule_occipital_alpha,,,,
sub-435,True,EC,paired,simple_rule_occipital_alpha,,,,
sub-436,True,EC,paired,simple_rule_occipital_alpha,,,,
sub-437,True,EC,paired,simple_rule_occipital_alpha,,,,
sub-438,True,EC,paired,simple_rule_occipital_alpha,,,,
sub-439,True,EC,paired,simple_rule_occipital_alpha,,,,
sub-440,True,EC,paired,simple_rule_occipital_alpha,,,,
sub-441,True,EC,paired,simple_rule_occipital_alpha,,,,
sub-442,True,EC,paired,simple_rule_occipital_alpha,,,,
sub-443,True,EC,paired,simple_rule_occipital_alpha,,,,
sub-444,True,EC,paired,simple_rule_occipital_alpha,,,,
sub-445,True,EC,paired,simple_rule_occipital_alpha,,,,
sub-446,True,EC,paired,simple_rule_occipital_alpha,,,,
sub-447,True,EC,paired,simple_rule_occipital_alpha,,,,
sub-448,True,EC,paired,simple_rule_occipital_alpha,,,,
sub-449,True,EC,paired,simple_rule_occipital_alpha,,,,
sub-450,True,EC,paired,simple_rule_occipital_alpha,,,,
sub-451,True,EC,paired,simple_rule_occipital_alpha,,,,
sub-452,True,EC,paired,simple_rule_occipital_alpha,,,,
sub-453,True,EC,paired,simple_rule_occipital_alpha,,,,
sub-454,True,EC,paired,simple_rule_occipital_alpha,,,,
sub-455,True,EC,paired,simple_rule_occipital_alpha,,,,
sub-456,True,EC,paired,simple_rule_occipital_alpha,,,,
sub-457,True,EC,paired,simple_rule_occipital_alpha,,,,
sub-458,True,EC,paired,simple_rule_occipital_alpha,,,,
sub-459,True,EC,paired,simple_rule_occipital_alpha,,,,
sub-460,True,EC,paired,simple_rule_occipital_alpha,,,,
sub-461,True,EC,paired,simple_rule_occipital_alpha,,,,
sub-462,True,EC,paired,simple_rule_occipital_alpha,,,,
sub-463,True,EC,paired,simple_rule_occipital_alpha,,,,
sub-464,True,EC,paired,simple_rule_occipital_alpha,,,,
sub-465,True,EC,paired,simple_rule_occipital_alpha,,,,
sub-466,True,EC,paired,simple_rule_occipital_alpha,,,,
sub-467,True,EC,paired,simple_rule_occipital_alpha,,,,
sub-468,True,EC,paired,simple_rule_occipital_alpha,,,,
sub-469,True,EC,paired,simple_rule_occipital_alpha,,,,
sub-470,True,EC,paired,simple_rule_occipital_alpha,,,,
sub-471,True,EC,paired,simple_rule_occipital_alpha,,,,
sub-473,True,EC,paired,simple_rule_occipital_alpha,,,,
sub-474,True,EC,paired,simple_rule_occipital_alpha,,,,
sub-475,True,EC,paired,simple_rule_occipital_alpha,,,,
sub-476,True,EC,paired,simple_rule_occipital_alpha,,,,
sub-477,True,EC,paired,simple_rule_occipital_alpha,,,,
sub-478,True,EC,paired,simple_rule_occipital_alpha,,,,
sub-479,False,EO,paired,simple_rule_occipital_alpha,,,,
sub-480,True,EC,paired,simple_rule_occipital_alpha,,,,
sub-481,True,EC,paired,simple_rule_occipital_alpha,,,,
sub-482,True,EC,paired,simple_rule_occipital_alpha,,,,
sub-483,True,EC,paired,simple_rule_occipital_alpha,,,,
sub-484,False,EO,paired,simple_rule_occipital_alpha,,,,
sub-485,True,EC,paired,simple_rule_occipital_alpha,,,,
sub-486,True,EC,paired,simple_rule_occipital_alpha,,,,
sub-487,True,EC,paired,simple_rule_occipital_alpha,,,,
sub-488,True,EC,paired,simple_rule_occipital_alpha,,,,
sub-489,True,EC,paired,simple_rule_occipital_alpha,,,,
sub-490,True,EC,paired,simple_rule_occipital_alpha,,,,
sub-491,True,EC,paired,simple_rule_occipital_alpha,,,,
sub-492,True,EC,paired,simple_rule_occipital_alpha,,,,
sub-493,True,EC,paired,simple_rule_occipital_alpha,,,,
sub-494,True,EC,paired,simple_rule_occipital_alpha,,,,
sub-495,True,EC,paired,simple_rule_occipital_alpha,,,,
sub-496,True,EC,paired,simple_rule_occipital_alpha,,,,
sub-497,True,EC,paired,simple_rule_occipital_alpha,,,,
sub-498,True,EC,paired,simple_rule_occipital_alpha,,,,
sub-499,True,EC,paired,simple_rule_occipital_alpha,,,,
sub-500,True,EC,paired,simple_rule_occipital_alpha,,,,
sub-501,True,EC,paired,simple_rule_occipital_alpha,,,,
sub-502,True,EC,paired,simple_rule_occipital_alpha,,,,
sub-503,True,EC,paired,simple_rule_occipital_alpha,,,,
sub-504,True,EC,paired,simple_rule_occipital_alpha,,,,
sub-505,True,EC,paired,simple_rule_occipital_alpha,,,,
sub-506,False,EO,paired,simple_rule_occipital_alpha,,,,
sub-507,True,EC,paired,simple_rule_occipital_alpha,,,,
sub-508,True,EC,paired,simple_rule_occipital_alpha,,,,
sub-509,True,EC,paired,simple_rule_occipital_alpha,,,,
sub-510,True,EC,paired,simple_rule_occipital_alpha,,,,
sub-511,True,EC,paired,simple_rule_occipital_alpha,,,,
sub-513,True,EC,paired,simple_rule_occipital_alpha,,,,
sub-514,True,EC,paired,simple_rule_occipital_alpha,,,,
sub-515,True,EC,paired,simple_rule_occipital_alpha,,,,
sub-516,True,EC,paired,simple_rule_occipital_alpha,,,,
sub-517,True,EC,paired,simple_rule_occipital_alpha,,,,
sub-518,True,EC,paired,simple_rule_occipital_alpha,,,,
sub-519,False,EO,paired,simple_rule_occipital_alpha,,,,
sub-520,True,EC,paired,simple_rule_occipital_alpha,,,,
sub-521,True,EC,paired,simple_rule_occipital_alpha,,,,
sub-522,True,EC,paired,simple_rule_occipital_alpha,,,,
sub-523,True,EC,paired,simple_rule_occipital_alpha,,,,
sub-524,True,EC,paired,simple_rule_occipital_alpha,,,,
sub-525,True,EC,paired,simple_rule_occipital_alpha,,,,
sub-526,True,EC,paired,simple_rule_occipital_alpha,,,,
sub-527,True,EC,paired,simple_rule_occipital_alpha,,,,
sub-528,True,EC,paired,simple_rule_occipital_alpha,,,,
sub-529,True,EC,paired,simple_rule_occipital_alpha,,,,
sub-530,True,EC,paired,simple_rule_occipital_alpha,,,,
sub-531,True,EC,paired,simple_rule_occipital_alpha,,,,
sub-532,True,EC,paired,simple_rule_occipital_alpha,,,,
sub-533,True,EC,paired,simple_rule_occipital_alpha,,,,
sub-534,True,EC,paired,simple_rule_occipital_alpha,,,,
sub-535,True,EC,paired,simple_rule_occipital_alpha,,,,
sub-536,True,EC,paired,simple_rule_occipital_alpha,,,,
sub-537,True,EC,paired,simple_rule_occipital_alpha,,,,
sub-538,True,EC,paired,simple_rule_occipital_alpha,,,,
sub-539,True,EC,paired,simple_rule_occipital_alpha,,,,
sub-540,True,EC,paired,simple_rule_occipital_alpha,,,,
sub-541,True,EC,paired,simple_rule_occipital_alpha,,,,
sub-542,True,EC,paired,simple_rule_occipital_alpha,,,,
sub-543,True,EC,paired,simple_rule_occipital_alpha,,,,
sub-544,True,EC,paired,simple_rule_occipital_alpha,,,,
sub-545,True,EC,paired,simple_rule_occipital_alpha,,,,
sub-546,False,EO,paired,simple_rule_occipital_alpha,,,,
sub-547,True,EC,paired,simple_rule_occipital_alpha,,,,
sub-548,True,EC,paired,simple_rule_occipital_alpha,,,,
sub-549,True,EC,paired,simple_rule_occipital_alpha,,,,
sub-550,True,EC,paired,simple_rule_occipital_alpha,,,,
sub-551,False,EO,paired,simple_rule_occipital_alpha,,,,
sub-552,True,EC,paired,simple_rule_occipital_alpha,,,,
sub-553,True,EC,paired,simple_rule_occipital_alpha,,,,
sub-554,True,EC,paired,simple_rule_occipital_alpha,,,,
sub-555,True,EC,paired,simple_rule_occipital_alpha,,,,
sub-556,True,EC,paired,simple_rule_occipital_alpha,,,,
sub-557,True,EC,paired,simple_rule_occipital_alpha,,,,
sub-558,True,EC,paired,simple_rule_occipital_alpha,,,,
sub-559,True,EC,paired,simple_rule_occipital_alpha,,,,
sub-561,True,EC,paired,simple_rule_occipital_alpha,,,,
sub-562,True,EC,paired,simple_rule_occipital_alpha,,,,
sub-563,True,EC,paired,simple_rule_occipital_alpha,,,,
sub-564,True,EC,paired,simple_rule_occipital_alpha,,,,
sub-565,True,EC,paired,simple_rule_occipital_alpha,,,,
sub-566,True,EC,paired,simple_rule_occipital_alpha,,,,
sub-567,True,EC,paired,simple_rule_occipital_alpha,,,,
sub-568,True,EC,paired,simple_rule_occipital_alpha,,,,
sub-569,True,EC,paired,simple_rule_occipital_alpha,,,,
sub-570,True,EC,paired,simple_rule_occipital_alpha,,,,
sub-571,True,EC,paired,simple_rule_occipital_alpha,,,,
sub-572,True,EC,paired,simple_rule_occipital_alpha,,,,
sub-573,True,EC,paired,simple_rule_occipital_alpha,,,,
sub-574,True,EC,paired,simple_rule_occipital_alpha,,,,
sub-575,True,EC,paired,simple_rule_occipital_alpha,,,,
sub-576,True,EC,paired,simple_rule_occipital_alpha,,,,
sub-577,True,EC,paired,simple_rule_occipital_alpha,,,,
sub-578,True,EC,paired,simple_rule_occipital_alpha,,,,
sub-579,True,EC,paired,simple_rule_occipital_alpha,,,,
sub-580,True,EC,paired,simple_rule_occipital_alpha,,,,
sub-581,True,EC,paired,simple_rule_occipital_alpha,,,,
sub-582,True,EC,paired,simple_rule_occipital_alpha,,,,
sub-583,True,EC,paired,simple_rule_occipital_alpha,,,,
sub-584,True,EC,paired,simple_rule_occipital_alpha,,,,
sub-585,True,EC,paired,simple_rule_occipital_alpha,,,,
sub-586,True,EC,paired,simple_rule_occipital_alpha,,,,
sub-587,True,EC,paired,simple_rule_occipital_alpha,,,,
sub-588,True,EC,paired,simple_rule_occipital_alpha,,,,
sub-589,True,EC,paired,simple_rule_occipital_alpha,,,,
sub-590,True,EC,paired,simple_rule_occipital_alpha,,,,
sub-591,True,EC,paired,simple_rule_occipital_alpha,,,,
sub-592,True,EC,paired,simple_rule_occipital_alpha,,,,
sub-593,True,EC,paired,simple_rule_occipital_alpha,,,,
sub-594,True,EC,paired,simple_rule_occipital_alpha,,,,
sub-595,True,EC,paired,simple_rule_occipital_alpha,,,,
sub-596,True,EC,paired,simple_rule_occipital_alpha,,,,
sub-597,True,EC,paired,simple_rule_occipital_alpha,,,,
sub-598,True,EC,paired,simple_rule_occipital_alpha,,,,
sub-599,True,EC,paired,simple_rule_occipital_alpha,,,,
sub-600,True,EC,paired,simple_rule_occipital_alpha,,,,
sub-601,True,EC,paired,simple_rule_occipital_alpha,,,,
sub-602,True,EC,paired,simple_rule_occipital_alpha,,,,
sub-603,True,EC,paired,simple_rule_occipital_alpha,,,,
sub-605,True,EC,paired,simple_rule_occipital_alpha,,,,
sub-606,True,EC,paired,simple_rule_occipital_alpha,,,,
sub-607,True,EC,paired,simple_rule_occipital_alpha,,,,
sub-608,True,EC,paired,simple_rule_occipital_alpha,,,,
sub-001,True,EC,paired,simple_rule_posterior_alpha,,,,
sub-002,True,EC,paired,simple_rule_posterior_alpha,,,,
sub-003,True,EC,paired,simple_rule_posterior_alpha,,,,
sub-005,True,EC,paired,simple_rule_posterior_alpha,,,,
sub-006,True,EC,paired,simple_rule_posterior_alpha,,,,
sub-007,True,EC,paired,simple_rule_posterior_alpha,,,,
sub-008,True,EC,paired,simple_rule_posterior_alpha,,,,
sub-009,False,EO,paired,simple_rule_posterior_alpha,,,,
sub-010,True,EC,paired,simple_rule_posterior_alpha,,,,
sub-011,True,EC,paired,simple_rule_posterior_alpha,,,,
sub-012,True,EC,paired,simple_rule_posterior_alpha,,,,
sub-014,True,EC,paired,simple_rule_posterior_alpha,,,,
sub-015,True,EC,paired,simple_rule_posterior_alpha,,,,
sub-016,True,EC,paired,simple_rule_posterior_alpha,,,,
sub-017,True,EC,paired,simple_rule_posterior_alpha,,,,
sub-018,True,EC,paired,simple_rule_posterior_alpha,,,,
sub-019,True,EC,paired,simple_rule_posterior_alpha,,,,
sub-020,False,EO,paired,simple_rule_posterior_alpha,,,,
sub-021,True,EC,paired,simple_rule_posterior_alpha,,,,
sub-022,True,EC,paired,simple_rule_posterior_alpha,,,,
sub-023,True,EC,paired,simple_rule_posterior_alpha,,,,
sub-024,True,EC,paired,simple_rule_posterior_alpha,,,,
sub-025,True,EC,paired,simple_rule_posterior_alpha,,,,
sub-026,True,EC,paired,simple_rule_posterior_alpha,,,,
sub-027,True,EC,paired,simple_rule_posterior_alpha,,,,
sub-028,False,EO,paired,simple_rule_posterior_alpha,,,,
sub-029,True,EC,paired,simple_rule_posterior_alpha,,,,
sub-030,True,EC,paired,simple_rule_posterior_alpha,,,,
sub-031,True,EC,paired,simple_rule_posterior_alpha,,,,
sub-032,True,EC,paired,simple_rule_posterior_alpha,,,,
sub-033,True,EC,paired,simple_rule_posterior_alpha,,,,
sub-034,True,EC,paired,simple_rule_posterior_alpha,,,,
sub-035,True,EC,paired,simple_rule_posterior_alpha,,,,
sub-036,True,EC,paired,simple_rule_posterior_alpha,,,,
sub-037,True,EC,paired,simple_rule_posterior_alpha,,,,
sub-038,True,EC,paired,simple_rule_posterior_alpha,,,,
sub-039,True,EC,paired,simple_rule_posterior_alpha,,,,
sub-040,True,EC,paired,simple_rule_posterior_alpha,,,,
sub-041,True,EC,paired,simple_rule_posterior_alpha,,,,
sub-042,True,EC,paired,simple_rule_posterior_alpha,,,,
sub-043,True,EC,paired,simple_rule_posterior_alpha,,,,
sub-044,True,EC,paired,simple_rule_posterior_alpha,,,,
sub-046,True,EC,paired,simple_rule_posterior_alpha,,,,
sub-047,True,EC,paired,simple_rule_posterior_alpha,,,,
sub-048,True,EC,paired,simple_rule_posterior_alpha,,,,
sub-049,True,EC,paired,simple_rule_posterior_alpha,,,,
sub-050,True,EC,paired,simple_rule_posterior_alpha,,,,
sub-051,True,EC,paired,simple_rule_posterior_alpha,,,,
sub-052,True,EC,paired,simple_rule_posterior_alpha,,,,
sub-053,True,EC,paired,simple_rule_posterior_alpha,,,,
sub-054,True,EC,paired,simple_rule_posterior_alpha,,,,
sub-055,True,EC,paired,simple_rule_posterior_alpha,,,,
sub-056,True,EC,paired,simple_rule_posterior_alpha,,,,
sub-057,True,EC,paired,simple_rule_posterior_alpha,,,,
sub-058,True,EC,paired,simple_rule_posterior_alpha,,,,
sub-059,True,EC,paired,simple_rule_posterior_alpha,,,,
sub-060,True,EC,paired,simple_rule_posterior_alpha,,,,
sub-061,True,EC,paired,simple_rule_posterior_alpha,,,,
sub-062,True,EC,paired,simple_rule_posterior_alpha,,,,
sub-063,True,EC,paired,simple_rule_posterior_alpha,,,,
sub-064,True,EC,paired,simple_rule_posterior_alpha,,,,
sub-065,True,EC,paired,simple_rule_posterior_alpha,,,,
sub-066,True,EC,paired,simple_rule_posterior_alpha,,,,
sub-067,True,EC,paired,simple_rule_posterior_alpha,,,,
sub-068,True,EC,paired,simple_rule_posterior_alpha,,,,
sub-069,False,EO,paired,simple_rule_posterior_alpha,,,,
sub-070,True,EC,paired,simple_rule_posterior_alpha,,,,
sub-071,True,EC,paired,simple_rule_posterior_alpha,,,,
sub-072,True,EC,paired,simple_rule_posterior_alpha,,,,
sub-073,True,EC,paired,simple_rule_posterior_alpha,,,,
sub-074,True,EC,paired,simple_rule_posterior_alpha,,,,
sub-075,True,EC,paired,simple_rule_posterior_alpha,,,,
sub-076,True,EC,paired,simple_rule_posterior_alpha,,,,
sub-077,True,EC,paired,simple_rule_posterior_alpha,,,,
sub-078,True,EC,paired,simple_rule_posterior_alpha,,,,
sub-080,True,EC,paired,simple_rule_posterior_alpha,,,,
sub-081,True,EC,paired,simple_rule_posterior_alpha,,,,
sub-082,True,EC,paired,simple_rule_posterior_alpha,,,,
sub-083,True,EC,paired,simple_rule_posterior_alpha,,,,
sub-084,True,EC,paired,simple_rule_posterior_alpha,,,,
sub-085,True,EC,paired,simple_rule_posterior_alpha,,,,
sub-086,True,EC,paired,simple_rule_posterior_alpha,,,,
sub-087,True,EC,paired,simple_rule_posterior_alpha,,,,
sub-088,True,EC,paired,simple_rule_posterior_alpha,,,,
sub-089,True,EC,paired,simple_rule_posterior_alpha,,,,
sub-090,True,EC,paired,simple_rule_posterior_alpha,,,,
sub-091,True,EC,paired,simple_rule_posterior_alpha,,,,
sub-092,True,EC,paired,simple_rule_posterior_alpha,,,,
sub-093,True,EC,paired,simple_rule_posterior_alpha,,,,
sub-094,True,EC,paired,simple_rule_posterior_alpha,,,,
sub-095,True,EC,paired,simple_rule_posterior_alpha,,,,
sub-096,True,EC,paired,simple_rule_posterior_alpha,,,,
sub-097,True,EC,paired,simple_rule_posterior_alpha,,,,
sub-098,True,EC,paired,simple_rule_posterior_alpha,,,,
sub-099,True,EC,paired,simple_rule_posterior_alpha,,,,
sub-100,True,EC,paired,simple_rule_posterior_alpha,,,,
sub-101,True,EC,paired,simple_rule_posterior_alpha,,,,
sub-102,True,EC,paired,simple_rule_posterior_alpha,,,,
sub-103,True,EC,paired,simple_rule_posterior_alpha,,,,
sub-104,True,EC,paired,simple_rule_posterior_alpha,,,,
sub-105,True,EC,paired,simple_rule_posterior_alpha,,,,
sub-106,True,EC,paired,simple_rule_posterior_alpha,,,,
sub-107,True,EC,paired,simple_rule_posterior_alpha,,,,
sub-108,True,EC,paired,simple_rule_posterior_alpha,,,,
sub-109,True,EC,paired,simple_rule_posterior_alpha,,,,
sub-110,True,EC,paired,simple_rule_posterior_alpha,,,,
sub-111,True,EC,paired,simple_rule_posterior_alpha,,,,
sub-112,True,EC,paired,simple_rule_posterior_alpha,,,,
sub-113,True,EC,paired,simple_rule_posterior_alpha,,,,
sub-114,True,EC,paired,simple_rule_posterior_alpha,,,,
sub-115,True,EC,paired,simple_rule_posterior_alpha,,,,
sub-116,True,EC,paired,simple_rule_posterior_alpha,,,,
sub-117,True,EC,paired,simple_rule_posterior_alpha,,,,
sub-118,True,EC,paired,simple_rule_posterior_alpha,,,,
sub-119,True,EC,paired,simple_rule_posterior_alpha,,,,
sub-120,False,EO,paired,simple_rule_posterior_alpha,,,,
sub-121,True,EC,paired,simple_rule_posterior_alpha,,,,
sub-122,False,EO,paired,simple_rule_posterior_alpha,,,,
sub-123,True,EC,paired,simple_rule_posterior_alpha,,,,
sub-124,True,EC,paired,simple_rule_posterior_alpha,,,,
sub-125,True,EC,paired,simple_rule_posterior_alpha,,,,
sub-126,True,EC,paired,simple_rule_posterior_alpha,,,,
sub-127,True,EC,paired,simple_rule_posterior_alpha,,,,
sub-128,True,EC,paired,simple_rule_posterior_alpha,,,,
sub-129,True,EC,paired,simple_rule_posterior_alpha,,,,
sub-130,True,EC,paired,simple_rule_posterior_alpha,,,,
sub-131,True,EC,paired,simple_rule_posterior_alpha,,,,
sub-132,True,EC,paired,simple_rule_posterior_alpha,,,,
sub-133,False,EO,paired,simple_rule_posterior_alpha,,,,
sub-134,True,EC,paired,simple_rule_posterior_alpha,,,,
sub-135,True,EC,paired,simple_rule_posterior_alpha,,,,
sub-136,True,EC,paired,simple_rule_posterior_alpha,,,,
sub-137,True,EC,paired,simple_rule_posterior_alpha,,,,
sub-138,True,EC,paired,simple_rule_posterior_alpha,,,,
sub-139,True,EC,paired,simple_rule_posterior_alpha,,,,
sub-140,True,EC,paired,simple_rule_posterior_alpha,,,,
sub-141,True,EC,paired,simple_rule_posterior_alpha,,,,
sub-142,True,EC,paired,simple_rule_posterior_alpha,,,,
sub-143,True,EC,paired,simple_rule_posterior_alpha,,,,
sub-144,True,EC,paired,simple_rule_posterior_alpha,,,,
sub-145,True,EC,paired,simple_rule_posterior_alpha,,,,
sub-146,True,EC,paired,simple_rule_posterior_alpha,,,,
sub-147,True,EC,paired,simple_rule_posterior_alpha,,,,
sub-148,True,EC,paired,simple_rule_posterior_alpha,,,,
sub-149,True,EC,paired,simple_rule_posterior_alpha,,,,
sub-150,False,EO,paired,simple_rule_posterior_alpha,,,,
sub-151,True,EC,paired,simple_rule_posterior_alpha,,,,
sub-152,False,EO,paired,simple_rule_posterior_alpha,,,,
sub-153,True,EC,paired,simple_rule_posterior_alpha,,,,
sub-154,True,EC,paired,simple_rule_posterior_alpha,,,,
sub-155,True,EC,paired,simple_rule_posterior_alpha,,,,
sub-156,True,EC,paired,simple_rule_posterior_alpha,,,,
sub-157,True,EC,paired,simple_rule_posterior_alpha,,,,
sub-158,False,EO,paired,simple_rule_posterior_alpha,,,,
sub-159,True,EC,paired,simple_rule_posterior_alpha,,,,
sub-160,True,EC,paired,simple_rule_posterior_alpha,,,,
sub-161,True,EC,paired,simple_rule_posterior_alpha,,,,
sub-162,True,EC,paired,simple_rule_posterior_alpha,,,,
sub-163,True,EC,paired,simple_rule_posterior_alpha,,,,
sub-164,True,EC,paired,simple_rule_posterior_alpha,,,,
sub-165,True,EC,paired,simple_rule_posterior_alpha,,,,
sub-166,True,EC,paired,simple_rule_posterior_alpha,,,,
sub-167,True,EC,paired,simple_rule_posterior_alpha,,,,
sub-168,True,EC,paired,simple_rule_posterior_alpha,,,,
sub-169,True,EC,paired,simple_rule_posterior_alpha,,,,
sub-170,True,EC,paired,simple_rule_posterior_alpha,,,,
sub-171,True,EC,paired,simple_rule_posterior_alpha,,,,
sub-172,True,EC,paired,simple_rule_posterior_alpha,,,,
sub-173,True,EC,paired,simple_rule_posterior_alpha,,,,
sub-174,True,EC,paired,simple_rule_posterior_alpha,,,,
sub-175,True,EC,paired,simple_rule_posterior_alpha,,,,
sub-176,True,EC,paired,simple_rule_posterior_alpha,,,,
sub-177,True,EC,paired,simple_rule_posterior_alpha,,,,
sub-178,True,EC,paired,simple_rule_posterior_alpha,,,,
sub-179,True,EC,paired,simple_rule_posterior_alpha,,,,
sub-180,True,EC,paired,simple_rule_posterior_alpha,,,,
sub-181,True,EC,paired,simple_rule_posterior_alpha,,,,
sub-182,True,EC,paired,simple_rule_posterior_alpha,,,,
sub-183,True,EC,paired,simple_rule_posterior_alpha,,,,
sub-184,True,EC,paired,simple_rule_posterior_alpha,,,,
sub-186,True,EC,paired,simple_rule_posterior_alpha,,,,
sub-187,True,EC,paired,simple_rule_posterior_alpha,,,,
sub-188,True,EC,paired,simple_rule_posterior_alpha,,,,
sub-189,True,EC,paired,simple_rule_posterior_alpha,,,,
sub-190,True,EC,paired,simple_rule_posterior_alpha,,,,
sub-191,True,EC,paired,simple_rule_posterior_alpha,,,,
sub-192,True,EC,paired,simple_rule_posterior_alpha,,,,
sub-193,True,EC,paired,simple_rule_posterior_alpha,,,,
sub-194,True,EC,paired,simple_rule_posterior_alpha,,,,
sub-195,True,EC,paired,simple_rule_posterior_alpha,,,,
sub-197,True,EC,paired,simple_rule_posterior_alpha,,,,
sub-198,True,EC,paired,simple_rule_posterior_alpha,,,,
sub-199,True,EC,paired,simple_rule_posterior_alpha,,,,
sub-200,False,EO,paired,simple_rule_posterior_alpha,,,,
sub-201,False,EO,paired,simple_rule_posterior_alpha,,,,
sub-202,True,EC,paired,simple_rule_posterior_alpha,,,,
sub-203,False,EO,paired,simple_rule_posterior_alpha,,,,
sub-204,True,EC,paired,simple_rule_posterior_alpha,,,,
sub-205,True,EC,paired,simple_rule_posterior_alpha,,,,
sub-206,True,EC,paired,simple_rule_posterior_alpha,,,,
sub-207,True,EC,paired,simple_rule_posterior_alpha,,,,
sub-208,True,EC,paired,simple_rule_posterior_alpha,,,,
sub-209,True,EC,paired,simple_rule_posterior_alpha,,,,
sub-210,True,EC,paired,simple_rule_posterior_alpha,,,,
sub-211,True,EC,paired,simple_rule_posterior_alpha,,,,
sub-212,True,EC,paired,simple_rule_posterior_alpha,,,,
sub-213,True,EC,paired,simple_rule_posterior_alpha,,,,
sub-214,True,EC,paired,simple_rule_posterior_alpha,,,,
sub-215,True,EC,paired,simple_rule_posterior_alpha,,,,
sub-216,True,EC,paired,simple_rule_posterior_alpha,,,,
sub-217,True,EC,paired,simple_rule_posterior_alpha,,,,
sub-218,True,EC,paired,simple_rule_posterior_alpha,,,,
sub-219,True,EC,paired,simple_rule_posterior_alpha,,,,
sub-220,True,EC,paired,simple_rule_posterior_alpha,,,,
sub-221,True,EC,paired,simple_rule_posterior_alpha,,,,
sub-222,True,EC,paired,simple_rule_posterior_alpha,,,,
sub-223,True,EC,paired,simple_rule_posterior_alpha,,,,
sub-224,True,EC,paired,simple_rule_posterior_alpha,,,,
sub-225,True,EC,paired,simple_rule_posterior_alpha,,,,
sub-226,True,EC,paired,simple_rule_posterior_alpha,,,,
sub-227,True,EC,paired,simple_rule_posterior_alpha,,,,
sub-228,False,EO,paired,simple_rule_posterior_alpha,,,,
sub-229,True,EC,paired,simple_rule_posterior_alpha,,,,
sub-231,True,EC,paired,simple_rule_posterior_alpha,,,,
sub-232,True,EC,paired,simple_rule_posterior_alpha,,,,
sub-233,True,EC,paired,simple_rule_posterior_alpha,,,,
sub-234,True,EC,paired,simple_rule_posterior_alpha,,,,
sub-235,True,EC,paired,simple_rule_posterior_alpha,,,,
sub-236,True,EC,paired,simple_rule_posterior_alpha,,,,
sub-237,True,EC,paired,simple_rule_posterior_alpha,,,,
sub-238,True,EC,paired,simple_rule_posterior_alpha,,,,
sub-239,True,EC,paired,simple_rule_posterior_alpha,,,,
sub-240,True,EC,paired,simple_rule_posterior_alpha,,,,
sub-241,True,EC,paired,simple_rule_posterior_alpha,,,,
sub-242,True,EC,paired,simple_rule_posterior_alpha,,,,
sub-243,False,EO,paired,simple_rule_posterior_alpha,,,,
sub-244,False,EO,paired,simple_rule_posterior_alpha,,,,
sub-245,True,EC,paired,simple_rule_posterior_alpha,,,,
sub-246,True,EC,paired,simple_rule_posterior_alpha,,,,
sub-247,True,EC,paired,simple_rule_posterior_alpha,,,,
sub-248,True,EC,paired,simple_rule_posterior_alpha,,,,
sub-249,True,EC,paired,simple_rule_posterior_alpha,,,,
sub-250,True,EC,paired,simple_rule_posterior_alpha,,,,
sub-251,True,EC,paired,simple_rule_posterior_alpha,,,,
sub-252,True,EC,paired,simple_rule_posterior_alpha,,,,
sub-253,True,EC,paired,simple_rule_posterior_alpha,,,,
sub-254,True,EC,paired,simple_rule_posterior_alpha,,,,
sub-255,True,EC,paired,simple_rule_posterior_alpha,,,,
sub-256,True,EC,paired,simple_rule_posterior_alpha,,,,
sub-257,True,EC,paired,simple_rule_posterior_alpha,,,,
sub-258,True,EC,paired,simple_rule_posterior_alpha,,,,
sub-259,True,EC,paired,simple_rule_posterior_alpha,,,,
sub-260,True,EC,paired,simple_rule_posterior_alpha,,,,
sub-261,True,EC,paired,simple_rule_posterior_alpha,,,,
sub-262,True,EC,paired,simple_rule_posterior_alpha,,,,
sub-263,True,EC,paired,simple_rule_posterior_alpha,,,,
sub-264,True,EC,paired,simple_rule_posterior_alpha,,,,
sub-265,True,EC,paired,simple_rule_posterior_alpha,,,,
sub-266,True,EC,paired,simple_rule_posterior_alpha,,,,
sub-267,True,EC,paired,simple_rule_posterior_alpha,,,,
sub-268,False,EO,paired,simple_rule_posterior_alpha,,,,
sub-269,True,EC,paired,simple_rule_posterior_alpha,,,,
sub-271,True,EC,paired,simple_rule_posterior_alpha,,,,
sub-272,True,EC,paired,simple_rule_posterior_alpha,,,,
sub-273,True,EC,paired,simple_rule_posterior_alpha,,,,
sub-274,False,EO,paired,simple_rule_posterior_alpha,,,,
sub-275,True,EC,paired,simple_rule_posterior_alpha,,,,
sub-276,True,EC,paired,simple_rule_posterior_alpha,,,,
sub-277,False,EO,paired,simple_rule_posterior_alpha,,,,
sub-278,True,EC,paired,simple_rule_posterior_alpha,,,,
sub-279,True,EC,paired,simple_rule_posterior_alpha,,,,
sub-280,True,EC,paired,simple_rule_posterior_alpha,,,,
sub-281,True,EC,paired,simple_rule_posterior_alpha,,,,
sub-282,True,EC,paired,simple_rule_posterior_alpha,,,,
sub-283,True,EC,paired,simple_rule_posterior_alpha,,,,
sub-284,True,EC,paired,simple_rule_posterior_alpha,,,,
sub-285,True,EC,paired,simple_rule_posterior_alpha,,,,
sub-286,True,EC,paired,simple_rule_posterior_alpha,,,,
sub-287,True,EC,paired,simple_rule_posterior_alpha,,,,
sub-289,True,EC,paired,simple_rule_posterior_alpha,,,,
sub-290,True,EC,paired,simple_rule_posterior_alpha,,,,
sub-291,True,EC,paired,simple_rule_posterior_alpha,,,,
sub-292,True,EC,paired,simple_rule_posterior_alpha,,,,
sub-293,True,EC,paired,simple_rule_posterior_alpha,,,,
sub-294,True,EC,paired,simple_rule_posterior_alpha,,,,
sub-295,True,EC,paired,simple_rule_posterior_alpha,,,,
sub-296,True,EC,paired,simple_rule_posterior_alpha,,,,
sub-297,True,EC,paired,simple_rule_posterior_alpha,,,,
sub-298,True,EC,paired,simple_rule_posterior_alpha,,,,
sub-299,True,EC,paired,simple_rule_posterior_alpha,,,,
sub-300,True,EC,paired,simple_rule_posterior_alpha,,,,
sub-301,True,EC,paired,simple_rule_posterior_alpha,,,,
sub-302,True,EC,paired,simple_rule_posterior_alpha,,,,
sub-303,True,EC,paired,simple_rule_posterior_alpha,,,,
sub-304,True,EC,paired,simple_rule_posterior_alpha,,,,
sub-305,True,EC,paired,simple_rule_posterior_alpha,,,,
sub-307,True,EC,paired,simple_rule_posterior_alpha,,,,
sub-308,True,EC,paired,simple_rule_posterior_alpha,,,,
sub-309,True,EC,paired,simple_rule_posterior_alpha,,,,
sub-310,True,EC,paired,simple_rule_posterior_alpha,,,,
sub-311,False,EO,paired,simple_rule_posterior_alpha,,,,
sub-312,True,EC,paired,simple_rule_posterior_alpha,,,,
sub-313,False,EO,paired,simple_rule_posterior_alpha,,,,
sub-314,True,EC,paired,simple_rule_posterior_alpha,,,,
sub-315,True,EC,paired,simple_rule_posterior_alpha,,,,
sub-316,True,EC,paired,simple_rule_posterior_alpha,,,,
sub-317,True,EC,paired,simple_rule_posterior_alpha,,,,
sub-318,True,EC,paired,simple_rule_posterior_alpha,,,,
sub-320,True,EC,paired,simple_rule_posterior_alpha,,,,
sub-321,True,EC,paired,simple_rule_posterior_alpha,,,,
sub-322,True,EC,paired,simple_rule_posterior_alpha,,,,
sub-323,False,EO,paired,simple_rule_posterior_alpha,,,,
sub-324,True,EC,paired,simple_rule_posterior_alpha,,,,
sub-325,True,EC,paired,simple_rule_posterior_alpha,,,,
sub-326,True,EC,paired,simple_rule_posterior_alpha,,,,
sub-327,True,EC,paired,simple_rule_posterior_alpha,,,,
sub-328,True,EC,paired,simple_rule_posterior_alpha,,,,
sub-329,True,EC,paired,simple_rule_posterior_alpha,,,,
sub-330,True,EC,paired,simple_rule_posterior_alpha,,,,
sub-331,True,EC,paired,simple_rule_posterior_alpha,,,,
sub-333,True,EC,paired,simple_rule_posterior_alpha,,,,
sub-334,True,EC,paired,simple_rule_posterior_alpha,,,,
sub-335,True,EC,paired,simple_rule_posterior_alpha,,,,
sub-336,True,EC,paired,simple_rule_posterior_alpha,,,,
sub-337,True,EC,paired,simple_rule_posterior_alpha,,,,
sub-338,True,EC,paired,simple_rule_posterior_alpha,,,,
sub-339,True,EC,paired,simple_rule_posterior_alpha,,,,
sub-340,True,EC,paired,simple_rule_posterior_alpha,,,,
sub-341,True,EC,paired,simple_rule_posterior_alpha,,,,
sub-342,True,EC,paired,simple_rule_posterior_alpha,,,,
sub-343,True,EC,paired,simple_rule_posterior_alpha,,,,
sub-344,True,EC,paired,simple_rule_posterior_alpha,,,,
sub-345,True,EC,paired,simple_rule_posterior_alpha,,,,
sub-346,True,EC,paired,simple_rule_posterior_alpha,,,,
sub-347,True,EC,paired,simple_rule_posterior_alpha,,,,
sub-348,True,EC,paired,simple_rule_posterior_alpha,,,,
sub-349,True,EC,paired,simple_rule_posterior_alpha,,,,
sub-350,True,EC,paired,simple_rule_posterior_alpha,,,,
sub-351,True,EC,paired,simple_rule_posterior_alpha,,,,
sub-352,True,EC,paired,simple_rule_posterior_alpha,,,,
sub-353,True,EC,paired,simple_rule_posterior_alpha,,,,
sub-354,True,EC,paired,simple_rule_posterior_alpha,,,,
sub-355,True,EC,paired,simple_rule_posterior_alpha,,,,
sub-356,True,EC,paired,simple_rule_posterior_alpha,,,,
sub-357,True,EC,paired,simple_rule_posterior_alpha,,,,
sub-358,True,EC,paired,simple_rule_posterior_alpha,,,,
sub-359,True,EC,paired,simple_rule_posterior_alpha,,,,
sub-361,True,EC,paired,simple_rule_posterior_alpha,,,,
sub-362,True,EC,paired,simple_rule_posterior_alpha,,,,
sub-363,True,EC,paired,simple_rule_posterior_alpha,,,,
sub-364,True,EC,paired,simple_rule_posterior_alpha,,,,
sub-365,True,EC,paired,simple_rule_posterior_alpha,,,,
sub-366,True,EC,paired,simple_rule_posterior_alpha,,,,
sub-367,True,EC,paired,simple_rule_posterior_alpha,,,,
sub-368,False,EO,paired,simple_rule_posterior_alpha,,,,
sub-369,True,EC,paired,simple_rule_posterior_alpha,,,,
sub-370,True,EC,paired,simple_rule_posterior_alpha,,,,
sub-371,True,EC,paired,simple_rule_posterior_alpha,,,,
sub-372,True,EC,paired,simple_rule_posterior_alpha,,,,
sub-373,True,EC,paired,simple_rule_posterior_alpha,,,,
sub-374,True,EC,paired,simple_rule_posterior_alpha,,,,
sub-375,True,EC,paired,simple_rule_posterior_alpha,,,,
sub-376,True,EC,paired,simple_rule_posterior_alpha,,,,
sub-377,True,EC,paired,simple_rule_posterior_alpha,,,,
sub-378,True,EC,paired,simple_rule_posterior_alpha,,,,
sub-379,True,EC,paired,simple_rule_posterior_alpha,,,,
sub-380,True,EC,paired,simple_rule_posterior_alpha,,,,
sub-381,True,EC,paired,simple_rule_posterior_alpha,,,,
sub-382,False,EO,paired,simple_rule_posterior_alpha,,,,
sub-383,True,EC,paired,simple_rule_posterior_alpha,,,,
sub-384,True,EC,paired,simple_rule_posterior_alpha,,,,
sub-385,True,EC,paired,simple_rule_posterior_alpha,,,,
sub-386,True,EC,paired,simple_rule_posterior_alpha,,,,
sub-387,True,EC,paired,simple_rule_posterior_alpha,,,,
sub-388,True,EC,paired,simple_rule_posterior_alpha,,,,
sub-389,True,EC,paired,simple_rule_posterior_alpha,,,,
sub-390,True,EC,paired,simple_rule_posterior_alpha,,,,
sub-391,True,EC,paired,simple_rule_posterior_alpha,,,,
sub-392,True,EC,paired,simple_rule_posterior_alpha,,,,
sub-393,True,EC,paired,simple_rule_posterior_alpha,,,,
sub-394,True,EC,paired,simple_rule_posterior_alpha,,,,
sub-395,True,EC,paired,simple_rule_posterior_alpha,,,,
sub-396,True,EC,paired,simple_rule_posterior_alpha,,,,
sub-397,True,EC,paired,simple_rule_posterior_alpha,,,,
sub-398,True,EC,paired,simple_rule_posterior_alpha,,,,
sub-399,False,EO,paired,simple_rule_posterior_alpha,,,,
sub-400,True,EC,paired,simple_rule_posterior_alpha,,,,
sub-401,True,EC,paired,simple_rule_posterior_alpha,,,,
sub-402,True,EC,paired,simple_rule_posterior_alpha,,,,
sub-403,True,EC,paired,simple_rule_posterior_alpha,,,,
sub-404,True,EC,paired,simple_rule_posterior_alpha,,,,
sub-405,True,EC,paired,simple_rule_posterior_alpha,,,,
sub-406,True,EC,paired,simple_rule_posterior_alpha,,,,
sub-407,True,EC,paired,simple_rule_posterior_alpha,,,,
sub-408,True,EC,paired,simple_rule_posterior_alpha,,,,
sub-409,True,EC,paired,simple_rule_posterior_alpha,,,,
sub-410,True,EC,paired,simple_rule_posterior_alpha,,,,
sub-411,True,EC,paired,simple_rule_posterior_alpha,,,,
sub-412,True,EC,paired,simple_rule_posterior_alpha,,,,
sub-413,True,EC,paired,simple_rule_posterior_alpha,,,,
sub-414,True,EC,paired,simple_rule_posterior_alpha,,,,
sub-415,False,EO,paired,simple_rule_posterior_alpha,,,,
sub-416,True,EC,paired,simple_rule_posterior_alpha,,,,
sub-417,True,EC,paired,simple_rule_posterior_alpha,,,,
sub-418,True,EC,paired,simple_rule_posterior_alpha,,,,
sub-419,True,EC,paired,simple_rule_posterior_alpha,,,,
sub-420,False,EO,paired,simple_rule_posterior_alpha,,,,
sub-421,True,EC,paired,simple_rule_posterior_alpha,,,,
sub-422,True,EC,paired,simple_rule_posterior_alpha,,,,
sub-423,True,EC,paired,simple_rule_posterior_alpha,,,,
sub-424,True,EC,paired,simple_rule_posterior_alpha,,,,
sub-425,True,EC,paired,simple_rule_posterior_alpha,,,,
sub-426,False,EO,paired,simple_rule_posterior_alpha,,,,
sub-427,True,EC,paired,simple_rule_posterior_alpha,,,,
sub-428,True,EC,paired,simple_rule_posterior_alpha,,,,
sub-429,True,EC,paired,simple_rule_posterior_alpha,,,,
sub-430,False,EO,paired,simple_rule_posterior_alpha,,,,
sub-431,True,EC,paired,simple_rule_posterior_alpha,,,,
sub-432,True,EC,paired,simple_rule_posterior_alpha,,,,
sub-433,True,EC,paired,simple_rule_posterior_alpha,,,,
sub-434,True,EC,paired,simple_rule_posterior_alpha,,,,
sub-435,True,EC,paired,simple_rule_posterior_alpha,,,,
sub-436,True,EC,paired,simple_rule_posterior_alpha,,,,
sub-437,True,EC,paired,simple_rule_posterior_alpha,,,,
sub-438,True,EC,paired,simple_rule_posterior_alpha,,,,
sub-439,True,EC,paired,simple_rule_posterior_alpha,,,,
sub-440,True,EC,paired,simple_rule_posterior_alpha,,,,
sub-441,True,EC,paired,simple_rule_posterior_alpha,,,,
sub-442,True,EC,paired,simple_rule_posterior_alpha,,,,
sub-443,True,EC,paired,simple_rule_posterior_alpha,,,,
sub-444,True,EC,paired,simple_rule_posterior_alpha,,,,
sub-445,True,EC,paired,simple_rule_posterior_alpha,,,,
sub-446,True,EC,paired,simple_rule_posterior_alpha,,,,
sub-447,True,EC,paired,simple_rule_posterior_alpha,,,,
sub-448,True,EC,paired,simple_rule_posterior_alpha,,,,
sub-449,True,EC,paired,simple_rule_posterior_alpha,,,,
sub-450,True,EC,paired,simple_rule_posterior_alpha,,,,
sub-451,True,EC,paired,simple_rule_posterior_alpha,,,,
sub-452,True,EC,paired,simple_rule_posterior_alpha,,,,
sub-453,True,EC,paired,simple_rule_posterior_alpha,,,,
sub-454,True,EC,paired,simple_rule_posterior_alpha,,,,
sub-455,False,EO,paired,simple_rule_posterior_alpha,,,,
sub-456,True,EC,paired,simple_rule_posterior_alpha,,,,
sub-457,True,EC,paired,simple_rule_posterior_alpha,,,,
sub-458,True,EC,paired,simple_rule_posterior_alpha,,,,
sub-459,True,EC,paired,simple_rule_posterior_alpha,,,,
sub-460,True,EC,paired,simple_rule_posterior_alpha,,,,
sub-461,True,EC,paired,simple_rule_posterior_alpha,,,,
sub-462,True,EC,paired,simple_rule_posterior_alpha,,,,
sub-463,True,EC,paired,simple_rule_posterior_alpha,,,,
sub-464,True,EC,paired,simple_rule_posterior_alpha,,,,
sub-465,True,EC,paired,simple_rule_posterior_alpha,,,,
sub-466,True,EC,paired,simple_rule_posterior_alpha,,,,
sub-467,True,EC,paired,simple_rule_posterior_alpha,,,,
sub-468,True,EC,paired,simple_rule_posterior_alpha,,,,
sub-469,True,EC,paired,simple_rule_posterior_alpha,,,,
sub-470,True,EC,paired,simple_rule_posterior_alpha,,,,
sub-471,True,EC,paired,simple_rule_posterior_alpha,,,,
sub-473,True,EC,paired,simple_rule_posterior_alpha,,,,
sub-474,True,EC,paired,simple_rule_posterior_alpha,,,,
sub-475,True,EC,paired,simple_rule_posterior_alpha,,,,
sub-476,True,EC,paired,simple_rule_posterior_alpha,,,,
sub-477,True,EC,paired,simple_rule_posterior_alpha,,,,
sub-478,True,EC,paired,simple_rule_posterior_alpha,,,,
sub-479,False,EO,paired,simple_rule_posterior_alpha,,,,
sub-480,False,EO,paired,simple_rule_posterior_alpha,,,,
sub-481,True,EC,paired,simple_rule_posterior_alpha,,,,
sub-482,True,EC,paired,simple_rule_posterior_alpha,,,,
sub-483,True,EC,paired,simple_rule_posterior_alpha,,,,
sub-484,False,EO,paired,simple_rule_posterior_alpha,,,,
sub-485,True,EC,paired,simple_rule_posterior_alpha,,,,
sub-486,True,EC,paired,simple_rule_posterior_alpha,,,,
sub-487,True,EC,paired,simple_rule_posterior_alpha,,,,
sub-488,True,EC,paired,simple_rule_posterior_alpha,,,,
sub-489,True,EC,paired,simple_rule_posterior_alpha,,,,
sub-490,True,EC,paired,simple_rule_posterior_alpha,,,,
sub-491,True,EC,paired,simple_rule_posterior_alpha,,,,
sub-492,True,EC,paired,simple_rule_posterior_alpha,,,,
sub-493,True,EC,paired,simple_rule_posterior_alpha,,,,
sub-494,True,EC,paired,simple_rule_posterior_alpha,,,,
sub-495,True,EC,paired,simple_rule_posterior_alpha,,,,
sub-496,True,EC,paired,simple_rule_posterior_alpha,,,,
sub-497,True,EC,paired,simple_rule_posterior_alpha,,,,
sub-498,True,EC,paired,simple_rule_posterior_alpha,,,,
sub-499,True,EC,paired,simple_rule_posterior_alpha,,,,
sub-500,True,EC,paired,simple_rule_posterior_alpha,,,,
sub-501,True,EC,paired,simple_rule_posterior_alpha,,,,
sub-502,True,EC,paired,simple_rule_posterior_alpha,,,,
sub-503,True,EC,paired,simple_rule_posterior_alpha,,,,
sub-504,True,EC,paired,simple_rule_posterior_alpha,,,,
sub-505,True,EC,paired,simple_rule_posterior_alpha,,,,
sub-506,False,EO,paired,simple_rule_posterior_alpha,,,,
sub-507,True,EC,paired,simple_rule_posterior_alpha,,,,
sub-508,True,EC,paired,simple_rule_posterior_alpha,,,,
sub-509,True,EC,paired,simple_rule_posterior_alpha,,,,
sub-510,True,EC,paired,simple_rule_posterior_alpha,,,,
sub-511,True,EC,paired,simple_rule_posterior_alpha,,,,
sub-513,True,EC,paired,simple_rule_posterior_alpha,,,,
sub-514,True,EC,paired,simple_rule_posterior_alpha,,,,
sub-515,True,EC,paired,simple_rule_posterior_alpha,,,,
sub-516,True,EC,paired,simple_rule_posterior_alpha,,,,
sub-517,True,EC,paired,simple_rule_posterior_alpha,,,,
sub-518,True,EC,paired,simple_rule_posterior_alpha,,,,
sub-519,False,EO,paired,simple_rule_posterior_alpha,,,,
sub-520,True,EC,paired,simple_rule_posterior_alpha,,,,
sub-521,True,EC,paired,simple_rule_posterior_alpha,,,,
sub-522,True,EC,paired,simple_rule_posterior_alpha,,,,
sub-523,True,EC,paired,simple_rule_posterior_alpha,,,,
sub-524,True,EC,paired,simple_rule_posterior_alpha,,,,
sub-525,True,EC,paired,simple_rule_posterior_alpha,,,,
sub-526,True,EC,paired,simple_rule_posterior_alpha,,,,
sub-527,True,EC,paired,simple_rule_posterior_alpha,,,,
sub-528,True,EC,paired,simple_rule_posterior_alpha,,,,
sub-529,True,EC,paired,simple_rule_posterior_alpha,,,,
sub-530,True,EC,paired,simple_rule_posterior_alpha,,,,
sub-531,True,EC,paired,simple_rule_posterior_alpha,,,,
sub-532,True,EC,paired,simple_rule_posterior_alpha,,,,
sub-533,True,EC,paired,simple_rule_posterior_alpha,,,,
sub-534,True,EC,paired,simple_rule_posterior_alpha,,,,
sub-535,True,EC,paired,simple_rule_posterior_alpha,,,,
sub-536,True,EC,paired,simple_rule_posterior_alpha,,,,
sub-537,True,EC,paired,simple_rule_posterior_alpha,,,,
sub-538,True,EC,paired,simple_rule_posterior_alpha,,,,
sub-539,True,EC,paired,simple_rule_posterior_alpha,,,,
sub-540,True,EC,paired,simple_rule_posterior_alpha,,,,
sub-541,True,EC,paired,simple_rule_posterior_alpha,,,,
sub-542,True,EC,paired,simple_rule_posterior_alpha,,,,
sub-543,True,EC,paired,simple_rule_posterior_alpha,,,,
sub-544,True,EC,paired,simple_rule_posterior_alpha,,,,
sub-545,True,EC,paired,simple_rule_posterior_alpha,,,,
sub-546,False,EO,paired,simple_rule_posterior_alpha,,,,
sub-547,True,EC,paired,simple_rule_posterior_alpha,,,,
sub-548,True,EC,paired,simple_rule_posterior_alpha,,,,
sub-549,True,EC,paired,simple_rule_posterior_alpha,,,,
sub-550,True,EC,paired,simple_rule_posterior_alpha,,,,
sub-551,False,EO,paired,simple_rule_posterior_alpha,,,,
sub-552,True,EC,paired,simple_rule_posterior_alpha,,,,
sub-553,True,EC,paired,simple_rule_posterior_alpha,,,,
sub-554,True,EC,paired,simple_rule_posterior_alpha,,,,
sub-555,True,EC,paired,simple_rule_posterior_alpha,,,,
sub-556,True,EC,paired,simple_rule_posterior_alpha,,,,
sub-557,True,EC,paired,simple_rule_posterior_alpha,,,,
sub-558,True,EC,paired,simple_rule_posterior_alpha,,,,
sub-559,True,EC,paired,simple_rule_posterior_alpha,,,,
sub-561,True,EC,paired,simple_rule_posterior_alpha,,,,
sub-562,True,EC,paired,simple_rule_posterior_alpha,,,,
sub-563,True,EC,paired,simple_rule_posterior_alpha,,,,
sub-564,True,EC,paired,simple_rule_posterior_alpha,,,,
sub-565,True,EC,paired,simple_rule_posterior_alpha,,,,
sub-566,True,EC,paired,simple_rule_posterior_alpha,,,,
sub-567,True,EC,paired,simple_rule_posterior_alpha,,,,
sub-568,True,EC,paired,simple_rule_posterior_alpha,,,,
sub-569,True,EC,paired,simple_rule_posterior_alpha,,,,
sub-570,True,EC,paired,simple_rule_posterior_alpha,,,,
sub-571,True,EC,paired,simple_rule_posterior_alpha,,,,
sub-572,True,EC,paired,simple_rule_posterior_alpha,,,,
sub-573,True,EC,paired,simple_rule_posterior_alpha,,,,
sub-574,True,EC,paired,simple_rule_posterior_alpha,,,,
sub-575,True,EC,paired,simple_rule_posterior_alpha,,,,
sub-576,True,EC,paired,simple_rule_posterior_alpha,,,,
sub-577,True,EC,paired,simple_rule_posterior_alpha,,,,
sub-578,True,EC,paired,simple_rule_posterior_alpha,,,,
sub-579,True,EC,paired,simple_rule_posterior_alpha,,,,
sub-580,True,EC,paired,simple_rule_posterior_alpha,,,,
sub-581,True,EC,paired,simple_rule_posterior_alpha,,,,
sub-582,True,EC,paired,simple_rule_posterior_alpha,,,,
sub-583,True,EC,paired,simple_rule_posterior_alpha,,,,
sub-584,True,EC,paired,simple_rule_posterior_alpha,,,,
sub-585,True,EC,paired,simple_rule_posterior_alpha,,,,
sub-586,True,EC,paired,simple_rule_posterior_alpha,,,,
sub-587,True,EC,paired,simple_rule_posterior_alpha,,,,
sub-588,True,EC,paired,simple_rule_posterior_alpha,,,,
sub-589,True,EC,paired,simple_rule_posterior_alpha,,,,
sub-590,True,EC,paired,simple_rule_posterior_alpha,,,,
sub-591,True,EC,paired,simple_rule_posterior_alpha,,,,
sub-592,True,EC,paired,simple_rule_posterior_alpha,,,,
sub-593,True,EC,paired,simple_rule_posterior_alpha,,,,
sub-594,True,EC,paired,simple_rule_posterior_alpha,,,,
sub-595,True,EC,paired,simple_rule_posterior_alpha,,,,
sub-596,True,EC,paired,simple_rule_posterior_alpha,,,,
sub-597,True,EC,paired,simple_rule_posterior_alpha,,,,
sub-598,True,EC,paired,simple_rule_posterior_alpha,,,,
sub-599,True,EC,paired,simple_rule_posterior_alpha,,,,
sub-600,True,EC,paired,simple_rule_posterior_alpha,,,,
sub-601,True,EC,paired,simple_rule_posterior_alpha,,,,
sub-602,True,EC,paired,simple_rule_posterior_alpha,,,,
sub-603,True,EC,paired,simple_rule_posterior_alpha,,,,
sub-605,True,EC,paired,simple_rule_posterior_alpha,,,,
sub-606,True,EC,paired,simple_rule_posterior_alpha,,,,
sub-607,True,EC,paired,simple_rule_posterior_alpha,,,,
sub-608,True,EC,paired,simple_rule_posterior_alpha,,,,
sub-014,True,,paired,paired_lr_posterior_alpha_L2,0.0,0.0,0.016290812927292172,1.0
sub-015,True,,paired,paired_lr_posterior_alpha_L2,0.0,0.0,0.028024052960322392,1.0
sub-016,True,,paired,paired_lr_posterior_alpha_L2,1.0,1.0,0.999607058095735,1.0
sub-017,True,,paired,paired_lr_posterior_alpha_L2,1.0,1.0,0.9641310874046702,1.0
sub-022,True,,paired,paired_lr_posterior_alpha_L2,0.0,0.0,0.0021581689551646677,1.0
sub-031,True,,paired,paired_lr_posterior_alpha_L2,1.0,1.0,0.9977148271875121,1.0
sub-032,True,,paired,paired_lr_posterior_alpha_L2,1.0,1.0,0.9492166467822388,1.0
sub-041,True,,paired,paired_lr_posterior_alpha_L2,0.0,0.0,0.12062512333155741,1.0
sub-048,True,,paired,paired_lr_posterior_alpha_L2,0.0,0.0,0.0036463220486708083,1.0
sub-051,True,,paired,paired_lr_posterior_alpha_L2,1.0,1.0,0.9998710394085678,1.0
sub-061,True,,paired,paired_lr_posterior_alpha_L2,1.0,1.0,0.9995557043954272,1.0
sub-070,True,,paired,paired_lr_posterior_alpha_L2,0.0,0.0,0.003669537876563811,1.0
sub-073,True,,paired,paired_lr_posterior_alpha_L2,0.0,0.0,0.000525664148840332,1.0
sub-081,True,,paired,paired_lr_posterior_alpha_L2,1.0,1.0,0.9994890472621601,1.0
sub-085,True,,paired,paired_lr_posterior_alpha_L2,1.0,1.0,0.9816513723006373,1.0
sub-087,True,,paired,paired_lr_posterior_alpha_L2,1.0,1.0,0.5265191252023815,1.0
sub-092,True,,paired,paired_lr_posterior_alpha_L2,1.0,1.0,0.9997687778077943,1.0
sub-094,True,,paired,paired_lr_posterior_alpha_L2,1.0,1.0,0.9949497622822716,1.0
sub-096,True,,paired,paired_lr_posterior_alpha_L2,1.0,1.0,0.8599763185814635,1.0
sub-099,True,,paired,paired_lr_posterior_alpha_L2,1.0,1.0,0.9643684323667273,1.0
sub-100,True,,paired,paired_lr_posterior_alpha_L2,0.0,0.0,0.21007279685290114,1.0
sub-105,True,,paired,paired_lr_posterior_alpha_L2,0.0,0.0,0.01078807075041614,1.0
sub-106,True,,paired,paired_lr_posterior_alpha_L2,0.0,0.0,0.0028426433636287553,1.0
sub-108,True,,paired,paired_lr_posterior_alpha_L2,0.0,0.0,0.0014087801938913516,1.0
sub-110,True,,paired,paired_lr_posterior_alpha_L2,0.0,0.0,0.00020144519049759268,1.0
sub-112,True,,paired,paired_lr_posterior_alpha_L2,1.0,1.0,0.9992648346831089,1.0
sub-132,True,,paired,paired_lr_posterior_alpha_L2,1.0,1.0,0.9870769369061189,1.0
sub-138,True,,paired,paired_lr_posterior_alpha_L2,1.0,1.0,0.9999245444326937,1.0
sub-143,True,,paired,paired_lr_posterior_alpha_L2,1.0,1.0,0.9775601228234716,1.0
sub-148,True,,paired,paired_lr_posterior_alpha_L2,0.0,0.0,2.6309482455051826e-05,1.0
sub-152,False,,paired,paired_lr_posterior_alpha_L2,1.0,0.0,0.22298474614117014,1.0
sub-154,True,,paired,paired_lr_posterior_alpha_L2,1.0,1.0,0.9428239194906263,1.0
sub-155,True,,paired,paired_lr_posterior_alpha_L2,0.0,0.0,0.03432172364259297,1.0
sub-164,True,,paired,paired_lr_posterior_alpha_L2,0.0,0.0,0.12352423227588212,1.0
sub-178,True,,paired,paired_lr_posterior_alpha_L2,1.0,1.0,0.7751241618212886,1.0
sub-188,True,,paired,paired_lr_posterior_alpha_L2,0.0,0.0,0.00019824793295947888,1.0
sub-198,True,,paired,paired_lr_posterior_alpha_L2,0.0,0.0,0.05626117833122285,1.0
sub-199,True,,paired,paired_lr_posterior_alpha_L2,1.0,1.0,0.7317601974145719,1.0
sub-208,True,,paired,paired_lr_posterior_alpha_L2,1.0,1.0,0.9473911997390738,1.0
sub-216,True,,paired,paired_lr_posterior_alpha_L2,1.0,1.0,0.9869886704806548,1.0
sub-220,True,,paired,paired_lr_posterior_alpha_L2,0.0,0.0,0.004807488165932396,1.0
sub-232,True,,paired,paired_lr_posterior_alpha_L2,1.0,1.0,0.999927148217651,1.0
sub-236,True,,paired,paired_lr_posterior_alpha_L2,0.0,0.0,0.005641291662073971,1.0
sub-251,True,,paired,paired_lr_posterior_alpha_L2,1.0,1.0,0.752804299931934,1.0
sub-266,True,,paired,paired_lr_posterior_alpha_L2,0.0,0.0,0.033165365130243714,1.0
sub-275,True,,paired,paired_lr_posterior_alpha_L2,1.0,1.0,0.7886922072888737,1.0
sub-278,True,,paired,paired_lr_posterior_alpha_L2,0.0,0.0,0.017371964617674887,1.0
sub-296,True,,paired,paired_lr_posterior_alpha_L2,0.0,0.0,0.00035609206719536724,1.0
sub-298,True,,paired,paired_lr_posterior_alpha_L2,1.0,1.0,0.7413358271725905,1.0
sub-299,True,,paired,paired_lr_posterior_alpha_L2,1.0,1.0,0.9980919676639971,1.0
sub-302,True,,paired,paired_lr_posterior_alpha_L2,1.0,1.0,0.9070387337745367,1.0
sub-310,True,,paired,paired_lr_posterior_alpha_L2,0.0,0.0,0.005120663637658301,1.0
sub-314,True,,paired,paired_lr_posterior_alpha_L2,1.0,1.0,0.9267509781733462,1.0
sub-320,True,,paired,paired_lr_posterior_alpha_L2,0.0,0.0,0.15917159157896466,1.0
sub-321,True,,paired,paired_lr_posterior_alpha_L2,1.0,1.0,0.9868174761685038,1.0
sub-325,True,,paired,paired_lr_posterior_alpha_L2,1.0,1.0,0.9910121831619512,1.0
sub-330,True,,paired,paired_lr_posterior_alpha_L2,0.0,0.0,7.835063548104068e-05,1.0
sub-333,True,,paired,paired_lr_posterior_alpha_L2,0.0,0.0,0.019551904596147664,1.0
sub-336,True,,paired,paired_lr_posterior_alpha_L2,1.0,1.0,0.9922729160761962,1.0
sub-348,True,,paired,paired_lr_posterior_alpha_L2,1.0,1.0,0.7850998210101787,1.0
sub-351,True,,paired,paired_lr_posterior_alpha_L2,0.0,0.0,0.0036147296674283996,1.0
sub-359,True,,paired,paired_lr_posterior_alpha_L2,0.0,0.0,5.052061468214768e-06,1.0
sub-364,True,,paired,paired_lr_posterior_alpha_L2,1.0,1.0,0.8287405241902115,1.0
sub-373,True,,paired,paired_lr_posterior_alpha_L2,1.0,1.0,0.9999976164682025,1.0
sub-376,True,,paired,paired_lr_posterior_alpha_L2,1.0,1.0,0.9529652828819851,1.0
sub-378,True,,paired,paired_lr_posterior_alpha_L2,1.0,1.0,0.9957399404779235,1.0
sub-381,True,,paired,paired_lr_posterior_alpha_L2,0.0,0.0,0.19743624714371905,1.0
sub-384,True,,paired,paired_lr_posterior_alpha_L2,0.0,0.0,0.004744090812997531,1.0
sub-388,True,,paired,paired_lr_posterior_alpha_L2,0.0,0.0,0.04636919154502748,1.0
sub-397,True,,paired,paired_lr_posterior_alpha_L2,0.0,0.0,0.0031755246769018673,1.0
sub-401,True,,paired,paired_lr_posterior_alpha_L2,0.0,0.0,0.39524114184131254,1.0
sub-405,True,,paired,paired_lr_posterior_alpha_L2,1.0,1.0,0.9945486927939879,1.0
sub-408,True,,paired,paired_lr_posterior_alpha_L2,0.0,0.0,0.00012448390577997077,1.0
sub-414,True,,paired,paired_lr_posterior_alpha_L2,1.0,1.0,0.914048538684977,1.0
sub-418,True,,paired,paired_lr_posterior_alpha_L2,1.0,1.0,0.9949024442468661,1.0
sub-424,True,,paired,paired_lr_posterior_alpha_L2,1.0,1.0,0.9195567182984814,1.0
sub-441,True,,paired,paired_lr_posterior_alpha_L2,1.0,1.0,0.9932726087431871,1.0
sub-449,True,,paired,paired_lr_posterior_alpha_L2,1.0,1.0,0.9991310547602101,1.0
sub-451,True,,paired,paired_lr_posterior_alpha_L2,1.0,1.0,0.999652428100497,1.0
sub-463,True,,paired,paired_lr_posterior_alpha_L2,0.0,0.0,0.05405145757465089,1.0
sub-465,True,,paired,paired_lr_posterior_alpha_L2,0.0,0.0,0.2677386783821352,1.0
sub-467,True,,paired,paired_lr_posterior_alpha_L2,1.0,1.0,0.995112536734137,1.0
sub-470,True,,paired,paired_lr_posterior_alpha_L2,0.0,0.0,0.0005400639271943806,1.0
sub-471,True,,paired,paired_lr_posterior_alpha_L2,0.0,0.0,0.0003000204322440275,1.0
sub-476,True,,paired,paired_lr_posterior_alpha_L2,1.0,1.0,0.9994917250422697,1.0
sub-479,False,,paired,paired_lr_posterior_alpha_L2,1.0,0.0,0.14667306855688547,1.0
sub-481,True,,paired,paired_lr_posterior_alpha_L2,0.0,0.0,0.0002528489687174267,1.0
sub-485,True,,paired,paired_lr_posterior_alpha_L2,1.0,1.0,0.9998069532980876,1.0
sub-486,True,,paired,paired_lr_posterior_alpha_L2,0.0,0.0,0.183080956509079,1.0
sub-490,True,,paired,paired_lr_posterior_alpha_L2,1.0,1.0,0.5463665284917809,1.0
sub-491,True,,paired,paired_lr_posterior_alpha_L2,0.0,0.0,0.0021131656289410158,1.0
sub-496,True,,paired,paired_lr_posterior_alpha_L2,1.0,1.0,0.999745437305766,1.0
sub-499,True,,paired,paired_lr_posterior_alpha_L2,0.0,0.0,0.01421138377530772,1.0
sub-501,True,,paired,paired_lr_posterior_alpha_L2,1.0,1.0,0.9992804534493073,1.0
sub-502,True,,paired,paired_lr_posterior_alpha_L2,0.0,0.0,0.004232114941598003,1.0
sub-521,True,,paired,paired_lr_posterior_alpha_L2,1.0,1.0,0.8516907385518099,1.0
sub-524,True,,paired,paired_lr_posterior_alpha_L2,0.0,0.0,0.01974962016392901,1.0
sub-526,True,,paired,paired_lr_posterior_alpha_L2,1.0,1.0,0.9921248898554513,1.0
sub-530,True,,paired,paired_lr_posterior_alpha_L2,0.0,0.0,0.0005386529850093834,1.0
sub-535,True,,paired,paired_lr_posterior_alpha_L2,0.0,0.0,4.233361711379408e-06,1.0
sub-536,True,,paired,paired_lr_posterior_alpha_L2,0.0,0.0,0.011560622475196633,1.0
sub-540,True,,paired,paired_lr_posterior_alpha_L2,1.0,1.0,0.9925500227702047,1.0
sub-541,True,,paired,paired_lr_posterior_alpha_L2,1.0,1.0,0.9998616114413532,1.0
sub-543,True,,paired,paired_lr_posterior_alpha_L2,0.0,0.0,0.054621581197763204,1.0
sub-556,True,,paired,paired_lr_posterior_alpha_L2,1.0,1.0,0.9347030427149023,1.0
sub-557,True,,paired,paired_lr_posterior_alpha_L2,1.0,1.0,0.9860738801557719,1.0
sub-561,True,,paired,paired_lr_posterior_alpha_L2,0.0,0.0,0.04809831802838679,1.0
sub-565,True,,paired,paired_lr_posterior_alpha_L2,1.0,1.0,0.887791900342642,1.0
sub-567,True,,paired,paired_lr_posterior_alpha_L2,0.0,0.0,0.3147147212597254,1.0
sub-568,True,,paired,paired_lr_posterior_alpha_L2,0.0,0.0,0.4230284060744905,1.0
sub-578,True,,paired,paired_lr_posterior_alpha_L2,0.0,0.0,8.147050663776153e-05,1.0
sub-579,True,,paired,paired_lr_posterior_alpha_L2,0.0,0.0,0.008126193785224747,1.0
sub-582,True,,paired,paired_lr_posterior_alpha_L2,0.0,0.0,0.11483865427024187,1.0
sub-585,True,,paired,paired_lr_posterior_alpha_L2,0.0,0.0,0.010854076842014237,1.0
sub-591,True,,paired,paired_lr_posterior_alpha_L2,0.0,0.0,0.27158581386205377,1.0
sub-595,True,,paired,paired_lr_posterior_alpha_L2,1.0,1.0,0.7084406565878225,1.0
sub-597,True,,paired,paired_lr_posterior_alpha_L2,0.0,0.0,0.004328919730396145,1.0
sub-599,True,,paired,paired_lr_posterior_alpha_L2,0.0,0.0,0.4100979378393081,1.0
sub-605,True,,paired,paired_lr_posterior_alpha_L2,0.0,0.0,0.004478869800730939,1.0
sub-003,True,,paired,paired_lr_posterior_alpha_L2,1.0,1.0,0.9958986832767655,2.0
sub-005,True,,paired,paired_lr_posterior_alpha_L2,1.0,1.0,0.9994673292768673,2.0
sub-006,True,,paired,paired_lr_posterior_alpha_L2,0.0,0.0,0.03525057151394559,2.0
sub-010,True,,paired,paired_lr_posterior_alpha_L2,0.0,0.0,0.007010301057622276,2.0
sub-018,True,,paired,paired_lr_posterior_alpha_L2,0.0,0.0,0.06673406488924251,2.0
sub-023,True,,paired,paired_lr_posterior_alpha_L2,1.0,1.0,0.9862831574664854,2.0
sub-026,True,,paired,paired_lr_posterior_alpha_L2,1.0,1.0,0.9992096545916128,2.0
sub-030,True,,paired,paired_lr_posterior_alpha_L2,0.0,0.0,0.30732101895233155,2.0
sub-036,True,,paired,paired_lr_posterior_alpha_L2,0.0,0.0,0.12727722108517345,2.0
sub-046,True,,paired,paired_lr_posterior_alpha_L2,1.0,1.0,0.9893235422992469,2.0
sub-047,True,,paired,paired_lr_posterior_alpha_L2,0.0,0.0,0.2662662383637468,2.0
sub-050,True,,paired,paired_lr_posterior_alpha_L2,1.0,1.0,0.5509416528987348,2.0
sub-053,True,,paired,paired_lr_posterior_alpha_L2,0.0,0.0,0.1004303600190209,2.0
sub-057,True,,paired,paired_lr_posterior_alpha_L2,0.0,0.0,0.23106883351201488,2.0
sub-064,True,,paired,paired_lr_posterior_alpha_L2,0.0,0.0,0.0008386353986032942,2.0
sub-066,True,,paired,paired_lr_posterior_alpha_L2,1.0,1.0,0.9999592711060521,2.0
sub-077,True,,paired,paired_lr_posterior_alpha_L2,0.0,0.0,0.0010443938244779347,2.0
sub-080,True,,paired,paired_lr_posterior_alpha_L2,1.0,1.0,0.9997788969958005,2.0
sub-082,True,,paired,paired_lr_posterior_alpha_L2,0.0,0.0,0.004479283514794464,2.0
sub-086,True,,paired,paired_lr_posterior_alpha_L2,1.0,1.0,0.9874774412859072,2.0
sub-107,True,,paired,paired_lr_posterior_alpha_L2,1.0,1.0,0.7859595381621433,2.0
sub-109,True,,paired,paired_lr_posterior_alpha_L2,1.0,1.0,0.8097478588421695,2.0
sub-114,True,,paired,paired_lr_posterior_alpha_L2,0.0,0.0,0.03413481711756887,2.0
sub-116,True,,paired,paired_lr_posterior_alpha_L2,0.0,0.0,0.00676313951483218,2.0
sub-118,True,,paired,paired_lr_posterior_alpha_L2,1.0,1.0,0.9904265948384604,2.0
sub-119,True,,paired,paired_lr_posterior_alpha_L2,1.0,1.0,0.997461033483354,2.0
sub-121,True,,paired,paired_lr_posterior_alpha_L2,0.0,0.0,0.0007131423954107047,2.0
sub-123,True,,paired,paired_lr_posterior_alpha_L2,1.0,1.0,0.867448119100538,2.0
sub-126,True,,paired,paired_lr_posterior_alpha_L2,0.0,0.0,0.012506687473239134,2.0
sub-131,True,,paired,paired_lr_posterior_alpha_L2,1.0,1.0,0.9996427518190049,2.0
sub-133,True,,paired,paired_lr_posterior_alpha_L2,1.0,1.0,0.5036369784875154,2.0
sub-135,True,,paired,paired_lr_posterior_alpha_L2,1.0,1.0,0.9752888965367145,2.0
sub-136,True,,paired,paired_lr_posterior_alpha_L2,1.0,1.0,0.9995609731611247,2.0
sub-137,True,,paired,paired_lr_posterior_alpha_L2,1.0,1.0,0.9608754641863897,2.0
sub-144,True,,paired,paired_lr_posterior_alpha_L2,1.0,1.0,0.9838680955256253,2.0
sub-145,True,,paired,paired_lr_posterior_alpha_L2,0.0,0.0,0.0362581891673168,2.0
sub-147,True,,paired,paired_lr_posterior_alpha_L2,1.0,1.0,0.9996682461305252,2.0
sub-153,True,,paired,paired_lr_posterior_alpha_L2,0.0,0.0,0.1683166010916957,2.0
sub-158,False,,paired,paired_lr_posterior_alpha_L2,0.0,1.0,0.5922780127163048,2.0
sub-161,True,,paired,paired_lr_posterior_alpha_L2,0.0,0.0,0.0007498338988490472,2.0
sub-162,True,,paired,paired_lr_posterior_alpha_L2,0.0,0.0,0.01653193805902273,2.0
sub-163,True,,paired,paired_lr_posterior_alpha_L2,1.0,1.0,0.955307122537503,2.0
sub-165,True,,paired,paired_lr_posterior_alpha_L2,1.0,1.0,0.9972827324276852,2.0
sub-169,True,,paired,paired_lr_posterior_alpha_L2,1.0,1.0,0.9989014663061117,2.0
sub-172,True,,paired,paired_lr_posterior_alpha_L2,0.0,0.0,0.2552698231024711,2.0
sub-181,True,,paired,paired_lr_posterior_alpha_L2,1.0,1.0,0.9997820027836911,2.0
sub-187,True,,paired,paired_lr_posterior_alpha_L2,1.0,1.0,0.999170434196477,2.0
sub-191,True,,paired,paired_lr_posterior_alpha_L2,0.0,0.0,0.0011691215442990567,2.0
sub-194,True,,paired,paired_lr_posterior_alpha_L2,1.0,1.0,0.7293031156534208,2.0
sub-210,True,,paired,paired_lr_posterior_alpha_L2,0.0,0.0,0.046559564583246706,2.0
sub-217,True,,paired,paired_lr_posterior_alpha_L2,1.0,1.0,0.9881812545947297,2.0
sub-221,True,,paired,paired_lr_posterior_alpha_L2,1.0,1.0,0.9886785087402902,2.0
sub-223,True,,paired,paired_lr_posterior_alpha_L2,0.0,0.0,0.007076176326201045,2.0
sub-225,True,,paired,paired_lr_posterior_alpha_L2,1.0,1.0,0.9995007629708113,2.0
sub-226,True,,paired,paired_lr_posterior_alpha_L2,0.0,0.0,8.155246806436526e-05,2.0
sub-233,True,,paired,paired_lr_posterior_alpha_L2,1.0,1.0,0.714534535898121,2.0
sub-235,True,,paired,paired_lr_posterior_alpha_L2,1.0,1.0,0.9999475251223405,2.0
sub-238,True,,paired,paired_lr_posterior_alpha_L2,0.0,0.0,0.00011685848629850496,2.0
sub-255,True,,paired,paired_lr_posterior_alpha_L2,1.0,1.0,0.9154759110535214,2.0
sub-273,True,,paired,paired_lr_posterior_alpha_L2,1.0,1.0,0.9818570780044629,2.0
sub-276,True,,paired,paired_lr_posterior_alpha_L2,1.0,1.0,0.9968311067689074,2.0
sub-280,True,,paired,paired_lr_posterior_alpha_L2,1.0,1.0,0.9992670606380337,2.0
sub-281,True,,paired,paired_lr_posterior_alpha_L2,0.0,0.0,0.00021732984438347565,2.0
sub-286,True,,paired,paired_lr_posterior_alpha_L2,0.0,0.0,0.05263137255872816,2.0
sub-290,True,,paired,paired_lr_posterior_alpha_L2,1.0,1.0,0.9895431623041712,2.0
sub-295,True,,paired,paired_lr_posterior_alpha_L2,1.0,1.0,0.9521948614215908,2.0
sub-301,True,,paired,paired_lr_posterior_alpha_L2,0.0,0.0,0.0014276531975268216,2.0
sub-305,True,,paired,paired_lr_posterior_alpha_L2,0.0,0.0,0.048193136717757566,2.0
sub-309,True,,paired,paired_lr_posterior_alpha_L2,0.0,0.0,0.3954885374488779,2.0
sub-315,True,,paired,paired_lr_posterior_alpha_L2,1.0,1.0,0.9985032840701034,2.0
sub-317,True,,paired,paired_lr_posterior_alpha_L2,0.0,0.0,0.002504268984500273,2.0
sub-322,True,,paired,paired_lr_posterior_alpha_L2,1.0,1.0,0.9985681499172212,2.0
sub-326,True,,paired,paired_lr_posterior_alpha_L2,0.0,0.0,0.002448548358206323,2.0
sub-329,True,,paired,paired_lr_posterior_alpha_L2,0.0,0.0,0.0012522469256712276,2.0
sub-341,True,,paired,paired_lr_posterior_alpha_L2,1.0,1.0,0.6929272000860583,2.0
sub-347,True,,paired,paired_lr_posterior_alpha_L2,1.0,1.0,0.859377771985057,2.0
sub-349,True,,paired,paired_lr_posterior_alpha_L2,1.0,1.0,0.8906568646749299,2.0
sub-352,True,,paired,paired_lr_posterior_alpha_L2,0.0,0.0,0.03107856968594827,2.0
sub-353,True,,paired,paired_lr_posterior_alpha_L2,0.0,0.0,0.00455658745049887,2.0
sub-355,True,,paired,paired_lr_posterior_alpha_L2,0.0,0.0,0.0013269060408458728,2.0
sub-369,True,,paired,paired_lr_posterior_alpha_L2,0.0,0.0,0.0003669473303240906,2.0
sub-390,True,,paired,paired_lr_posterior_alpha_L2,1.0,1.0,0.9998194997795965,2.0
sub-392,True,,paired,paired_lr_posterior_alpha_L2,0.0,0.0,0.01368321434425097,2.0
sub-394,True,,paired,paired_lr_posterior_alpha_L2,0.0,0.0,0.00061276483246544,2.0
sub-396,True,,paired,paired_lr_posterior_alpha_L2,0.0,0.0,0.09089254322843392,2.0
sub-399,False,,paired,paired_lr_posterior_alpha_L2,0.0,1.0,0.649563262673522,2.0
sub-403,True,,paired,paired_lr_posterior_alpha_L2,0.0,0.0,0.005910678034527326,2.0
sub-409,True,,paired,paired_lr_posterior_alpha_L2,1.0,1.0,0.9999606573944445,2.0
sub-410,True,,paired,paired_lr_posterior_alpha_L2,0.0,0.0,0.005562349213321928,2.0
sub-413,True,,paired,paired_lr_posterior_alpha_L2,1.0,1.0,0.9995588264796698,2.0
sub-432,True,,paired,paired_lr_posterior_alpha_L2,1.0,1.0,0.9400015883581968,2.0
sub-433,True,,paired,paired_lr_posterior_alpha_L2,0.0,0.0,0.16153394622178438,2.0
sub-446,True,,paired,paired_lr_posterior_alpha_L2,0.0,0.0,0.022397594615500564,2.0
sub-447,True,,paired,paired_lr_posterior_alpha_L2,0.0,0.0,0.0010447736280007763,2.0
sub-450,True,,paired,paired_lr_posterior_alpha_L2,0.0,0.0,0.0466501656519179,2.0
sub-452,True,,paired,paired_lr_posterior_alpha_L2,1.0,1.0,0.9608398697111981,2.0
sub-457,True,,paired,paired_lr_posterior_alpha_L2,0.0,0.0,0.001715883645647147,2.0
sub-464,True,,paired,paired_lr_posterior_alpha_L2,0.0,0.0,1.01432591659363e-05,2.0
sub-478,True,,paired,paired_lr_posterior_alpha_L2,1.0,1.0,0.9999354528532214,2.0
sub-480,False,,paired,paired_lr_posterior_alpha_L2,0.0,1.0,0.5434476744992788,2.0
sub-489,True,,paired,paired_lr_posterior_alpha_L2,1.0,1.0,0.9777309129217966,2.0
sub-494,True,,paired,paired_lr_posterior_alpha_L2,1.0,1.0,0.9974282089341306,2.0
sub-509,True,,paired,paired_lr_posterior_alpha_L2,1.0,1.0,0.9969364909011666,2.0
sub-511,True,,paired,paired_lr_posterior_alpha_L2,1.0,1.0,0.9962506560073328,2.0
sub-520,True,,paired,paired_lr_posterior_alpha_L2,0.0,0.0,0.004159913476514015,2.0
sub-525,True,,paired,paired_lr_posterior_alpha_L2,0.0,0.0,0.0001269560641895075,2.0
sub-527,True,,paired,paired_lr_posterior_alpha_L2,1.0,1.0,0.9965243760231375,2.0
sub-532,True,,paired,paired_lr_posterior_alpha_L2,0.0,0.0,0.06277188515064736,2.0
sub-534,True,,paired,paired_lr_posterior_alpha_L2,0.0,0.0,0.3714385024740117,2.0
sub-553,True,,paired,paired_lr_posterior_alpha_L2,0.0,0.0,0.044318666888445185,2.0
sub-558,True,,paired,paired_lr_posterior_alpha_L2,0.0,0.0,0.09402978936947444,2.0
sub-566,True,,paired,paired_lr_posterior_alpha_L2,0.0,0.0,0.11690242486143601,2.0
sub-583,True,,paired,paired_lr_posterior_alpha_L2,1.0,1.0,0.9968978467136148,2.0
sub-584,True,,paired,paired_lr_posterior_alpha_L2,1.0,1.0,0.6688712003528087,2.0
sub-588,True,,paired,paired_lr_posterior_alpha_L2,0.0,0.0,0.003177462172744563,2.0
sub-602,True,,paired,paired_lr_posterior_alpha_L2,1.0,1.0,0.6557619304626213,2.0
sub-606,True,,paired,paired_lr_posterior_alpha_L2,1.0,1.0,0.9916125742041748,2.0
sub-608,True,,paired,paired_lr_posterior_alpha_L2,1.0,1.0,0.9244721601957133,2.0
sub-002,True,,paired,paired_lr_posterior_alpha_L2,1.0,1.0,0.9995125969991397,3.0
sub-024,True,,paired,paired_lr_posterior_alpha_L2,1.0,1.0,0.999120582368987,3.0
sub-028,False,,paired,paired_lr_posterior_alpha_L2,0.0,1.0,0.5709182701506085,3.0
sub-035,True,,paired,paired_lr_posterior_alpha_L2,1.0,1.0,0.9893869029183014,3.0
sub-039,True,,paired,paired_lr_posterior_alpha_L2,1.0,1.0,0.9490876934145237,3.0
sub-040,True,,paired,paired_lr_posterior_alpha_L2,1.0,1.0,0.650380937732409,3.0
sub-044,True,,paired,paired_lr_posterior_alpha_L2,1.0,1.0,0.8980311132322655,3.0
sub-058,True,,paired,paired_lr_posterior_alpha_L2,1.0,1.0,0.653878872714924,3.0
sub-068,True,,paired,paired_lr_posterior_alpha_L2,0.0,0.0,7.17652161073248e-05,3.0
sub-069,False,,paired,paired_lr_posterior_alpha_L2,1.0,0.0,0.21956449765360644,3.0
sub-076,True,,paired,paired_lr_posterior_alpha_L2,1.0,1.0,0.9997527574272631,3.0
sub-078,True,,paired,paired_lr_posterior_alpha_L2,0.0,0.0,0.013311510254608522,3.0
sub-089,True,,paired,paired_lr_posterior_alpha_L2,1.0,1.0,0.9787060475757271,3.0
sub-090,True,,paired,paired_lr_posterior_alpha_L2,1.0,1.0,0.9996147285294839,3.0
sub-091,True,,paired,paired_lr_posterior_alpha_L2,1.0,1.0,0.999790552831045,3.0
sub-093,True,,paired,paired_lr_posterior_alpha_L2,0.0,0.0,0.039706738065932605,3.0
sub-097,True,,paired,paired_lr_posterior_alpha_L2,0.0,0.0,0.00220470781248678,3.0
sub-098,True,,paired,paired_lr_posterior_alpha_L2,0.0,0.0,0.00045225661082765105,3.0
sub-102,True,,paired,paired_lr_posterior_alpha_L2,1.0,1.0,0.9999966865420333,3.0
sub-103,True,,paired,paired_lr_posterior_alpha_L2,1.0,1.0,0.9512787654052879,3.0
sub-129,True,,paired,paired_lr_posterior_alpha_L2,1.0,1.0,0.9989751860606967,3.0
sub-140,True,,paired,paired_lr_posterior_alpha_L2,0.0,0.0,0.4150298671772728,3.0
sub-141,True,,paired,paired_lr_posterior_alpha_L2,0.0,0.0,0.08547504740352818,3.0
sub-146,True,,paired,paired_lr_posterior_alpha_L2,0.0,0.0,0.00013132052069724984,3.0
sub-150,True,,paired,paired_lr_posterior_alpha_L2,1.0,1.0,0.505031923258075,3.0
sub-159,True,,paired,paired_lr_posterior_alpha_L2,1.0,1.0,0.9680767321066731,3.0
sub-166,True,,paired,paired_lr_posterior_alpha_L2,0.0,0.0,0.08228712638424629,3.0
sub-167,True,,paired,paired_lr_posterior_alpha_L2,0.0,0.0,0.011703506326787082,3.0
sub-173,True,,paired,paired_lr_posterior_alpha_L2,1.0,1.0,0.9993136983421258,3.0
sub-174,True,,paired,paired_lr_posterior_alpha_L2,1.0,1.0,0.9944481750012415,3.0
sub-177,True,,paired,paired_lr_posterior_alpha_L2,1.0,1.0,0.9999866278792634,3.0
sub-180,True,,paired,paired_lr_posterior_alpha_L2,1.0,1.0,0.9967132558351178,3.0
sub-182,True,,paired,paired_lr_posterior_alpha_L2,0.0,0.0,0.0026771221114452984,3.0
sub-184,True,,paired,paired_lr_posterior_alpha_L2,1.0,1.0,0.9899095958949136,3.0
sub-192,True,,paired,paired_lr_posterior_alpha_L2,1.0,1.0,0.9993852255250952,3.0
sub-193,True,,paired,paired_lr_posterior_alpha_L2,1.0,1.0,0.9989116650555923,3.0
sub-201,False,,paired,paired_lr_posterior_alpha_L2,1.0,0.0,0.3620458558927143,3.0
sub-202,True,,paired,paired_lr_posterior_alpha_L2,0.0,0.0,0.1363835824318749,3.0
sub-219,True,,paired,paired_lr_posterior_alpha_L2,1.0,1.0,0.9925778524713659,3.0
sub-222,True,,paired,paired_lr_posterior_alpha_L2,0.0,0.0,0.000535616100375793,3.0
sub-228,True,,paired,paired_lr_posterior_alpha_L2,1.0,1.0,0.5036589340610015,3.0
sub-231,True,,paired,paired_lr_posterior_alpha_L2,0.0,0.0,0.0004277612678691996,3.0
sub-240,True,,paired,paired_lr_posterior_alpha_L2,0.0,0.0,9.192009444213819e-05,3.0
sub-245,True,,paired,paired_lr_posterior_alpha_L2,0.0,0.0,0.4097606911436367,3.0
sub-248,True,,paired,paired_lr_posterior_alpha_L2,0.0,0.0,0.0036161585681745334,3.0
sub-249,True,,paired,paired_lr_posterior_alpha_L2,1.0,1.0,0.909305260282397,3.0
sub-253,True,,paired,paired_lr_posterior_alpha_L2,0.0,0.0,0.00047507851474580987,3.0
sub-254,True,,paired,paired_lr_posterior_alpha_L2,0.0,0.0,0.010309870209418346,3.0
sub-257,True,,paired,paired_lr_posterior_alpha_L2,1.0,1.0,0.6713446277596942,3.0
sub-260,True,,paired,paired_lr_posterior_alpha_L2,1.0,1.0,0.6516906255632565,3.0
sub-261,True,,paired,paired_lr_posterior_alpha_L2,0.0,0.0,0.04307019155040789,3.0
sub-263,True,,paired,paired_lr_posterior_alpha_L2,0.0,0.0,0.3006551097411672,3.0
sub-265,True,,paired,paired_lr_posterior_alpha_L2,0.0,0.0,0.047775888019480565,3.0
sub-268,False,,paired,paired_lr_posterior_alpha_L2,1.0,0.0,0.33918784105565997,3.0
sub-271,True,,paired,paired_lr_posterior_alpha_L2,0.0,0.0,0.0013552778011675568,3.0
sub-274,False,,paired,paired_lr_posterior_alpha_L2,0.0,1.0,0.5638898250411067,3.0
sub-277,False,,paired,paired_lr_posterior_alpha_L2,0.0,1.0,0.6189365912387474,3.0
sub-284,True,,paired,paired_lr_posterior_alpha_L2,1.0,1.0,0.998377075527335,3.0
sub-294,True,,paired,paired_lr_posterior_alpha_L2,0.0,0.0,0.0006503949826808796,3.0
sub-303,True,,paired,paired_lr_posterior_alpha_L2,1.0,1.0,0.807605343726259,3.0
sub-312,True,,paired,paired_lr_posterior_alpha_L2,0.0,0.0,0.003830763437795636,3.0
sub-324,True,,paired,paired_lr_posterior_alpha_L2,1.0,1.0,0.9872896292138005,3.0
sub-328,True,,paired,paired_lr_posterior_alpha_L2,0.0,0.0,0.029753776292366526,3.0
sub-331,True,,paired,paired_lr_posterior_alpha_L2,1.0,1.0,0.9170861932222353,3.0
sub-334,True,,paired,paired_lr_posterior_alpha_L2,0.0,0.0,0.011943352709249054,3.0
sub-338,True,,paired,paired_lr_posterior_alpha_L2,0.0,0.0,0.027052442940707824,3.0
sub-340,True,,paired,paired_lr_posterior_alpha_L2,0.0,0.0,0.10607594236602423,3.0
sub-350,True,,paired,paired_lr_posterior_alpha_L2,1.0,1.0,0.9748375194930456,3.0
sub-363,True,,paired,paired_lr_posterior_alpha_L2,0.0,0.0,0.29684560144489847,3.0
sub-366,True,,paired,paired_lr_posterior_alpha_L2,0.0,0.0,0.1698630167407009,3.0
sub-370,True,,paired,paired_lr_posterior_alpha_L2,0.0,0.0,0.0011056100381093756,3.0
sub-377,True,,paired,paired_lr_posterior_alpha_L2,1.0,1.0,0.7664678447619613,3.0
sub-382,False,,paired,paired_lr_posterior_alpha_L2,0.0,1.0,0.6102942169164663,3.0
sub-383,True,,paired,paired_lr_posterior_alpha_L2,1.0,1.0,0.9976377936357363,3.0
sub-389,True,,paired,paired_lr_posterior_alpha_L2,1.0,1.0,0.9368975120931232,3.0
sub-391,True,,paired,paired_lr_posterior_alpha_L2,1.0,1.0,0.9984825822986897,3.0
sub-398,True,,paired,paired_lr_posterior_alpha_L2,1.0,1.0,0.9999691242702089,3.0
sub-417,True,,paired,paired_lr_posterior_alpha_L2,1.0,1.0,0.9882234952376366,3.0
sub-419,True,,paired,paired_lr_posterior_alpha_L2,1.0,1.0,0.9999385638323737,3.0
sub-421,True,,paired,paired_lr_posterior_alpha_L2,1.0,1.0,0.9997458724131466,3.0
sub-427,True,,paired,paired_lr_posterior_alpha_L2,0.0,0.0,0.23187048035999847,3.0
sub-428,True,,paired,paired_lr_posterior_alpha_L2,0.0,0.0,0.16220198021281712,3.0
sub-453,True,,paired,paired_lr_posterior_alpha_L2,0.0,0.0,0.04744261424296871,3.0
sub-459,True,,paired,paired_lr_posterior_alpha_L2,0.0,0.0,0.013584925575991658,3.0
sub-461,True,,paired,paired_lr_posterior_alpha_L2,1.0,1.0,0.9976060203225628,3.0
sub-462,True,,paired,paired_lr_posterior_alpha_L2,0.0,0.0,0.2957903667494127,3.0
sub-466,True,,paired,paired_lr_posterior_alpha_L2,0.0,0.0,0.013120282615815496,3.0
sub-469,True,,paired,paired_lr_posterior_alpha_L2,1.0,1.0,0.9984725295887986,3.0
sub-477,True,,paired,paired_lr_posterior_alpha_L2,0.0,0.0,0.002177188177434364,3.0
sub-482,True,,paired,paired_lr_posterior_alpha_L2,1.0,1.0,0.8196755195283604,3.0
sub-483,True,,paired,paired_lr_posterior_alpha_L2,0.0,0.0,0.005158383027124452,3.0
sub-484,False,,paired,paired_lr_posterior_alpha_L2,0.0,1.0,0.810828460654745,3.0
sub-488,True,,paired,paired_lr_posterior_alpha_L2,1.0,1.0,0.8298484518013478,3.0
sub-492,True,,paired,paired_lr_posterior_alpha_L2,1.0,1.0,0.9140995782746092,3.0
sub-493,True,,paired,paired_lr_posterior_alpha_L2,0.0,0.0,0.04907963932861539,3.0
sub-500,True,,paired,paired_lr_posterior_alpha_L2,0.0,0.0,0.005581021078090561,3.0
sub-503,True,,paired,paired_lr_posterior_alpha_L2,0.0,0.0,0.017313677086817022,3.0
sub-504,True,,paired,paired_lr_posterior_alpha_L2,1.0,1.0,0.9724514949990796,3.0
sub-514,True,,paired,paired_lr_posterior_alpha_L2,0.0,0.0,0.08393196961418069,3.0
sub-516,True,,paired,paired_lr_posterior_alpha_L2,0.0,0.0,0.00037273459793386545,3.0
sub-517,True,,paired,paired_lr_posterior_alpha_L2,0.0,0.0,0.05242878701270838,3.0
sub-519,False,,paired,paired_lr_posterior_alpha_L2,0.0,1.0,0.6072009124317829,3.0
sub-522,True,,paired,paired_lr_posterior_alpha_L2,0.0,0.0,0.011817270935613656,3.0
sub-528,True,,paired,paired_lr_posterior_alpha_L2,1.0,1.0,0.9997795877732749,3.0
sub-531,True,,paired,paired_lr_posterior_alpha_L2,0.0,0.0,0.034050331539065566,3.0
sub-533,True,,paired,paired_lr_posterior_alpha_L2,1.0,1.0,0.6810695802990056,3.0
sub-542,True,,paired,paired_lr_posterior_alpha_L2,1.0,1.0,0.9988248670800272,3.0
sub-546,False,,paired,paired_lr_posterior_alpha_L2,0.0,1.0,0.7925292055836674,3.0
sub-549,True,,paired,paired_lr_posterior_alpha_L2,0.0,0.0,0.11244407479596982,3.0
sub-550,True,,paired,paired_lr_posterior_alpha_L2,1.0,1.0,0.9930748334772297,3.0
sub-569,True,,paired,paired_lr_posterior_alpha_L2,1.0,1.0,0.9739648771636208,3.0
sub-575,True,,paired,paired_lr_posterior_alpha_L2,1.0,1.0,0.8563045747957477,3.0
sub-576,True,,paired,paired_lr_posterior_alpha_L2,1.0,1.0,0.9971412905565236,3.0
sub-577,True,,paired,paired_lr_posterior_alpha_L2,0.0,0.0,0.00013281138828578594,3.0
sub-580,True,,paired,paired_lr_posterior_alpha_L2,1.0,1.0,0.9954119646022589,3.0
sub-586,True,,paired,paired_lr_posterior_alpha_L2,0.0,0.0,0.0008789485789688827,3.0
sub-592,True,,paired,paired_lr_posterior_alpha_L2,1.0,1.0,0.9780129471590946,3.0
sub-600,True,,paired,paired_lr_posterior_alpha_L2,0.0,0.0,4.729957796771718e-05,3.0
sub-011,True,,paired,paired_lr_posterior_alpha_L2,0.0,0.0,0.0010990284716138206,4.0
sub-019,True,,paired,paired_lr_posterior_alpha_L2,0.0,0.0,0.44590883907074996,4.0
sub-025,True,,paired,paired_lr_posterior_alpha_L2,1.0,1.0,0.9937392032069928,4.0
sub-027,True,,paired,paired_lr_posterior_alpha_L2,1.0,1.0,0.9998965280405251,4.0
sub-033,True,,paired,paired_lr_posterior_alpha_L2,1.0,1.0,0.9996586411130715,4.0
sub-034,True,,paired,paired_lr_posterior_alpha_L2,1.0,1.0,0.9804312455755525,4.0
sub-038,True,,paired,paired_lr_posterior_alpha_L2,0.0,0.0,0.02115988763366332,4.0
sub-042,True,,paired,paired_lr_posterior_alpha_L2,0.0,0.0,0.32489797394966374,4.0
sub-043,True,,paired,paired_lr_posterior_alpha_L2,0.0,0.0,0.02110284055137776,4.0
sub-049,True,,paired,paired_lr_posterior_alpha_L2,0.0,0.0,0.04358117171056189,4.0
sub-059,True,,paired,paired_lr_posterior_alpha_L2,1.0,1.0,0.9972607800605516,4.0
sub-060,True,,paired,paired_lr_posterior_alpha_L2,1.0,1.0,0.9460526886880962,4.0
sub-062,True,,paired,paired_lr_posterior_alpha_L2,1.0,1.0,0.85094851457407,4.0
sub-063,True,,paired,paired_lr_posterior_alpha_L2,1.0,1.0,0.9758223687017348,4.0
sub-065,True,,paired,paired_lr_posterior_alpha_L2,1.0,1.0,0.9988910780953816,4.0
sub-067,True,,paired,paired_lr_posterior_alpha_L2,1.0,1.0,0.9926590081948524,4.0
sub-072,True,,paired,paired_lr_posterior_alpha_L2,1.0,1.0,0.9991409811836807,4.0
sub-074,True,,paired,paired_lr_posterior_alpha_L2,1.0,1.0,0.9484534191341766,4.0
sub-075,True,,paired,paired_lr_posterior_alpha_L2,1.0,1.0,0.8976892587849971,4.0
sub-083,True,,paired,paired_lr_posterior_alpha_L2,1.0,1.0,0.9849466969617948,4.0
sub-088,True,,paired,paired_lr_posterior_alpha_L2,0.0,0.0,0.0012184274817095859,4.0
sub-111,True,,paired,paired_lr_posterior_alpha_L2,0.0,0.0,0.003426469797320647,4.0
sub-113,True,,paired,paired_lr_posterior_alpha_L2,1.0,1.0,0.9972614459557466,4.0
sub-115,True,,paired,paired_lr_posterior_alpha_L2,1.0,1.0,0.9975268624498635,4.0
sub-117,True,,paired,paired_lr_posterior_alpha_L2,1.0,1.0,0.5891256288182676,4.0
sub-122,False,,paired,paired_lr_posterior_alpha_L2,0.0,1.0,0.5763527405450461,4.0
sub-127,True,,paired,paired_lr_posterior_alpha_L2,1.0,1.0,0.7052608427580561,4.0
sub-130,True,,paired,paired_lr_posterior_alpha_L2,0.0,0.0,0.007197199551410561,4.0
sub-139,True,,paired,paired_lr_posterior_alpha_L2,0.0,0.0,0.10339171432946666,4.0
sub-142,True,,paired,paired_lr_posterior_alpha_L2,0.0,0.0,0.14544163684772574,4.0
sub-151,True,,paired,paired_lr_posterior_alpha_L2,0.0,0.0,0.014083399557737282,4.0
sub-157,True,,paired,paired_lr_posterior_alpha_L2,0.0,0.0,0.014272451548890137,4.0
sub-168,True,,paired,paired_lr_posterior_alpha_L2,0.0,0.0,0.0004311479648281728,4.0
sub-170,True,,paired,paired_lr_posterior_alpha_L2,0.0,0.0,0.0011443832250671528,4.0
sub-176,True,,paired,paired_lr_posterior_alpha_L2,1.0,1.0,0.9995075061779015,4.0
sub-186,True,,paired,paired_lr_posterior_alpha_L2,0.0,0.0,0.1739107677884443,4.0
sub-189,True,,paired,paired_lr_posterior_alpha_L2,0.0,0.0,0.03965562757713118,4.0
sub-197,True,,paired,paired_lr_posterior_alpha_L2,1.0,1.0,0.7867677052812481,4.0
sub-203,False,,paired,paired_lr_posterior_alpha_L2,0.0,1.0,0.7625280461381926,4.0
sub-205,True,,paired,paired_lr_posterior_alpha_L2,0.0,0.0,0.00027701385089279584,4.0
sub-207,True,,paired,paired_lr_posterior_alpha_L2,0.0,0.0,0.1312771376282847,4.0
sub-209,True,,paired,paired_lr_posterior_alpha_L2,0.0,0.0,0.4352207060402318,4.0
sub-211,True,,paired,paired_lr_posterior_alpha_L2,0.0,0.0,0.013224378423208455,4.0
sub-212,True,,paired,paired_lr_posterior_alpha_L2,1.0,1.0,0.9989024760481414,4.0
sub-218,True,,paired,paired_lr_posterior_alpha_L2,0.0,0.0,0.007076931934319292,4.0
sub-227,True,,paired,paired_lr_posterior_alpha_L2,1.0,1.0,0.8293330014442732,4.0
sub-229,True,,paired,paired_lr_posterior_alpha_L2,0.0,0.0,0.004109614043514736,4.0
sub-237,True,,paired,paired_lr_posterior_alpha_L2,1.0,1.0,0.9922965463680768,4.0
sub-241,True,,paired,paired_lr_posterior_alpha_L2,1.0,1.0,0.9925959843203,4.0
sub-247,True,,paired,paired_lr_posterior_alpha_L2,0.0,0.0,0.00012734508158310188,4.0
sub-252,True,,paired,paired_lr_posterior_alpha_L2,0.0,0.0,0.16415251176486026,4.0
sub-256,True,,paired,paired_lr_posterior_alpha_L2,1.0,1.0,0.9224827802281779,4.0
sub-262,True,,paired,paired_lr_posterior_alpha_L2,0.0,0.0,0.0006115059700168337,4.0
sub-264,True,,paired,paired_lr_posterior_alpha_L2,1.0,1.0,0.6358423934024738,4.0
sub-272,True,,paired,paired_lr_posterior_alpha_L2,0.0,0.0,0.0018815807192222205,4.0
sub-279,True,,paired,paired_lr_posterior_alpha_L2,1.0,1.0,0.9998371867630418,4.0
sub-282,True,,paired,paired_lr_posterior_alpha_L2,1.0,1.0,0.9171147250294127,4.0
sub-287,True,,paired,paired_lr_posterior_alpha_L2,1.0,1.0,0.6941086565592653,4.0
sub-289,True,,paired,paired_lr_posterior_alpha_L2,1.0,1.0,0.9954650212337491,4.0
sub-291,True,,paired,paired_lr_posterior_alpha_L2,0.0,0.0,0.10340072285906615,4.0
sub-292,True,,paired,paired_lr_posterior_alpha_L2,0.0,0.0,0.0015805953202488216,4.0
sub-297,True,,paired,paired_lr_posterior_alpha_L2,1.0,1.0,0.9267927473444123,4.0
sub-300,True,,paired,paired_lr_posterior_alpha_L2,0.0,0.0,0.010082550664918694,4.0
sub-304,True,,paired,paired_lr_posterior_alpha_L2,1.0,1.0,0.5339431053209653,4.0
sub-311,False,,paired,paired_lr_posterior_alpha_L2,0.0,1.0,0.6847513143708658,4.0
sub-313,False,,paired,paired_lr_posterior_alpha_L2,1.0,0.0,0.4463855116464167,4.0
sub-318,True,,paired,paired_lr_posterior_alpha_L2,1.0,1.0,0.9555339044553807,4.0
sub-323,False,,paired,paired_lr_posterior_alpha_L2,1.0,0.0,0.14324324535450456,4.0
sub-354,True,,paired,paired_lr_posterior_alpha_L2,1.0,1.0,0.8535185864210093,4.0
sub-356,True,,paired,paired_lr_posterior_alpha_L2,0.0,0.0,0.2343719940378869,4.0
sub-357,True,,paired,paired_lr_posterior_alpha_L2,0.0,0.0,0.004070704939885682,4.0
sub-358,True,,paired,paired_lr_posterior_alpha_L2,1.0,1.0,0.7721982800962061,4.0
sub-361,True,,paired,paired_lr_posterior_alpha_L2,0.0,0.0,0.0003476661313389134,4.0
sub-362,True,,paired,paired_lr_posterior_alpha_L2,1.0,1.0,0.8484228116962016,4.0
sub-375,True,,paired,paired_lr_posterior_alpha_L2,1.0,1.0,0.9819294619308945,4.0
sub-379,True,,paired,paired_lr_posterior_alpha_L2,1.0,1.0,0.9998346982500822,4.0
sub-380,True,,paired,paired_lr_posterior_alpha_L2,0.0,0.0,0.0018682155732724294,4.0
sub-386,True,,paired,paired_lr_posterior_alpha_L2,1.0,1.0,0.9799885119482099,4.0
sub-400,True,,paired,paired_lr_posterior_alpha_L2,0.0,0.0,0.003778803014248617,4.0
sub-412,True,,paired,paired_lr_posterior_alpha_L2,0.0,0.0,0.21045088714631383,4.0
sub-415,False,,paired,paired_lr_posterior_alpha_L2,0.0,1.0,0.7349889285338318,4.0
sub-416,True,,paired,paired_lr_posterior_alpha_L2,1.0,1.0,0.9612355804767068,4.0
sub-423,True,,paired,paired_lr_posterior_alpha_L2,0.0,0.0,0.00034878003944241844,4.0
sub-425,True,,paired,paired_lr_posterior_alpha_L2,0.0,0.0,0.38410915620207353,4.0
sub-429,True,,paired,paired_lr_posterior_alpha_L2,0.0,0.0,0.06284864846851745,4.0
sub-434,True,,paired,paired_lr_posterior_alpha_L2,1.0,1.0,0.9937033733109356,4.0
sub-435,True,,paired,paired_lr_posterior_alpha_L2,0.0,0.0,0.0021280100645299847,4.0
sub-436,True,,paired,paired_lr_posterior_alpha_L2,1.0,1.0,0.9673659760875251,4.0
sub-437,True,,paired,paired_lr_posterior_alpha_L2,0.0,0.0,0.007714057753928733,4.0
sub-442,True,,paired,paired_lr_posterior_alpha_L2,1.0,1.0,0.932814784428916,4.0
sub-448,True,,paired,paired_lr_posterior_alpha_L2,1.0,1.0,0.9941287410409656,4.0
sub-455,False,,paired,paired_lr_posterior_alpha_L2,1.0,0.0,0.48386360160316666,4.0
sub-458,True,,paired,paired_lr_posterior_alpha_L2,0.0,0.0,0.1041747794913595,4.0
sub-460,True,,paired,paired_lr_posterior_alpha_L2,1.0,1.0,0.9995311190861342,4.0
sub-468,True,,paired,paired_lr_posterior_alpha_L2,1.0,1.0,0.7554951616584712,4.0
sub-473,True,,paired,paired_lr_posterior_alpha_L2,1.0,1.0,0.9771738060683008,4.0
sub-474,True,,paired,paired_lr_posterior_alpha_L2,1.0,1.0,0.9988563832140367,4.0
sub-495,True,,paired,paired_lr_posterior_alpha_L2,1.0,1.0,0.9999232275830378,4.0
sub-497,True,,paired,paired_lr_posterior_alpha_L2,0.0,0.0,0.3472069373260746,4.0
sub-507,True,,paired,paired_lr_posterior_alpha_L2,1.0,1.0,0.7639619726015433,4.0
sub-513,True,,paired,paired_lr_posterior_alpha_L2,0.0,0.0,0.02497699768498209,4.0
sub-515,True,,paired,paired_lr_posterior_alpha_L2,0.0,0.0,0.0010877307689310398,4.0
sub-518,True,,paired,paired_lr_posterior_alpha_L2,0.0,0.0,0.009586386023703842,4.0
sub-538,True,,paired,paired_lr_posterior_alpha_L2,0.0,0.0,0.33666509729219896,4.0
sub-544,True,,paired,paired_lr_posterior_alpha_L2,1.0,1.0,0.9224157996564384,4.0
sub-547,True,,paired,paired_lr_posterior_alpha_L2,1.0,1.0,0.9972353423064878,4.0
sub-552,True,,paired,paired_lr_posterior_alpha_L2,0.0,0.0,0.03204366517365253,4.0
sub-554,True,,paired,paired_lr_posterior_alpha_L2,0.0,0.0,0.00013233336570422845,4.0
sub-559,True,,paired,paired_lr_posterior_alpha_L2,0.0,0.0,0.20873030873188825,4.0
sub-562,True,,paired,paired_lr_posterior_alpha_L2,0.0,0.0,0.43332723095066744,4.0
sub-563,True,,paired,paired_lr_posterior_alpha_L2,1.0,1.0,0.9518810004439858,4.0
sub-571,True,,paired,paired_lr_posterior_alpha_L2,1.0,1.0,0.9818973223033856,4.0
sub-574,True,,paired,paired_lr_posterior_alpha_L2,0.0,0.0,0.0006932186217187209,4.0
sub-581,True,,paired,paired_lr_posterior_alpha_L2,0.0,0.0,0.0030628059960339134,4.0
sub-587,True,,paired,paired_lr_posterior_alpha_L2,1.0,1.0,0.7722831691088652,4.0
sub-590,True,,paired,paired_lr_posterior_alpha_L2,0.0,0.0,0.0003171271116466663,4.0
sub-598,True,,paired,paired_lr_posterior_alpha_L2,0.0,0.0,0.23890155224887463,4.0
sub-601,True,,paired,paired_lr_posterior_alpha_L2,1.0,1.0,0.7696289216112756,4.0
sub-001,True,,paired,paired_lr_posterior_alpha_L2,1.0,1.0,0.9991375903705549,5.0
sub-007,True,,paired,paired_lr_posterior_alpha_L2,0.0,0.0,0.0032803431401761903,5.0
sub-008,True,,paired,paired_lr_posterior_alpha_L2,0.0,0.0,0.037077240723759494,5.0
sub-009,False,,paired,paired_lr_posterior_alpha_L2,1.0,0.0,0.038052325195841015,5.0
sub-012,True,,paired,paired_lr_posterior_alpha_L2,0.0,0.0,0.39250982795600214,5.0
sub-020,False,,paired,paired_lr_posterior_alpha_L2,1.0,0.0,0.36669477801474143,5.0
sub-021,True,,paired,paired_lr_posterior_alpha_L2,1.0,1.0,0.9815587205383759,5.0
sub-029,True,,paired,paired_lr_posterior_alpha_L2,1.0,1.0,0.9108591048514221,5.0
sub-037,True,,paired,paired_lr_posterior_alpha_L2,0.0,0.0,0.00958788762972897,5.0
sub-052,True,,paired,paired_lr_posterior_alpha_L2,0.0,0.0,0.00045705628588102774,5.0
sub-054,True,,paired,paired_lr_posterior_alpha_L2,1.0,1.0,0.999687989352159,5.0
sub-055,True,,paired,paired_lr_posterior_alpha_L2,0.0,0.0,0.00981238760548554,5.0
sub-056,True,,paired,paired_lr_posterior_alpha_L2,1.0,1.0,0.5110217920921188,5.0
sub-071,True,,paired,paired_lr_posterior_alpha_L2,1.0,1.0,0.9995890006208148,5.0
sub-084,True,,paired,paired_lr_posterior_alpha_L2,0.0,0.0,0.05444185451998555,5.0
sub-095,True,,paired,paired_lr_posterior_alpha_L2,1.0,1.0,0.5463017686567249,5.0
sub-101,True,,paired,paired_lr_posterior_alpha_L2,0.0,0.0,0.21757222117854705,5.0
sub-104,True,,paired,paired_lr_posterior_alpha_L2,0.0,0.0,0.16009497159954944,5.0
sub-120,False,,paired,paired_lr_posterior_alpha_L2,1.0,0.0,0.29247054453081656,5.0
sub-124,True,,paired,paired_lr_posterior_alpha_L2,0.0,0.0,0.34377714627218353,5.0
sub-125,True,,paired,paired_lr_posterior_alpha_L2,0.0,0.0,0.11622375211388612,5.0
sub-128,True,,paired,paired_lr_posterior_alpha_L2,0.0,0.0,0.14154859843831744,5.0
sub-134,True,,paired,paired_lr_posterior_alpha_L2,0.0,0.0,0.00678265734212267,5.0
sub-149,True,,paired,paired_lr_posterior_alpha_L2,0.0,0.0,0.006209526813839198,5.0
sub-156,True,,paired,paired_lr_posterior_alpha_L2,1.0,1.0,0.9412690056475517,5.0
sub-160,True,,paired,paired_lr_posterior_alpha_L2,1.0,1.0,0.9380235513147409,5.0
sub-171,True,,paired,paired_lr_posterior_alpha_L2,1.0,1.0,0.9958834167961249,5.0
sub-175,True,,paired,paired_lr_posterior_alpha_L2,0.0,0.0,0.28201502894335473,5.0
sub-179,True,,paired,paired_lr_posterior_alpha_L2,0.0,0.0,0.020708550226036175,5.0
sub-183,True,,paired,paired_lr_posterior_alpha_L2,0.0,0.0,0.0033514125045828284,5.0
sub-190,True,,paired,paired_lr_posterior_alpha_L2,1.0,1.0,0.9951944592319155,5.0
sub-195,True,,paired,paired_lr_posterior_alpha_L2,1.0,1.0,0.9990131129764912,5.0
sub-200,False,,paired,paired_lr_posterior_alpha_L2,1.0,0.0,0.46661409377486396,5.0
sub-204,True,,paired,paired_lr_posterior_alpha_L2,0.0,0.0,0.00898154840016303,5.0
sub-206,True,,paired,paired_lr_posterior_alpha_L2,1.0,1.0,0.9980471963346901,5.0
sub-213,True,,paired,paired_lr_posterior_alpha_L2,0.0,0.0,0.21962619465504307,5.0
sub-214,True,,paired,paired_lr_posterior_alpha_L2,1.0,1.0,0.6754267134808686,5.0
sub-215,True,,paired,paired_lr_posterior_alpha_L2,0.0,0.0,0.0001445025634180714,5.0
sub-224,True,,paired,paired_lr_posterior_alpha_L2,1.0,1.0,0.9905782593893073,5.0
sub-234,True,,paired,paired_lr_posterior_alpha_L2,1.0,1.0,0.976413866825539,5.0
sub-239,True,,paired,paired_lr_posterior_alpha_L2,0.0,0.0,0.005383917550749243,5.0
sub-242,True,,paired,paired_lr_posterior_alpha_L2,0.0,0.0,0.0010484231073234463,5.0
sub-243,False,,paired,paired_lr_posterior_alpha_L2,1.0,0.0,0.49812660421349475,5.0
sub-244,False,,paired,paired_lr_posterior_alpha_L2,0.0,1.0,0.5157350034469294,5.0
sub-246,True,,paired,paired_lr_posterior_alpha_L2,1.0,1.0,0.9985184138640245,5.0
sub-250,True,,paired,paired_lr_posterior_alpha_L2,1.0,1.0,0.9999220484294663,5.0
sub-258,True,,paired,paired_lr_posterior_alpha_L2,0.0,0.0,0.006809303015052566,5.0
sub-259,True,,paired,paired_lr_posterior_alpha_L2,0.0,0.0,0.008963211981473443,5.0
sub-267,True,,paired,paired_lr_posterior_alpha_L2,1.0,1.0,0.9999356887411988,5.0
sub-269,True,,paired,paired_lr_posterior_alpha_L2,0.0,0.0,0.11395602803548308,5.0
sub-283,True,,paired,paired_lr_posterior_alpha_L2,0.0,0.0,0.0003716719533812807,5.0
sub-285,True,,paired,paired_lr_posterior_alpha_L2,1.0,1.0,0.9113077391540455,5.0
sub-293,True,,paired,paired_lr_posterior_alpha_L2,1.0,1.0,0.9957538698193742,5.0
sub-307,True,,paired,paired_lr_posterior_alpha_L2,0.0,0.0,0.15422424454720793,5.0
sub-308,True,,paired,paired_lr_posterior_alpha_L2,1.0,1.0,0.9158992553665295,5.0
sub-316,True,,paired,paired_lr_posterior_alpha_L2,1.0,1.0,0.8049254939546927,5.0
sub-327,True,,paired,paired_lr_posterior_alpha_L2,1.0,1.0,0.9923481182110827,5.0
sub-335,True,,paired,paired_lr_posterior_alpha_L2,1.0,1.0,0.9802244270508023,5.0
sub-337,True,,paired,paired_lr_posterior_alpha_L2,0.0,0.0,0.005074877501169011,5.0
sub-339,True,,paired,paired_lr_posterior_alpha_L2,1.0,1.0,0.7797921784603115,5.0
sub-342,True,,paired,paired_lr_posterior_alpha_L2,0.0,0.0,0.00034086048130548035,5.0
sub-343,True,,paired,paired_lr_posterior_alpha_L2,1.0,1.0,0.9929862770929488,5.0
sub-344,True,,paired,paired_lr_posterior_alpha_L2,1.0,1.0,0.9967907644194252,5.0
sub-345,True,,paired,paired_lr_posterior_alpha_L2,0.0,0.0,0.40403287043361447,5.0
sub-346,True,,paired,paired_lr_posterior_alpha_L2,1.0,1.0,0.6906052343938313,5.0
sub-365,True,,paired,paired_lr_posterior_alpha_L2,1.0,1.0,0.9999396607971004,5.0
sub-367,True,,paired,paired_lr_posterior_alpha_L2,0.0,0.0,0.0796402270949394,5.0
sub-368,False,,paired,paired_lr_posterior_alpha_L2,0.0,1.0,0.7780052765896085,5.0
sub-371,True,,paired,paired_lr_posterior_alpha_L2,1.0,1.0,0.9525214411359378,5.0
sub-372,True,,paired,paired_lr_posterior_alpha_L2,0.0,0.0,0.005990425964765677,5.0
sub-374,True,,paired,paired_lr_posterior_alpha_L2,0.0,0.0,0.034369546912554644,5.0
sub-385,True,,paired,paired_lr_posterior_alpha_L2,0.0,0.0,0.00016027619742535603,5.0
sub-387,True,,paired,paired_lr_posterior_alpha_L2,1.0,1.0,0.8298456037502749,5.0
sub-393,True,,paired,paired_lr_posterior_alpha_L2,0.0,0.0,0.003821672607716501,5.0
sub-395,True,,paired,paired_lr_posterior_alpha_L2,0.0,0.0,0.03268825949396072,5.0
sub-402,True,,paired,paired_lr_posterior_alpha_L2,0.0,0.0,0.038015294271556144,5.0
sub-404,True,,paired,paired_lr_posterior_alpha_L2,1.0,1.0,0.9999621033177033,5.0
sub-406,True,,paired,paired_lr_posterior_alpha_L2,0.0,0.0,0.07749229473465404,5.0
sub-407,True,,paired,paired_lr_posterior_alpha_L2,0.0,0.0,0.014894496027307807,5.0
sub-411,True,,paired,paired_lr_posterior_alpha_L2,1.0,1.0,0.9955608629254497,5.0
sub-420,False,,paired,paired_lr_posterior_alpha_L2,1.0,0.0,0.35658676150812735,5.0
sub-422,True,,paired,paired_lr_posterior_alpha_L2,0.0,0.0,0.006286079226788161,5.0
sub-426,False,,paired,paired_lr_posterior_alpha_L2,0.0,1.0,0.5266115844367599,5.0
sub-430,False,,paired,paired_lr_posterior_alpha_L2,1.0,0.0,0.16468654053725862,5.0
sub-431,True,,paired,paired_lr_posterior_alpha_L2,1.0,1.0,0.8807934084048851,5.0
sub-438,True,,paired,paired_lr_posterior_alpha_L2,0.0,0.0,0.0032833019164618693,5.0
sub-439,True,,paired,paired_lr_posterior_alpha_L2,0.0,0.0,0.02601128048827927,5.0
sub-440,True,,paired,paired_lr_posterior_alpha_L2,0.0,0.0,0.1019869108317974,5.0
sub-443,True,,paired,paired_lr_posterior_alpha_L2,1.0,1.0,0.9971599984129482,5.0
sub-444,True,,paired,paired_lr_posterior_alpha_L2,0.0,0.0,0.003912644415081178,5.0
sub-445,True,,paired,paired_lr_posterior_alpha_L2,1.0,1.0,0.9484659623032867,5.0
sub-454,True,,paired,paired_lr_posterior_alpha_L2,1.0,1.0,0.7485100159747182,5.0
sub-456,True,,paired,paired_lr_posterior_alpha_L2,1.0,1.0,0.9632800599493089,5.0
sub-475,True,,paired,paired_lr_posterior_alpha_L2,1.0,1.0,0.9994836228673782,5.0
sub-487,True,,paired,paired_lr_posterior_alpha_L2,0.0,0.0,0.23844001242841995,5.0
sub-498,True,,paired,paired_lr_posterior_alpha_L2,1.0,1.0,0.9930303015338312,5.0
sub-505,True,,paired,paired_lr_posterior_alpha_L2,0.0,0.0,0.05929188379715489,5.0
sub-506,False,,paired,paired_lr_posterior_alpha_L2,0.0,1.0,0.7409705069052611,5.0
sub-508,True,,paired,paired_lr_posterior_alpha_L2,1.0,1.0,0.9981417271059239,5.0
sub-510,True,,paired,paired_lr_posterior_alpha_L2,0.0,0.0,0.24418360688149354,5.0
sub-523,True,,paired,paired_lr_posterior_alpha_L2,1.0,1.0,0.8967174436020031,5.0
sub-529,True,,paired,paired_lr_posterior_alpha_L2,1.0,1.0,0.972948154720539,5.0
sub-537,True,,paired,paired_lr_posterior_alpha_L2,1.0,1.0,0.9929451302372315,5.0
sub-539,True,,paired,paired_lr_posterior_alpha_L2,1.0,1.0,0.6103909111741447,5.0
sub-545,True,,paired,paired_lr_posterior_alpha_L2,1.0,1.0,0.9085983686999513,5.0
sub-548,True,,paired,paired_lr_posterior_alpha_L2,0.0,0.0,0.00020721566679117313,5.0
sub-551,False,,paired,paired_lr_posterior_alpha_L2,0.0,1.0,0.6990759896283442,5.0
sub-555,True,,paired,paired_lr_posterior_alpha_L2,0.0,0.0,0.0037399738872565067,5.0
sub-564,True,,paired,paired_lr_posterior_alpha_L2,1.0,1.0,0.9998245802740533,5.0
sub-570,True,,paired,paired_lr_posterior_alpha_L2,1.0,1.0,0.930418093589293,5.0
sub-572,True,,paired,paired_lr_posterior_alpha_L2,1.0,1.0,0.9835523435178235,5.0
sub-573,True,,paired,paired_lr_posterior_alpha_L2,0.0,0.0,0.0003760372873098484,5.0
sub-589,True,,paired,paired_lr_posterior_alpha_L2,0.0,0.0,0.0006306560640765282,5.0
sub-593,True,,paired,paired_lr_posterior_alpha_L2,1.0,1.0,0.9918365184559028,5.0
sub-594,True,,paired,paired_lr_posterior_alpha_L2,0.0,0.0,0.0004713238474124175,5.0
sub-596,True,,paired,paired_lr_posterior_alpha_L2,0.0,0.0,0.14926924485067558,5.0
sub-603,True,,paired,paired_lr_posterior_alpha_L2,0.0,0.0,0.0003513441204446564,5.0
sub-607,True,,paired,paired_lr_posterior_alpha_L2,1.0,1.0,0.830964325368128,5.0
sub-014,True,,paired,paired_lr_posterior_channels_L2,0.0,0.0,0.005055907383992582,1.0
sub-015,True,,paired,paired_lr_posterior_channels_L2,0.0,0.0,0.00803228339647905,1.0
sub-016,True,,paired,paired_lr_posterior_channels_L2,1.0,1.0,0.9999898246520535,1.0
sub-017,True,,paired,paired_lr_posterior_channels_L2,1.0,1.0,0.9883076094511413,1.0
sub-022,True,,paired,paired_lr_posterior_channels_L2,0.0,0.0,0.00023539908996517757,1.0
sub-031,True,,paired,paired_lr_posterior_channels_L2,1.0,1.0,0.9998447807546269,1.0
sub-032,True,,paired,paired_lr_posterior_channels_L2,1.0,1.0,0.9858486487859984,1.0
sub-041,True,,paired,paired_lr_posterior_channels_L2,0.0,0.0,0.07545370818673716,1.0
sub-048,True,,paired,paired_lr_posterior_channels_L2,0.0,0.0,0.0007454134449804741,1.0
sub-051,True,,paired,paired_lr_posterior_channels_L2,1.0,1.0,0.9999926409453926,1.0
sub-061,True,,paired,paired_lr_posterior_channels_L2,1.0,1.0,0.9999834701718754,1.0
sub-070,True,,paired,paired_lr_posterior_channels_L2,0.0,0.0,0.00021094809831071786,1.0
sub-073,True,,paired,paired_lr_posterior_channels_L2,0.0,0.0,3.132058633338014e-05,1.0
sub-081,True,,paired,paired_lr_posterior_channels_L2,1.0,1.0,0.9999757023046068,1.0
sub-085,True,,paired,paired_lr_posterior_channels_L2,1.0,1.0,0.9982127415598997,1.0
sub-087,True,,paired,paired_lr_posterior_channels_L2,1.0,1.0,0.5896769849456435,1.0
sub-092,True,,paired,paired_lr_posterior_channels_L2,1.0,1.0,0.9999913021309822,1.0
sub-094,True,,paired,paired_lr_posterior_channels_L2,1.0,1.0,0.9993530592025669,1.0
sub-096,True,,paired,paired_lr_posterior_channels_L2,1.0,1.0,0.9291214490452085,1.0
sub-099,True,,paired,paired_lr_posterior_channels_L2,1.0,1.0,0.9887498549407148,1.0
sub-100,True,,paired,paired_lr_posterior_channels_L2,0.0,0.0,0.1534779710725445,1.0
sub-105,True,,paired,paired_lr_posterior_channels_L2,0.0,0.0,0.002031191113454129,1.0
sub-106,True,,paired,paired_lr_posterior_channels_L2,0.0,0.0,0.00016154094556190905,1.0
sub-108,True,,paired,paired_lr_posterior_channels_L2,0.0,0.0,3.220055152931138e-05,1.0
sub-110,True,,paired,paired_lr_posterior_channels_L2,0.0,0.0,5.1506963879185075e-06,1.0
sub-112,True,,paired,paired_lr_posterior_channels_L2,1.0,1.0,0.9999542510463985,1.0
sub-132,True,,paired,paired_lr_posterior_channels_L2,1.0,1.0,0.9986977123750662,1.0
sub-138,True,,paired,paired_lr_posterior_channels_L2,1.0,1.0,0.9999965094132957,1.0
sub-143,True,,paired,paired_lr_posterior_channels_L2,1.0,1.0,0.9949543460960654,1.0
sub-148,True,,paired,paired_lr_posterior_channels_L2,0.0,0.0,6.34992894940447e-07,1.0
sub-152,True,,paired,paired_lr_posterior_channels_L2,1.0,1.0,0.5906145895303742,1.0
sub-154,True,,paired,paired_lr_posterior_channels_L2,1.0,1.0,0.9858822983160277,1.0
sub-155,True,,paired,paired_lr_posterior_channels_L2,0.0,0.0,0.009864482707883456,1.0
sub-164,True,,paired,paired_lr_posterior_channels_L2,0.0,0.0,0.07136714235949847,1.0
sub-178,True,,paired,paired_lr_posterior_channels_L2,1.0,1.0,0.9252227130771556,1.0
sub-188,True,,paired,paired_lr_posterior_channels_L2,0.0,0.0,3.7581672877185273e-06,1.0
sub-198,True,,paired,paired_lr_posterior_channels_L2,0.0,0.0,0.00879698189272115,1.0
sub-199,True,,paired,paired_lr_posterior_channels_L2,1.0,1.0,0.8066823125873324,1.0
sub-208,True,,paired,paired_lr_posterior_channels_L2,1.0,1.0,0.9848539173496244,1.0
sub-216,True,,paired,paired_lr_posterior_channels_L2,1.0,1.0,0.9983420770337912,1.0
sub-220,True,,paired,paired_lr_posterior_channels_L2,0.0,0.0,0.0010993896162158625,1.0
sub-232,True,,paired,paired_lr_posterior_channels_L2,1.0,1.0,0.999997023329171,1.0
sub-236,True,,paired,paired_lr_posterior_channels_L2,0.0,0.0,0.0003825528865388045,1.0
sub-251,True,,paired,paired_lr_posterior_channels_L2,1.0,1.0,0.85930330056425,1.0
sub-266,True,,paired,paired_lr_posterior_channels_L2,0.0,0.0,0.010210732828582316,1.0
sub-275,True,,paired,paired_lr_posterior_channels_L2,1.0,1.0,0.8545784494949032,1.0
sub-278,True,,paired,paired_lr_posterior_channels_L2,0.0,0.0,0.0017163709799009584,1.0
sub-296,True,,paired,paired_lr_posterior_channels_L2,0.0,0.0,2.304413723766883e-05,1.0
sub-298,True,,paired,paired_lr_posterior_channels_L2,1.0,1.0,0.787968253293557,1.0
sub-299,True,,paired,paired_lr_posterior_channels_L2,1.0,1.0,0.9998775437503047,1.0
sub-302,True,,paired,paired_lr_posterior_channels_L2,1.0,1.0,0.9641941225233559,1.0
sub-310,True,,paired,paired_lr_posterior_channels_L2,0.0,0.0,0.0005779672066358878,1.0
sub-314,True,,paired,paired_lr_posterior_channels_L2,1.0,1.0,0.9602202099477415,1.0
sub-320,True,,paired,paired_lr_posterior_channels_L2,0.0,0.0,0.08617630391997062,1.0
sub-321,True,,paired,paired_lr_posterior_channels_L2,1.0,1.0,0.9990428960319059,1.0
sub-325,True,,paired,paired_lr_posterior_channels_L2,1.0,1.0,0.9988971932810885,1.0
sub-330,True,,paired,paired_lr_posterior_channels_L2,0.0,0.0,1.4309444512871595e-06,1.0
sub-333,True,,paired,paired_lr_posterior_channels_L2,0.0,0.0,0.0027750368765302176,1.0
sub-336,True,,paired,paired_lr_posterior_channels_L2,1.0,1.0,0.9983880443449576,1.0
sub-348,True,,paired,paired_lr_posterior_channels_L2,1.0,1.0,0.8756256457107646,1.0
sub-351,True,,paired,paired_lr_posterior_channels_L2,0.0,0.0,0.0005855466353217823,1.0
sub-359,True,,paired,paired_lr_posterior_channels_L2,0.0,0.0,6.19265082527805e-08,1.0
sub-364,True,,paired,paired_lr_posterior_channels_L2,1.0,1.0,0.9159893079113928,1.0
sub-373,True,,paired,paired_lr_posterior_channels_L2,1.0,1.0,0.9999999952256926,1.0
sub-376,True,,paired,paired_lr_posterior_channels_L2,1.0,1.0,0.9892082665412705,1.0
sub-378,True,,paired,paired_lr_posterior_channels_L2,1.0,1.0,0.9995837794352831,1.0
sub-381,True,,paired,paired_lr_posterior_channels_L2,0.0,0.0,0.11455233750577203,1.0
sub-384,True,,paired,paired_lr_posterior_channels_L2,0.0,0.0,0.0005899741594478261,1.0
sub-388,True,,paired,paired_lr_posterior_channels_L2,0.0,0.0,0.007193066367347858,1.0
sub-397,True,,paired,paired_lr_posterior_channels_L2,0.0,0.0,0.0001288819414084459,1.0
sub-401,True,,paired,paired_lr_posterior_channels_L2,0.0,0.0,0.3423083281225066,1.0
sub-405,True,,paired,paired_lr_posterior_channels_L2,1.0,1.0,0.9997507607129965,1.0
sub-408,True,,paired,paired_lr_posterior_channels_L2,0.0,0.0,1.0831058794170347e-05,1.0
sub-414,True,,paired,paired_lr_posterior_channels_L2,1.0,1.0,0.9541603584039,1.0
sub-418,True,,paired,paired_lr_posterior_channels_L2,1.0,1.0,0.9991699390941364,1.0
sub-424,True,,paired,paired_lr_posterior_channels_L2,1.0,1.0,0.9799487614295852,1.0
sub-441,True,,paired,paired_lr_posterior_channels_L2,1.0,1.0,0.9996593083610699,1.0
sub-449,True,,paired,paired_lr_posterior_channels_L2,1.0,1.0,0.9999490496785483,1.0
sub-451,True,,paired,paired_lr_posterior_channels_L2,1.0,1.0,0.9999905770662831,1.0
sub-463,True,,paired,paired_lr_posterior_channels_L2,0.0,0.0,0.016813440963161036,1.0
sub-465,True,,paired,paired_lr_posterior_channels_L2,0.0,0.0,0.13624672597991358,1.0
sub-467,True,,paired,paired_lr_posterior_channels_L2,1.0,1.0,0.9993616152989268,1.0
sub-470,True,,paired,paired_lr_posterior_channels_L2,0.0,0.0,2.3246021162862096e-05,1.0
sub-471,True,,paired,paired_lr_posterior_channels_L2,0.0,0.0,2.0339462458858554e-05,1.0
sub-476,True,,paired,paired_lr_posterior_channels_L2,1.0,1.0,0.999980291664667,1.0
sub-479,False,,paired,paired_lr_posterior_channels_L2,1.0,0.0,0.1128322209409991,1.0
sub-481,True,,paired,paired_lr_posterior_channels_L2,0.0,0.0,1.1903930908431084e-05,1.0
sub-485,True,,paired,paired_lr_posterior_channels_L2,1.0,1.0,0.9999910227748574,1.0
sub-486,True,,paired,paired_lr_posterior_channels_L2,0.0,0.0,0.10510164605942644,1.0
sub-490,True,,paired,paired_lr_posterior_channels_L2,1.0,1.0,0.6006733099849904,1.0
sub-491,True,,paired,paired_lr_posterior_channels_L2,0.0,0.0,0.0002251006576501634,1.0
sub-496,True,,paired,paired_lr_posterior_channels_L2,1.0,1.0,0.9999927986641375,1.0
sub-499,True,,paired,paired_lr_posterior_channels_L2,0.0,0.0,0.010262687891901935,1.0
sub-501,True,,paired,paired_lr_posterior_channels_L2,1.0,1.0,0.9999609532385413,1.0
sub-502,True,,paired,paired_lr_posterior_channels_L2,0.0,0.0,0.00025579897652879566,1.0
sub-521,True,,paired,paired_lr_posterior_channels_L2,1.0,1.0,0.9572303334442446,1.0
sub-524,True,,paired,paired_lr_posterior_channels_L2,0.0,0.0,0.004482950228683892,1.0
sub-526,True,,paired,paired_lr_posterior_channels_L2,1.0,1.0,0.9990829884816176,1.0
sub-530,True,,paired,paired_lr_posterior_channels_L2,0.0,0.0,3.368511261080972e-05,1.0
sub-535,True,,paired,paired_lr_posterior_channels_L2,0.0,0.0,3.2237076459144695e-08,1.0
sub-536,True,,paired,paired_lr_posterior_channels_L2,0.0,0.0,0.0037368506348242577,1.0
sub-540,True,,paired,paired_lr_posterior_channels_L2,1.0,1.0,0.9994268687188178,1.0
sub-541,True,,paired,paired_lr_posterior_channels_L2,1.0,1.0,0.9999974624644898,1.0
sub-543,True,,paired,paired_lr_posterior_channels_L2,0.0,0.0,0.01494748268751949,1.0
sub-556,True,,paired,paired_lr_posterior_channels_L2,1.0,1.0,0.9819068708895897,1.0
sub-557,True,,paired,paired_lr_posterior_channels_L2,1.0,1.0,0.9939468521585972,1.0
sub-561,True,,paired,paired_lr_posterior_channels_L2,0.0,0.0,0.01166559194692186,1.0
sub-565,True,,paired,paired_lr_posterior_channels_L2,1.0,1.0,0.9612794278189237,1.0
sub-567,True,,paired,paired_lr_posterior_channels_L2,0.0,0.0,0.20806213822144615,1.0
sub-568,True,,paired,paired_lr_posterior_channels_L2,0.0,0.0,0.43237736949736283,1.0
sub-578,True,,paired,paired_lr_posterior_channels_L2,0.0,0.0,3.3007678779093594e-06,1.0
sub-579,True,,paired,paired_lr_posterior_channels_L2,0.0,0.0,0.0014723753549278262,1.0
sub-582,True,,paired,paired_lr_posterior_channels_L2,0.0,0.0,0.030961725066183075,1.0
sub-585,True,,paired,paired_lr_posterior_channels_L2,0.0,0.0,0.001465353206069381,1.0
sub-591,True,,paired,paired_lr_posterior_channels_L2,0.0,0.0,0.17539154861805648,1.0
sub-595,True,,paired,paired_lr_posterior_channels_L2,1.0,1.0,0.8396744723375742,1.0
sub-597,True,,paired,paired_lr_posterior_channels_L2,0.0,0.0,0.00048687097205051753,1.0
sub-599,True,,paired,paired_lr_posterior_channels_L2,0.0,0.0,0.269613553528048,1.0
sub-605,True,,paired,paired_lr_posterior_channels_L2,0.0,0.0,0.00039532241042450155,1.0
sub-003,True,,paired,paired_lr_posterior_channels_L2,1.0,1.0,0.9996451496256115,2.0
sub-005,True,,paired,paired_lr_posterior_channels_L2,1.0,1.0,0.9999440628904129,2.0
sub-006,True,,paired,paired_lr_posterior_channels_L2,0.0,0.0,0.010894315215819225,2.0
sub-010,True,,paired,paired_lr_posterior_channels_L2,0.0,0.0,0.001194498717361474,2.0
sub-018,True,,paired,paired_lr_posterior_channels_L2,0.0,0.0,0.022527034447165674,2.0
sub-023,True,,paired,paired_lr_posterior_channels_L2,1.0,1.0,0.9977538934144403,2.0
sub-026,True,,paired,paired_lr_posterior_channels_L2,1.0,1.0,0.9999562729284357,2.0
sub-030,True,,paired,paired_lr_posterior_channels_L2,0.0,0.0,0.1298343428058993,2.0
sub-036,True,,paired,paired_lr_posterior_channels_L2,0.0,0.0,0.073360066487198,2.0
sub-046,True,,paired,paired_lr_posterior_channels_L2,1.0,1.0,0.9988498959469989,2.0
sub-047,True,,paired,paired_lr_posterior_channels_L2,0.0,0.0,0.12946105192855742,2.0
sub-050,False,,paired,paired_lr_posterior_channels_L2,1.0,0.0,0.4700113943620508,2.0
sub-053,True,,paired,paired_lr_posterior_channels_L2,0.0,0.0,0.03668016544320627,2.0
sub-057,True,,paired,paired_lr_posterior_channels_L2,0.0,0.0,0.09050711402470131,2.0
sub-064,True,,paired,paired_lr_posterior_channels_L2,0.0,0.0,2.2181143286038728e-05,2.0
sub-066,True,,paired,paired_lr_posterior_channels_L2,1.0,1.0,0.999998930589776,2.0
sub-077,True,,paired,paired_lr_posterior_channels_L2,0.0,0.0,2.9605599629050906e-05,2.0
sub-080,True,,paired,paired_lr_posterior_channels_L2,1.0,1.0,0.9999959057818465,2.0
sub-082,True,,paired,paired_lr_posterior_channels_L2,0.0,0.0,0.0001883948078493069,2.0
sub-086,True,,paired,paired_lr_posterior_channels_L2,1.0,1.0,0.9972128917043015,2.0
sub-107,True,,paired,paired_lr_posterior_channels_L2,1.0,1.0,0.7849951018442466,2.0
sub-109,True,,paired,paired_lr_posterior_channels_L2,1.0,1.0,0.868153095213982,2.0
sub-114,True,,paired,paired_lr_posterior_channels_L2,0.0,0.0,0.005758866922443338,2.0
sub-116,True,,paired,paired_lr_posterior_channels_L2,0.0,0.0,0.001463394081314881,2.0
sub-118,True,,paired,paired_lr_posterior_channels_L2,1.0,1.0,0.9970049006784093,2.0
sub-119,True,,paired,paired_lr_posterior_channels_L2,1.0,1.0,0.9999046341282564,2.0
sub-121,True,,paired,paired_lr_posterior_channels_L2,0.0,0.0,1.908364861550638e-05,2.0
sub-123,True,,paired,paired_lr_posterior_channels_L2,1.0,1.0,0.8985638719637582,2.0
sub-126,True,,paired,paired_lr_posterior_channels_L2,0.0,0.0,0.001364525126663928,2.0
sub-131,True,,paired,paired_lr_posterior_channels_L2,1.0,1.0,0.999969980790826,2.0
sub-133,True,,paired,paired_lr_posterior_channels_L2,1.0,1.0,0.5555826665662615,2.0
sub-135,True,,paired,paired_lr_posterior_channels_L2,1.0,1.0,0.9963996628585141,2.0
sub-136,True,,paired,paired_lr_posterior_channels_L2,1.0,1.0,0.9999886403298416,2.0
sub-137,True,,paired,paired_lr_posterior_channels_L2,1.0,1.0,0.9947727567470643,2.0
sub-144,True,,paired,paired_lr_posterior_channels_L2,1.0,1.0,0.9974305323993737,2.0
sub-145,True,,paired,paired_lr_posterior_channels_L2,0.0,0.0,0.009041630718937507,2.0
sub-147,True,,paired,paired_lr_posterior_channels_L2,1.0,1.0,0.999986222854903,2.0
sub-153,True,,paired,paired_lr_posterior_channels_L2,0.0,0.0,0.1005067221297431,2.0
sub-158,False,,paired,paired_lr_posterior_channels_L2,0.0,1.0,0.540693721004398,2.0
sub-161,True,,paired,paired_lr_posterior_channels_L2,0.0,0.0,4.1817304126695144e-05,2.0
sub-162,True,,paired,paired_lr_posterior_channels_L2,0.0,0.0,0.0009649182097785531,2.0
sub-163,True,,paired,paired_lr_posterior_channels_L2,1.0,1.0,0.9838373851301968,2.0
sub-165,True,,paired,paired_lr_posterior_channels_L2,1.0,1.0,0.9998248201247789,2.0
sub-169,True,,paired,paired_lr_posterior_channels_L2,1.0,1.0,0.9999643547457008,2.0
sub-172,True,,paired,paired_lr_posterior_channels_L2,0.0,0.0,0.12584636328955937,2.0
sub-181,True,,paired,paired_lr_posterior_channels_L2,1.0,1.0,0.9999913662570827,2.0
sub-187,True,,paired,paired_lr_posterior_channels_L2,1.0,1.0,0.9998735122583587,2.0
sub-191,True,,paired,paired_lr_posterior_channels_L2,0.0,0.0,3.873999882390078e-05,2.0
sub-194,True,,paired,paired_lr_posterior_channels_L2,1.0,1.0,0.8415217895016388,2.0
sub-210,True,,paired,paired_lr_posterior_channels_L2,0.0,0.0,0.01303334877429143,2.0
sub-217,True,,paired,paired_lr_posterior_channels_L2,1.0,1.0,0.9989557400551985,2.0
sub-221,True,,paired,paired_lr_posterior_channels_L2,1.0,1.0,0.9980511028032824,2.0
sub-223,True,,paired,paired_lr_posterior_channels_L2,0.0,0.0,0.0010810780758949365,2.0
sub-225,True,,paired,paired_lr_posterior_channels_L2,1.0,1.0,0.9999712049927292,2.0
sub-226,True,,paired,paired_lr_posterior_channels_L2,0.0,0.0,1.761476801882717e-06,2.0
sub-233,True,,paired,paired_lr_posterior_channels_L2,1.0,1.0,0.8452989040389708,2.0
sub-235,True,,paired,paired_lr_posterior_channels_L2,1.0,1.0,0.9999990236337741,2.0
sub-238,True,,paired,paired_lr_posterior_channels_L2,0.0,0.0,3.8023821043275486e-06,2.0
sub-255,True,,paired,paired_lr_posterior_channels_L2,1.0,1.0,0.9725317472390048,2.0
sub-273,True,,paired,paired_lr_posterior_channels_L2,1.0,1.0,0.9969634291107564,2.0
sub-276,True,,paired,paired_lr_posterior_channels_L2,1.0,1.0,0.9996949413886437,2.0
sub-280,True,,paired,paired_lr_posterior_channels_L2,1.0,1.0,0.9999311270163346,2.0
sub-281,True,,paired,paired_lr_posterior_channels_L2,0.0,0.0,5.6087669663794574e-06,2.0
sub-286,True,,paired,paired_lr_posterior_channels_L2,0.0,0.0,0.01792876138430571,2.0
sub-290,True,,paired,paired_lr_posterior_channels_L2,1.0,1.0,0.9987842280612126,2.0
sub-295,True,,paired,paired_lr_posterior_channels_L2,1.0,1.0,0.964979184970525,2.0
sub-301,True,,paired,paired_lr_posterior_channels_L2,0.0,0.0,0.00011130402969303314,2.0
sub-305,True,,paired,paired_lr_posterior_channels_L2,0.0,0.0,0.004838229470768256,2.0
sub-309,True,,paired,paired_lr_posterior_channels_L2,0.0,0.0,0.3658861734850121,2.0
sub-315,True,,paired,paired_lr_posterior_channels_L2,1.0,1.0,0.9997192745912017,2.0
sub-317,True,,paired,paired_lr_posterior_channels_L2,0.0,0.0,0.00023206210179877286,2.0
sub-322,True,,paired,paired_lr_posterior_channels_L2,1.0,1.0,0.9998222041109966,2.0
sub-326,True,,paired,paired_lr_posterior_channels_L2,0.0,0.0,0.00042361229952805234,2.0
sub-329,True,,paired,paired_lr_posterior_channels_L2,0.0,0.0,8.565670281576822e-05,2.0
sub-341,True,,paired,paired_lr_posterior_channels_L2,1.0,1.0,0.7109970202171852,2.0
sub-347,True,,paired,paired_lr_posterior_channels_L2,1.0,1.0,0.8261707064591168,2.0
sub-349,True,,paired,paired_lr_posterior_channels_L2,1.0,1.0,0.9433617065761565,2.0
sub-352,True,,paired,paired_lr_posterior_channels_L2,0.0,0.0,0.006605730610525572,2.0
sub-353,True,,paired,paired_lr_posterior_channels_L2,0.0,0.0,0.00038381776715943255,2.0
sub-355,True,,paired,paired_lr_posterior_channels_L2,0.0,0.0,3.74107591503871e-05,2.0
sub-369,True,,paired,paired_lr_posterior_channels_L2,0.0,0.0,1.1925841822560584e-05,2.0
sub-390,True,,paired,paired_lr_posterior_channels_L2,1.0,1.0,0.999997619995714,2.0
sub-392,True,,paired,paired_lr_posterior_channels_L2,0.0,0.0,0.0030566054201702436,2.0
sub-394,True,,paired,paired_lr_posterior_channels_L2,0.0,0.0,1.926210063844019e-05,2.0
sub-396,True,,paired,paired_lr_posterior_channels_L2,0.0,0.0,0.028160956511696346,2.0
sub-399,False,,paired,paired_lr_posterior_channels_L2,0.0,1.0,0.644175381783407,2.0
sub-403,True,,paired,paired_lr_posterior_channels_L2,0.0,0.0,0.0008063172914887948,2.0
sub-409,True,,paired,paired_lr_posterior_channels_L2,1.0,1.0,0.9999967740064087,2.0
sub-410,True,,paired,paired_lr_posterior_channels_L2,0.0,0.0,0.0011269501964282776,2.0
sub-413,True,,paired,paired_lr_posterior_channels_L2,1.0,1.0,0.9999757430432281,2.0
sub-432,True,,paired,paired_lr_posterior_channels_L2,1.0,1.0,0.9752713537054921,2.0
sub-433,True,,paired,paired_lr_posterior_channels_L2,0.0,0.0,0.07512497901608217,2.0
sub-446,True,,paired,paired_lr_posterior_channels_L2,0.0,0.0,0.0034523060368699203,2.0
sub-447,True,,paired,paired_lr_posterior_channels_L2,0.0,0.0,4.841719482550257e-05,2.0
sub-450,True,,paired,paired_lr_posterior_channels_L2,0.0,0.0,0.009946728996904604,2.0
sub-452,True,,paired,paired_lr_posterior_channels_L2,1.0,1.0,0.9822099259750904,2.0
sub-457,True,,paired,paired_lr_posterior_channels_L2,0.0,0.0,0.0001963731854536263,2.0
sub-464,True,,paired,paired_lr_posterior_channels_L2,0.0,0.0,1.1690409057777139e-07,2.0
sub-478,True,,paired,paired_lr_posterior_channels_L2,1.0,1.0,0.9999989973069792,2.0
sub-480,False,,paired,paired_lr_posterior_channels_L2,0.0,1.0,0.5541999002770448,2.0
sub-489,True,,paired,paired_lr_posterior_channels_L2,1.0,1.0,0.9983506152300801,2.0
sub-494,True,,paired,paired_lr_posterior_channels_L2,1.0,1.0,0.9996644340862592,2.0
sub-509,True,,paired,paired_lr_posterior_channels_L2,1.0,1.0,0.9996972838736662,2.0
sub-511,True,,paired,paired_lr_posterior_channels_L2,1.0,1.0,0.9996616145087572,2.0
sub-520,True,,paired,paired_lr_posterior_channels_L2,0.0,0.0,0.00023718950496247337,2.0
sub-525,True,,paired,paired_lr_posterior_channels_L2,0.0,0.0,2.631383429061619e-06,2.0
sub-527,True,,paired,paired_lr_posterior_channels_L2,1.0,1.0,0.999672146265051,2.0
sub-532,True,,paired,paired_lr_posterior_channels_L2,0.0,0.0,0.009409211770153891,2.0
sub-534,True,,paired,paired_lr_posterior_channels_L2,0.0,0.0,0.3298594428284667,2.0
sub-553,True,,paired,paired_lr_posterior_channels_L2,0.0,0.0,0.018452027100916226,2.0
sub-558,True,,paired,paired_lr_posterior_channels_L2,0.0,0.0,0.03375927156158958,2.0
sub-566,True,,paired,paired_lr_posterior_channels_L2,0.0,0.0,0.027373556292546685,2.0
sub-583,True,,paired,paired_lr_posterior_channels_L2,1.0,1.0,0.9986013868308952,2.0
sub-584,True,,paired,paired_lr_posterior_channels_L2,1.0,1.0,0.757451952926034,2.0
sub-588,True,,paired,paired_lr_posterior_channels_L2,0.0,0.0,0.00023996966565627842,2.0
sub-602,True,,paired,paired_lr_posterior_channels_L2,1.0,1.0,0.6555248059998795,2.0
sub-606,True,,paired,paired_lr_posterior_channels_L2,1.0,1.0,0.9973292861915973,2.0
sub-608,True,,paired,paired_lr_posterior_channels_L2,1.0,1.0,0.9547804656846711,2.0
sub-002,True,,paired,paired_lr_posterior_channels_L2,1.0,1.0,0.9999773992673463,3.0
sub-024,True,,paired,paired_lr_posterior_channels_L2,1.0,1.0,0.9999819408850752,3.0
sub-028,False,,paired,paired_lr_posterior_channels_L2,0.0,1.0,0.562520632938851,3.0
sub-035,True,,paired,paired_lr_posterior_channels_L2,1.0,1.0,0.9986034770455744,3.0
sub-039,True,,paired,paired_lr_posterior_channels_L2,1.0,1.0,0.9853579192786249,3.0
sub-040,True,,paired,paired_lr_posterior_channels_L2,1.0,1.0,0.7729409282947075,3.0
sub-044,True,,paired,paired_lr_posterior_channels_L2,1.0,1.0,0.9588316029637582,3.0
sub-058,True,,paired,paired_lr_posterior_channels_L2,1.0,1.0,0.7493327618669193,3.0
sub-068,True,,paired,paired_lr_posterior_channels_L2,0.0,0.0,4.578622256473143e-07,3.0
sub-069,False,,paired,paired_lr_posterior_channels_L2,1.0,0.0,0.17646281068756808,3.0
sub-076,True,,paired,paired_lr_posterior_channels_L2,1.0,1.0,0.999994714371169,3.0
sub-078,True,,paired,paired_lr_posterior_channels_L2,0.0,0.0,0.0011027327473571524,3.0
sub-089,True,,paired,paired_lr_posterior_channels_L2,1.0,1.0,0.9984697651595451,3.0
sub-090,True,,paired,paired_lr_posterior_channels_L2,1.0,1.0,0.9999756901142872,3.0
sub-091,True,,paired,paired_lr_posterior_channels_L2,1.0,1.0,0.9999970331149096,3.0
sub-093,True,,paired,paired_lr_posterior_channels_L2,0.0,0.0,0.00847898935408012,3.0
sub-097,True,,paired,paired_lr_posterior_channels_L2,0.0,0.0,5.214470245366372e-05,3.0
sub-098,True,,paired,paired_lr_posterior_channels_L2,0.0,0.0,2.2194727786971708e-05,3.0
sub-102,True,,paired,paired_lr_posterior_channels_L2,1.0,1.0,0.9999999935626158,3.0
sub-103,True,,paired,paired_lr_posterior_channels_L2,1.0,1.0,0.9775086974481066,3.0
sub-129,True,,paired,paired_lr_posterior_channels_L2,1.0,1.0,0.9999664013497129,3.0
sub-140,True,,paired,paired_lr_posterior_channels_L2,0.0,0.0,0.40790284086830286,3.0
sub-141,True,,paired,paired_lr_posterior_channels_L2,0.0,0.0,0.04506803861566115,3.0
sub-146,True,,paired,paired_lr_posterior_channels_L2,0.0,0.0,3.2734988936922887e-06,3.0
sub-150,False,,paired,paired_lr_posterior_channels_L2,1.0,0.0,0.4942000037466254,3.0
sub-159,True,,paired,paired_lr_posterior_channels_L2,1.0,1.0,0.9926434398321696,3.0
sub-166,True,,paired,paired_lr_posterior_channels_L2,0.0,0.0,0.036068080080112815,3.0
sub-167,True,,paired,paired_lr_posterior_channels_L2,0.0,0.0,0.0010276347633157846,3.0
sub-173,True,,paired,paired_lr_posterior_channels_L2,1.0,1.0,0.9999847494898538,3.0
sub-174,True,,paired,paired_lr_posterior_channels_L2,1.0,1.0,0.9995076423357464,3.0
sub-177,True,,paired,paired_lr_posterior_channels_L2,1.0,1.0,0.9999998471804343,3.0
sub-180,True,,paired,paired_lr_posterior_channels_L2,1.0,1.0,0.9995505100445479,3.0
sub-182,True,,paired,paired_lr_posterior_channels_L2,0.0,0.0,7.860520270974764e-05,3.0
sub-184,True,,paired,paired_lr_posterior_channels_L2,1.0,1.0,0.9967321131166689,3.0
sub-192,True,,paired,paired_lr_posterior_channels_L2,1.0,1.0,0.9999829273846138,3.0
sub-193,True,,paired,paired_lr_posterior_channels_L2,1.0,1.0,0.9999085115738746,3.0
sub-201,False,,paired,paired_lr_posterior_channels_L2,1.0,0.0,0.3433649225149585,3.0
sub-202,True,,paired,paired_lr_posterior_channels_L2,0.0,0.0,0.07064030851512827,3.0
sub-219,True,,paired,paired_lr_posterior_channels_L2,1.0,1.0,0.9994982701645816,3.0
sub-222,True,,paired,paired_lr_posterior_channels_L2,0.0,0.0,1.8077454625981172e-05,3.0
sub-228,True,,paired,paired_lr_posterior_channels_L2,1.0,1.0,0.5252899815126446,3.0
sub-231,True,,paired,paired_lr_posterior_channels_L2,0.0,0.0,8.348948751234217e-06,3.0
sub-240,True,,paired,paired_lr_posterior_channels_L2,0.0,0.0,1.7395408786924525e-06,3.0
sub-245,True,,paired,paired_lr_posterior_channels_L2,0.0,0.0,0.2997163739937702,3.0
sub-248,True,,paired,paired_lr_posterior_channels_L2,0.0,0.0,0.00027670532824064324,3.0
sub-249,True,,paired,paired_lr_posterior_channels_L2,1.0,1.0,0.9573314124891374,3.0
sub-253,True,,paired,paired_lr_posterior_channels_L2,0.0,0.0,7.872249944016148e-06,3.0
sub-254,True,,paired,paired_lr_posterior_channels_L2,0.0,0.0,0.001388884475278224,3.0
sub-257,True,,paired,paired_lr_posterior_channels_L2,1.0,1.0,0.7813799337656174,3.0
sub-260,True,,paired,paired_lr_posterior_channels_L2,1.0,1.0,0.7725758046237324,3.0
sub-261,True,,paired,paired_lr_posterior_channels_L2,0.0,0.0,0.005283019754008725,3.0
sub-263,True,,paired,paired_lr_posterior_channels_L2,0.0,0.0,0.15818211837464274,3.0
sub-265,True,,paired,paired_lr_posterior_channels_L2,0.0,0.0,0.011094294533133212,3.0
sub-268,False,,paired,paired_lr_posterior_channels_L2,1.0,0.0,0.3022439955584678,3.0
sub-271,True,,paired,paired_lr_posterior_channels_L2,0.0,0.0,5.941759400587885e-05,3.0
sub-274,False,,paired,paired_lr_posterior_channels_L2,0.0,1.0,0.5541000838518892,3.0
sub-277,False,,paired,paired_lr_posterior_channels_L2,0.0,1.0,0.6174326496997646,3.0
sub-284,True,,paired,paired_lr_posterior_channels_L2,1.0,1.0,0.9999535169636844,3.0
sub-294,True,,paired,paired_lr_posterior_channels_L2,0.0,0.0,1.574799267544658e-05,3.0
sub-303,True,,paired,paired_lr_posterior_channels_L2,1.0,1.0,0.870104538370335,3.0
sub-312,True,,paired,paired_lr_posterior_channels_L2,0.0,0.0,0.0002467248027465664,3.0
sub-324,True,,paired,paired_lr_posterior_channels_L2,1.0,1.0,0.9986994014899618,3.0
sub-328,True,,paired,paired_lr_posterior_channels_L2,0.0,0.0,0.005279202559958731,3.0
sub-331,True,,paired,paired_lr_posterior_channels_L2,1.0,1.0,0.9837084952941909,3.0
sub-334,True,,paired,paired_lr_posterior_channels_L2,0.0,0.0,0.0017418745480818482,3.0
sub-338,True,,paired,paired_lr_posterior_channels_L2,0.0,0.0,0.005652456371796454,3.0
sub-340,True,,paired,paired_lr_posterior_channels_L2,0.0,0.0,0.0208440282902709,3.0
sub-350,True,,paired,paired_lr_posterior_channels_L2,1.0,1.0,0.997004465852482,3.0
sub-363,True,,paired,paired_lr_posterior_channels_L2,0.0,0.0,0.21673061117299036,3.0
sub-366,True,,paired,paired_lr_posterior_channels_L2,0.0,0.0,0.1659678596415826,3.0
sub-370,True,,paired,paired_lr_posterior_channels_L2,0.0,0.0,4.84137103586678e-05,3.0
sub-377,True,,paired,paired_lr_posterior_channels_L2,1.0,1.0,0.843225643860854,3.0
sub-382,False,,paired,paired_lr_posterior_channels_L2,0.0,1.0,0.6892712618619178,3.0
sub-383,True,,paired,paired_lr_posterior_channels_L2,1.0,1.0,0.9999216718037544,3.0
sub-389,True,,paired,paired_lr_posterior_channels_L2,1.0,1.0,0.9893250592084031,3.0
sub-391,True,,paired,paired_lr_posterior_channels_L2,1.0,1.0,0.9999415892889962,3.0
sub-398,True,,paired,paired_lr_posterior_channels_L2,1.0,1.0,0.9999997490815232,3.0
sub-417,True,,paired,paired_lr_posterior_channels_L2,1.0,1.0,0.9990916083813262,3.0
sub-419,True,,paired,paired_lr_posterior_channels_L2,1.0,1.0,0.9999990645854292,3.0
sub-421,True,,paired,paired_lr_posterior_channels_L2,1.0,1.0,0.999994777242623,3.0
sub-427,True,,paired,paired_lr_posterior_channels_L2,0.0,0.0,0.10914078374608184,3.0
sub-428,True,,paired,paired_lr_posterior_channels_L2,0.0,0.0,0.09667092466480369,3.0
sub-453,True,,paired,paired_lr_posterior_channels_L2,0.0,0.0,0.013217112766587718,3.0
sub-459,True,,paired,paired_lr_posterior_channels_L2,0.0,0.0,0.0009738077475311212,3.0
sub-461,True,,paired,paired_lr_posterior_channels_L2,1.0,1.0,0.9999285099524607,3.0
sub-462,True,,paired,paired_lr_posterior_channels_L2,0.0,0.0,0.17012039111096983,3.0
sub-466,True,,paired,paired_lr_posterior_channels_L2,0.0,0.0,0.002496861357474587,3.0
sub-469,True,,paired,paired_lr_posterior_channels_L2,1.0,1.0,0.9998353598486426,3.0
sub-477,True,,paired,paired_lr_posterior_channels_L2,0.0,0.0,0.00014126238243972755,3.0
sub-482,True,,paired,paired_lr_posterior_channels_L2,1.0,1.0,0.9039556191320383,3.0
sub-483,True,,paired,paired_lr_posterior_channels_L2,0.0,0.0,0.0004108466497906446,3.0
sub-484,False,,paired,paired_lr_posterior_channels_L2,0.0,1.0,0.8747762568977737,3.0
sub-488,True,,paired,paired_lr_posterior_channels_L2,1.0,1.0,0.9268659995006948,3.0
sub-492,True,,paired,paired_lr_posterior_channels_L2,1.0,1.0,0.953926216189885,3.0
sub-493,True,,paired,paired_lr_posterior_channels_L2,0.0,0.0,0.011256804454047392,3.0
sub-500,True,,paired,paired_lr_posterior_channels_L2,0.0,0.0,0.00028542641181989473,3.0
sub-503,True,,paired,paired_lr_posterior_channels_L2,0.0,0.0,0.0022444547132869554,3.0
sub-504,True,,paired,paired_lr_posterior_channels_L2,1.0,1.0,0.9955041510188355,3.0
sub-514,True,,paired,paired_lr_posterior_channels_L2,0.0,0.0,0.015357889122779427,3.0
sub-516,True,,paired,paired_lr_posterior_channels_L2,0.0,0.0,5.436524337956291e-05,3.0
sub-517,True,,paired,paired_lr_posterior_channels_L2,0.0,0.0,0.008574896592399066,3.0
sub-519,False,,paired,paired_lr_posterior_channels_L2,0.0,1.0,0.6426774790881181,3.0
sub-522,True,,paired,paired_lr_posterior_channels_L2,0.0,0.0,0.0013305319477903842,3.0
sub-528,True,,paired,paired_lr_posterior_channels_L2,1.0,1.0,0.9999959962553169,3.0
sub-531,True,,paired,paired_lr_posterior_channels_L2,0.0,0.0,0.0051782171293062946,3.0
sub-533,True,,paired,paired_lr_posterior_channels_L2,1.0,1.0,0.7738047713250006,3.0
sub-542,True,,paired,paired_lr_posterior_channels_L2,1.0,1.0,0.9998956725792698,3.0
sub-546,False,,paired,paired_lr_posterior_channels_L2,0.0,1.0,0.8645644341270964,3.0
sub-549,True,,paired,paired_lr_posterior_channels_L2,0.0,0.0,0.04358384990917661,3.0
sub-550,True,,paired,paired_lr_posterior_channels_L2,1.0,1.0,0.9995962202513582,3.0
sub-569,True,,paired,paired_lr_posterior_channels_L2,1.0,1.0,0.9951975495298636,3.0
sub-575,True,,paired,paired_lr_posterior_channels_L2,1.0,1.0,0.948680110891873,3.0
sub-576,True,,paired,paired_lr_posterior_channels_L2,1.0,1.0,0.9998679367844819,3.0
sub-577,True,,paired,paired_lr_posterior_channels_L2,0.0,0.0,1.8420782473323174e-06,3.0
sub-580,True,,paired,paired_lr_posterior_channels_L2,1.0,1.0,0.9994253746637679,3.0
sub-586,True,,paired,paired_lr_posterior_channels_L2,0.0,0.0,3.216714747057771e-05,3.0
sub-592,True,,paired,paired_lr_posterior_channels_L2,1.0,1.0,0.9967920015213838,3.0
sub-600,True,,paired,paired_lr_posterior_channels_L2,0.0,0.0,1.49447389924436e-07,3.0
sub-011,True,,paired,paired_lr_posterior_channels_L2,0.0,0.0,0.00011137714633360329,4.0
sub-019,True,,paired,paired_lr_posterior_channels_L2,0.0,0.0,0.480856868617517,4.0
sub-025,True,,paired,paired_lr_posterior_channels_L2,1.0,1.0,0.9985294051704656,4.0
sub-027,True,,paired,paired_lr_posterior_channels_L2,1.0,1.0,0.9999990845962383,4.0
sub-033,True,,paired,paired_lr_posterior_channels_L2,1.0,1.0,0.9999885759785724,4.0
sub-034,True,,paired,paired_lr_posterior_channels_L2,1.0,1.0,0.9966266588791083,4.0
sub-038,True,,paired,paired_lr_posterior_channels_L2,0.0,0.0,0.0036993247655041747,4.0
sub-042,True,,paired,paired_lr_posterior_channels_L2,0.0,0.0,0.3250941034328822,4.0
sub-043,True,,paired,paired_lr_posterior_channels_L2,0.0,0.0,0.002239502334311431,4.0
sub-049,True,,paired,paired_lr_posterior_channels_L2,0.0,0.0,0.008477643881095023,4.0
sub-059,True,,paired,paired_lr_posterior_channels_L2,1.0,1.0,0.999895482034772,4.0
sub-060,True,,paired,paired_lr_posterior_channels_L2,1.0,1.0,0.9832351207517983,4.0
sub-062,True,,paired,paired_lr_posterior_channels_L2,1.0,1.0,0.9478058047978275,4.0
sub-063,True,,paired,paired_lr_posterior_channels_L2,1.0,1.0,0.9961165996795786,4.0
sub-065,True,,paired,paired_lr_posterior_channels_L2,1.0,1.0,0.9999275374324165,4.0
sub-067,True,,paired,paired_lr_posterior_channels_L2,1.0,1.0,0.999161586356088,4.0
sub-072,True,,paired,paired_lr_posterior_channels_L2,1.0,1.0,0.9999722726136024,4.0
sub-074,True,,paired,paired_lr_posterior_channels_L2,1.0,1.0,0.9864048515016708,4.0
sub-075,True,,paired,paired_lr_posterior_channels_L2,1.0,1.0,0.9651770420797209,4.0
sub-083,True,,paired,paired_lr_posterior_channels_L2,1.0,1.0,0.9987435268380886,4.0
sub-088,True,,paired,paired_lr_posterior_channels_L2,0.0,0.0,5.0483268983830385e-05,4.0
sub-111,True,,paired,paired_lr_posterior_channels_L2,0.0,0.0,0.000269265868961007,4.0
sub-113,True,,paired,paired_lr_posterior_channels_L2,1.0,1.0,0.9998737620461561,4.0
sub-115,True,,paired,paired_lr_posterior_channels_L2,1.0,1.0,0.9999275869400099,4.0
sub-117,True,,paired,paired_lr_posterior_channels_L2,1.0,1.0,0.5586849998964085,4.0
sub-122,False,,paired,paired_lr_posterior_channels_L2,0.0,1.0,0.5827347423754339,4.0
sub-127,True,,paired,paired_lr_posterior_channels_L2,1.0,1.0,0.7373010342400985,4.0
sub-130,True,,paired,paired_lr_posterior_channels_L2,0.0,0.0,0.00036275542717378466,4.0
sub-139,True,,paired,paired_lr_posterior_channels_L2,0.0,0.0,0.04231344784504644,4.0
sub-142,True,,paired,paired_lr_posterior_channels_L2,0.0,0.0,0.068410859403837,4.0
sub-151,True,,paired,paired_lr_posterior_channels_L2,0.0,0.0,0.001324296070256729,4.0
sub-157,True,,paired,paired_lr_posterior_channels_L2,0.0,0.0,0.000664327805413299,4.0
sub-168,True,,paired,paired_lr_posterior_channels_L2,0.0,0.0,1.9766112443450665e-05,4.0
sub-170,True,,paired,paired_lr_posterior_channels_L2,0.0,0.0,6.20642481207059e-05,4.0
sub-176,True,,paired,paired_lr_posterior_channels_L2,1.0,1.0,0.9999924077160602,4.0
sub-186,True,,paired,paired_lr_posterior_channels_L2,0.0,0.0,0.058273694764107646,4.0
sub-189,True,,paired,paired_lr_posterior_channels_L2,0.0,0.0,0.008040051737681669,4.0
sub-197,True,,paired,paired_lr_posterior_channels_L2,1.0,1.0,0.8696198698992269,4.0
sub-203,False,,paired,paired_lr_posterior_channels_L2,0.0,1.0,0.8113088253201317,4.0
sub-205,True,,paired,paired_lr_posterior_channels_L2,0.0,0.0,1.473238244171767e-06,4.0
sub-207,True,,paired,paired_lr_posterior_channels_L2,0.0,0.0,0.048446414675023385,4.0
sub-209,True,,paired,paired_lr_posterior_channels_L2,0.0,0.0,0.4911037942077553,4.0
sub-211,True,,paired,paired_lr_posterior_channels_L2,0.0,0.0,0.0008279310396274047,4.0
sub-212,True,,paired,paired_lr_posterior_channels_L2,1.0,1.0,0.9999672220175225,4.0
sub-218,True,,paired,paired_lr_posterior_channels_L2,0.0,0.0,0.00044790267182668177,4.0
sub-227,True,,paired,paired_lr_posterior_channels_L2,1.0,1.0,0.9489846619376662,4.0
sub-229,True,,paired,paired_lr_posterior_channels_L2,0.0,0.0,0.00016708961676263227,4.0
sub-237,True,,paired,paired_lr_posterior_channels_L2,1.0,1.0,0.9994135877159357,4.0
sub-241,True,,paired,paired_lr_posterior_channels_L2,1.0,1.0,0.9974298839171719,4.0
sub-247,True,,paired,paired_lr_posterior_channels_L2,0.0,0.0,3.7888047896868525e-07,4.0
sub-252,True,,paired,paired_lr_posterior_channels_L2,0.0,0.0,0.048294590564889245,4.0
sub-256,True,,paired,paired_lr_posterior_channels_L2,1.0,1.0,0.9705014571367465,4.0
sub-262,True,,paired,paired_lr_posterior_channels_L2,0.0,0.0,1.7841521956211353e-05,4.0
sub-264,True,,paired,paired_lr_posterior_channels_L2,1.0,1.0,0.7642941609480136,4.0
sub-272,True,,paired,paired_lr_posterior_channels_L2,0.0,0.0,0.00015571526393198866,4.0
sub-279,True,,paired,paired_lr_posterior_channels_L2,1.0,1.0,0.9999982594811837,4.0
sub-282,True,,paired,paired_lr_posterior_channels_L2,1.0,1.0,0.9604360623187556,4.0
sub-287,True,,paired,paired_lr_posterior_channels_L2,1.0,1.0,0.7715450475612936,4.0
sub-289,True,,paired,paired_lr_posterior_channels_L2,1.0,1.0,0.9997214999235495,4.0
sub-291,True,,paired,paired_lr_posterior_channels_L2,0.0,0.0,0.01938543351054773,4.0
sub-292,True,,paired,paired_lr_posterior_channels_L2,0.0,0.0,4.87889636465023e-05,4.0
sub-297,True,,paired,paired_lr_posterior_channels_L2,1.0,1.0,0.9797862697483818,4.0
sub-300,True,,paired,paired_lr_posterior_channels_L2,0.0,0.0,0.0029025005413928764,4.0
sub-304,True,,paired,paired_lr_posterior_channels_L2,1.0,1.0,0.561128890939574,4.0
sub-311,False,,paired,paired_lr_posterior_channels_L2,0.0,1.0,0.6782577221043913,4.0
sub-313,False,,paired,paired_lr_posterior_channels_L2,1.0,0.0,0.3973987617392432,4.0
sub-318,True,,paired,paired_lr_posterior_channels_L2,1.0,1.0,0.9846977488424666,4.0
sub-323,False,,paired,paired_lr_posterior_channels_L2,1.0,0.0,0.06851366975640175,4.0
sub-354,True,,paired,paired_lr_posterior_channels_L2,1.0,1.0,0.9397170701062402,4.0
sub-356,True,,paired,paired_lr_posterior_channels_L2,0.0,0.0,0.3576670419901669,4.0
sub-357,True,,paired,paired_lr_posterior_channels_L2,0.0,0.0,0.0001276702135018507,4.0
sub-358,True,,paired,paired_lr_posterior_channels_L2,1.0,1.0,0.82963773739189,4.0
sub-361,True,,paired,paired_lr_posterior_channels_L2,0.0,0.0,3.5286559814574487e-06,4.0
sub-362,True,,paired,paired_lr_posterior_channels_L2,1.0,1.0,0.9251628551395584,4.0
sub-375,True,,paired,paired_lr_posterior_channels_L2,1.0,1.0,0.9961897946122653,4.0
sub-379,True,,paired,paired_lr_posterior_channels_L2,1.0,1.0,0.9999959195975776,4.0
sub-380,True,,paired,paired_lr_posterior_channels_L2,0.0,0.0,7.390407026951386e-05,4.0
sub-386,True,,paired,paired_lr_posterior_channels_L2,1.0,1.0,0.9947750009484454,4.0
sub-400,True,,paired,paired_lr_posterior_channels_L2,0.0,0.0,0.00030004804040636974,4.0
sub-412,True,,paired,paired_lr_posterior_channels_L2,0.0,0.0,0.1188561345186378,4.0
sub-415,False,,paired,paired_lr_posterior_channels_L2,0.0,1.0,0.8041126592467375,4.0
sub-416,True,,paired,paired_lr_posterior_channels_L2,1.0,1.0,0.9945298977756556,4.0
sub-423,True,,paired,paired_lr_posterior_channels_L2,0.0,0.0,7.908170919087377e-06,4.0
sub-425,True,,paired,paired_lr_posterior_channels_L2,0.0,0.0,0.2530728615277922,4.0
sub-429,True,,paired,paired_lr_posterior_channels_L2,0.0,0.0,0.01574716607558355,4.0
sub-434,True,,paired,paired_lr_posterior_channels_L2,1.0,1.0,0.9993215214870556,4.0
sub-435,True,,paired,paired_lr_posterior_channels_L2,0.0,0.0,5.007271073256983e-05,4.0
sub-436,True,,paired,paired_lr_posterior_channels_L2,1.0,1.0,0.9983041994803785,4.0
sub-437,True,,paired,paired_lr_posterior_channels_L2,0.0,0.0,0.00029356902876652706,4.0
sub-442,True,,paired,paired_lr_posterior_channels_L2,1.0,1.0,0.9916505289999599,4.0
sub-448,True,,paired,paired_lr_posterior_channels_L2,1.0,1.0,0.9997675397415532,4.0
sub-455,False,,paired,paired_lr_posterior_channels_L2,1.0,0.0,0.39565969295715475,4.0
sub-458,True,,paired,paired_lr_posterior_channels_L2,0.0,0.0,0.02959133178551097,4.0
sub-460,True,,paired,paired_lr_posterior_channels_L2,1.0,1.0,0.9999915800254173,4.0
sub-468,True,,paired,paired_lr_posterior_channels_L2,1.0,1.0,0.8651146080237927,4.0
sub-473,True,,paired,paired_lr_posterior_channels_L2,1.0,1.0,0.9915415873026981,4.0
sub-474,True,,paired,paired_lr_posterior_channels_L2,1.0,1.0,0.999970543017816,4.0
sub-495,True,,paired,paired_lr_posterior_channels_L2,1.0,1.0,0.9999996552489808,4.0
sub-497,True,,paired,paired_lr_posterior_channels_L2,0.0,0.0,0.2500895100310901,4.0
sub-507,True,,paired,paired_lr_posterior_channels_L2,1.0,1.0,0.8216305547075915,4.0
sub-513,True,,paired,paired_lr_posterior_channels_L2,0.0,0.0,0.004748504543968336,4.0
sub-515,True,,paired,paired_lr_posterior_channels_L2,0.0,0.0,2.8562568917144767e-05,4.0
sub-518,True,,paired,paired_lr_posterior_channels_L2,0.0,0.0,0.0007900179852461294,4.0
sub-538,True,,paired,paired_lr_posterior_channels_L2,0.0,0.0,0.2576351331593802,4.0
sub-544,True,,paired,paired_lr_posterior_channels_L2,1.0,1.0,0.9824666121591158,4.0
sub-547,True,,paired,paired_lr_posterior_channels_L2,1.0,1.0,0.9998796789569698,4.0
sub-552,True,,paired,paired_lr_posterior_channels_L2,0.0,0.0,0.006314235761094462,4.0
sub-554,True,,paired,paired_lr_posterior_channels_L2,0.0,0.0,2.4586888860711016e-06,4.0
sub-559,True,,paired,paired_lr_posterior_channels_L2,0.0,0.0,0.10669069200465967,4.0
sub-562,True,,paired,paired_lr_posterior_channels_L2,0.0,0.0,0.43237265221011995,4.0
sub-563,True,,paired,paired_lr_posterior_channels_L2,1.0,1.0,0.9886960661827199,4.0
sub-571,True,,paired,paired_lr_posterior_channels_L2,1.0,1.0,0.9967711382200263,4.0
sub-574,True,,paired,paired_lr_posterior_channels_L2,0.0,0.0,1.3515375455994484e-05,4.0
sub-581,True,,paired,paired_lr_posterior_channels_L2,0.0,0.0,6.079973155933173e-05,4.0
sub-587,True,,paired,paired_lr_posterior_channels_L2,1.0,1.0,0.8408175628297576,4.0
sub-590,True,,paired,paired_lr_posterior_channels_L2,0.0,0.0,6.492555046579524e-06,4.0
sub-598,True,,paired,paired_lr_posterior_channels_L2,0.0,0.0,0.15979928354285397,4.0
sub-601,True,,paired,paired_lr_posterior_channels_L2,1.0,1.0,0.834094592160305,4.0
sub-001,True,,paired,paired_lr_posterior_channels_L2,1.0,1.0,0.9999786352222952,5.0
sub-007,True,,paired,paired_lr_posterior_channels_L2,0.0,0.0,8.40498908292093e-05,5.0
sub-008,True,,paired,paired_lr_posterior_channels_L2,0.0,0.0,0.001965779138734371,5.0
sub-009,False,,paired,paired_lr_posterior_channels_L2,1.0,0.0,0.009388275312960694,5.0
sub-012,True,,paired,paired_lr_posterior_channels_L2,0.0,0.0,0.47890026651152273,5.0
sub-020,False,,paired,paired_lr_posterior_channels_L2,1.0,0.0,0.21727012721822359,5.0
sub-021,True,,paired,paired_lr_posterior_channels_L2,1.0,1.0,0.9969629011066484,5.0
sub-029,True,,paired,paired_lr_posterior_channels_L2,1.0,1.0,0.9645267363643746,5.0
sub-037,True,,paired,paired_lr_posterior_channels_L2,0.0,0.0,0.0004051149039868785,5.0
sub-052,True,,paired,paired_lr_posterior_channels_L2,0.0,0.0,3.1536749000734797e-06,5.0
sub-054,True,,paired,paired_lr_posterior_channels_L2,1.0,1.0,0.9999977148544902,5.0
sub-055,True,,paired,paired_lr_posterior_channels_L2,0.0,0.0,0.0021979806140152414,5.0
sub-056,True,,paired,paired_lr_posterior_channels_L2,1.0,1.0,0.5164572561588388,5.0
sub-071,True,,paired,paired_lr_posterior_channels_L2,1.0,1.0,0.9999970190682592,5.0
sub-084,True,,paired,paired_lr_posterior_channels_L2,0.0,0.0,0.017774920165958594,5.0
sub-095,False,,paired,paired_lr_posterior_channels_L2,1.0,0.0,0.48933860174056065,5.0
sub-101,True,,paired,paired_lr_posterior_channels_L2,0.0,0.0,0.16577468025551545,5.0
sub-104,True,,paired,paired_lr_posterior_channels_L2,0.0,0.0,0.035322585665944685,5.0
sub-120,False,,paired,paired_lr_posterior_channels_L2,1.0,0.0,0.17040627275402453,5.0
sub-124,True,,paired,paired_lr_posterior_channels_L2,0.0,0.0,0.22152198716933505,5.0
sub-125,True,,paired,paired_lr_posterior_channels_L2,0.0,0.0,0.04775741022079217,5.0
sub-128,True,,paired,paired_lr_posterior_channels_L2,0.0,0.0,0.06375407440402588,5.0
sub-134,True,,paired,paired_lr_posterior_channels_L2,0.0,0.0,0.0004899084773827782,5.0
sub-149,True,,paired,paired_lr_posterior_channels_L2,0.0,0.0,0.00013021693835798406,5.0
sub-156,True,,paired,paired_lr_posterior_channels_L2,1.0,1.0,0.9755812888871827,5.0
sub-160,True,,paired,paired_lr_posterior_channels_L2,1.0,1.0,0.9954341504805779,5.0
sub-171,True,,paired,paired_lr_posterior_channels_L2,1.0,1.0,0.9997941278013461,5.0
sub-175,True,,paired,paired_lr_posterior_channels_L2,0.0,0.0,0.14062228230673618,5.0
sub-179,True,,paired,paired_lr_posterior_channels_L2,0.0,0.0,0.0018969253198459054,5.0
sub-183,True,,paired,paired_lr_posterior_channels_L2,0.0,0.0,8.343919370590605e-05,5.0
sub-190,True,,paired,paired_lr_posterior_channels_L2,1.0,1.0,0.9998005084582381,5.0
sub-195,True,,paired,paired_lr_posterior_channels_L2,1.0,1.0,0.9999661432683069,5.0
sub-200,False,,paired,paired_lr_posterior_channels_L2,1.0,0.0,0.2853174851627483,5.0
sub-204,True,,paired,paired_lr_posterior_channels_L2,0.0,0.0,0.0003464592310931657,5.0
sub-206,True,,paired,paired_lr_posterior_channels_L2,1.0,1.0,0.9999424643767086,5.0
sub-213,True,,paired,paired_lr_posterior_channels_L2,0.0,0.0,0.10897397008825786,5.0
sub-214,True,,paired,paired_lr_posterior_channels_L2,1.0,1.0,0.7171694747208343,5.0
sub-215,True,,paired,paired_lr_posterior_channels_L2,0.0,0.0,9.264629192187802e-07,5.0
sub-224,True,,paired,paired_lr_posterior_channels_L2,1.0,1.0,0.9992763655892684,5.0
sub-234,True,,paired,paired_lr_posterior_channels_L2,1.0,1.0,0.9962795314491014,5.0
sub-239,True,,paired,paired_lr_posterior_channels_L2,0.0,0.0,0.00011354568903415693,5.0
sub-242,True,,paired,paired_lr_posterior_channels_L2,0.0,0.0,1.591000489195798e-05,5.0
sub-243,True,,paired,paired_lr_posterior_channels_L2,1.0,1.0,0.6160182766223297,5.0
sub-244,False,,paired,paired_lr_posterior_channels_L2,0.0,1.0,0.5552418307866462,5.0
sub-246,True,,paired,paired_lr_posterior_channels_L2,1.0,1.0,0.9997848215927851,5.0
sub-250,True,,paired,paired_lr_posterior_channels_L2,1.0,1.0,0.999999122886503,5.0
sub-258,True,,paired,paired_lr_posterior_channels_L2,0.0,0.0,0.00019668309508943425,5.0
sub-259,True,,paired,paired_lr_posterior_channels_L2,0.0,0.0,0.0010377763284455175,5.0
sub-267,True,,paired,paired_lr_posterior_channels_L2,1.0,1.0,0.9999992696573086,5.0
sub-269,True,,paired,paired_lr_posterior_channels_L2,0.0,0.0,0.02120957560936808,5.0
sub-283,True,,paired,paired_lr_posterior_channels_L2,0.0,0.0,6.638531537609507e-06,5.0
sub-285,True,,paired,paired_lr_posterior_channels_L2,1.0,1.0,0.9789041577696912,5.0
sub-293,True,,paired,paired_lr_posterior_channels_L2,1.0,1.0,0.9998789808919644,5.0
sub-307,True,,paired,paired_lr_posterior_channels_L2,0.0,0.0,0.06685270136655376,5.0
sub-308,True,,paired,paired_lr_posterior_channels_L2,1.0,1.0,0.9859137159347934,5.0
sub-316,True,,paired,paired_lr_posterior_channels_L2,1.0,1.0,0.9326775168810887,5.0
sub-327,True,,paired,paired_lr_posterior_channels_L2,1.0,1.0,0.9996604322724365,5.0
sub-335,True,,paired,paired_lr_posterior_channels_L2,1.0,1.0,0.9905706858225513,5.0
sub-337,True,,paired,paired_lr_posterior_channels_L2,0.0,0.0,0.00013356250112852365,5.0
sub-339,True,,paired,paired_lr_posterior_channels_L2,1.0,1.0,0.9060079489841167,5.0
sub-342,True,,paired,paired_lr_posterior_channels_L2,0.0,0.0,8.136495126132619e-06,5.0
sub-343,True,,paired,paired_lr_posterior_channels_L2,1.0,1.0,0.9996511456161025,5.0
sub-344,True,,paired,paired_lr_posterior_channels_L2,1.0,1.0,0.999834571976374,5.0
sub-345,True,,paired,paired_lr_posterior_channels_L2,0.0,0.0,0.48734252761942776,5.0
sub-346,True,,paired,paired_lr_posterior_channels_L2,1.0,1.0,0.8009096645335726,5.0
sub-365,True,,paired,paired_lr_posterior_channels_L2,1.0,1.0,0.9999997426368729,5.0
sub-367,True,,paired,paired_lr_posterior_channels_L2,0.0,0.0,0.008022827265175681,5.0
sub-368,False,,paired,paired_lr_posterior_channels_L2,0.0,1.0,0.8562549862960606,5.0
sub-371,True,,paired,paired_lr_posterior_channels_L2,1.0,1.0,0.9894754210390252,5.0
sub-372,True,,paired,paired_lr_posterior_channels_L2,0.0,0.0,0.00017176980521326683,5.0
sub-374,True,,paired,paired_lr_posterior_channels_L2,0.0,0.0,0.006321108457845434,5.0
sub-385,True,,paired,paired_lr_posterior_channels_L2,0.0,0.0,3.7726134121323185e-06,5.0
sub-387,True,,paired,paired_lr_posterior_channels_L2,1.0,1.0,0.9490778315885581,5.0
sub-393,True,,paired,paired_lr_posterior_channels_L2,0.0,0.0,0.000417586524060059,5.0
sub-395,True,,paired,paired_lr_posterior_channels_L2,0.0,0.0,0.001937991845219969,5.0
sub-402,True,,paired,paired_lr_posterior_channels_L2,0.0,0.0,0.0018943724456584262,5.0
sub-404,True,,paired,paired_lr_posterior_channels_L2,1.0,1.0,0.9999998564953968,5.0
sub-406,True,,paired,paired_lr_posterior_channels_L2,0.0,0.0,0.02594190528381809,5.0
sub-407,True,,paired,paired_lr_posterior_channels_L2,0.0,0.0,0.0010995313150296581,5.0
sub-411,True,,paired,paired_lr_posterior_channels_L2,1.0,1.0,0.999685565602301,5.0
sub-420,False,,paired,paired_lr_posterior_channels_L2,1.0,0.0,0.3839860948092602,5.0
sub-422,True,,paired,paired_lr_posterior_channels_L2,0.0,0.0,0.0004306173927558971,5.0
sub-426,True,,paired,paired_lr_posterior_channels_L2,0.0,0.0,0.4580653403306182,5.0
sub-430,False,,paired,paired_lr_posterior_channels_L2,1.0,0.0,0.10292757584178718,5.0
sub-431,True,,paired,paired_lr_posterior_channels_L2,1.0,1.0,0.9597016300051116,5.0
sub-438,True,,paired,paired_lr_posterior_channels_L2,0.0,0.0,0.00010215333410655103,5.0
sub-439,True,,paired,paired_lr_posterior_channels_L2,0.0,0.0,0.0032214912548759007,5.0
sub-440,True,,paired,paired_lr_posterior_channels_L2,0.0,0.0,0.041287204456377936,5.0
sub-443,True,,paired,paired_lr_posterior_channels_L2,1.0,1.0,0.9997560945657278,5.0
sub-444,True,,paired,paired_lr_posterior_channels_L2,0.0,0.0,0.000295027119736966,5.0
sub-445,True,,paired,paired_lr_posterior_channels_L2,1.0,1.0,0.9831376489235265,5.0
sub-454,True,,paired,paired_lr_posterior_channels_L2,1.0,1.0,0.82271168030927,5.0
sub-456,True,,paired,paired_lr_posterior_channels_L2,1.0,1.0,0.9889954507477746,5.0
sub-475,True,,paired,paired_lr_posterior_channels_L2,1.0,1.0,0.9999871832814899,5.0
sub-487,True,,paired,paired_lr_posterior_channels_L2,0.0,0.0,0.12953885953286243,5.0
sub-498,True,,paired,paired_lr_posterior_channels_L2,1.0,1.0,0.9992947555522477,5.0
sub-505,True,,paired,paired_lr_posterior_channels_L2,0.0,0.0,0.007125799084120775,5.0
sub-506,False,,paired,paired_lr_posterior_channels_L2,0.0,1.0,0.7684674135013387,5.0
sub-508,True,,paired,paired_lr_posterior_channels_L2,1.0,1.0,0.9998948734933494,5.0
sub-510,True,,paired,paired_lr_posterior_channels_L2,0.0,0.0,0.15542174319002408,5.0
sub-523,True,,paired,paired_lr_posterior_channels_L2,1.0,1.0,0.9300172647427551,5.0
sub-529,True,,paired,paired_lr_posterior_channels_L2,1.0,1.0,0.99701887349084,5.0
sub-537,True,,paired,paired_lr_posterior_channels_L2,1.0,1.0,0.9997103450169124,5.0
sub-539,True,,paired,paired_lr_posterior_channels_L2,1.0,1.0,0.8016840810760392,5.0
sub-545,True,,paired,paired_lr_posterior_channels_L2,1.0,1.0,0.9822964386541854,5.0
sub-548,True,,paired,paired_lr_posterior_channels_L2,0.0,0.0,3.881707302894819e-06,5.0
sub-551,False,,paired,paired_lr_posterior_channels_L2,0.0,1.0,0.758207862186581,5.0
sub-555,True,,paired,paired_lr_posterior_channels_L2,0.0,0.0,0.0001282065198349134,5.0
sub-564,True,,paired,paired_lr_posterior_channels_L2,1.0,1.0,0.9999958245808166,5.0
sub-570,True,,paired,paired_lr_posterior_channels_L2,1.0,1.0,0.9866785365079132,5.0
sub-572,True,,paired,paired_lr_posterior_channels_L2,1.0,1.0,0.9994094787001387,5.0
sub-573,True,,paired,paired_lr_posterior_channels_L2,0.0,0.0,1.9821573856933703e-06,5.0
sub-589,True,,paired,paired_lr_posterior_channels_L2,0.0,0.0,1.216784168801149e-05,5.0
sub-593,True,,paired,paired_lr_posterior_channels_L2,1.0,1.0,0.9994270870364087,5.0
sub-594,True,,paired,paired_lr_posterior_channels_L2,0.0,0.0,3.4606213670425516e-06,5.0
sub-596,True,,paired,paired_lr_posterior_channels_L2,0.0,0.0,0.03707066109967834,5.0
sub-603,True,,paired,paired_lr_posterior_channels_L2,0.0,0.0,1.7407877841444258e-05,5.0
sub-607,True,,paired,paired_lr_posterior_channels_L2,1.0,1.0,0.9103173182628703,5.0
sub-014,True,,paired,paired_lr_welch_multiband_L2,0.0,0.0,0.0002852057182760654,1.0
sub-015,True,,paired,paired_lr_welch_multiband_L2,0.0,0.0,0.0027268504223318182,1.0
sub-016,True,,paired,paired_lr_welch_multiband_L2,1.0,1.0,0.9999797460443286,1.0
sub-017,True,,paired,paired_lr_welch_multiband_L2,1.0,1.0,0.9999598302947028,1.0
sub-022,True,,paired,paired_lr_welch_multiband_L2,0.0,0.0,0.005223985494438773,1.0
sub-031,True,,paired,paired_lr_welch_multiband_L2,1.0,1.0,0.9995396538940902,1.0
sub-032,True,,paired,paired_lr_welch_multiband_L2,1.0,1.0,0.9769921111067722,1.0
sub-041,True,,paired,paired_lr_welch_multiband_L2,0.0,0.0,0.006485350983608754,1.0
sub-048,True,,paired,paired_lr_welch_multiband_L2,0.0,0.0,0.0005769082816525122,1.0
sub-051,True,,paired,paired_lr_welch_multiband_L2,1.0,1.0,0.9999083075987301,1.0
sub-061,True,,paired,paired_lr_welch_multiband_L2,1.0,1.0,0.9997309875775062,1.0
sub-070,True,,paired,paired_lr_welch_multiband_L2,0.0,0.0,0.00022757264466912984,1.0
sub-073,True,,paired,paired_lr_welch_multiband_L2,0.0,0.0,3.5484243896569175e-05,1.0
sub-081,True,,paired,paired_lr_welch_multiband_L2,1.0,1.0,0.9999629457468204,1.0
sub-085,True,,paired,paired_lr_welch_multiband_L2,1.0,1.0,0.9995937885720629,1.0
sub-087,True,,paired,paired_lr_welch_multiband_L2,1.0,1.0,0.9787558008280931,1.0
sub-092,True,,paired,paired_lr_welch_multiband_L2,1.0,1.0,0.9999995272493797,1.0
sub-094,True,,paired,paired_lr_welch_multiband_L2,1.0,1.0,0.9992996807076346,1.0
sub-096,True,,paired,paired_lr_welch_multiband_L2,1.0,1.0,0.976635233907083,1.0
sub-099,True,,paired,paired_lr_welch_multiband_L2,1.0,1.0,0.9877176926312077,1.0
sub-100,True,,paired,paired_lr_welch_multiband_L2,0.0,0.0,0.18352424883709162,1.0
sub-105,True,,paired,paired_lr_welch_multiband_L2,0.0,0.0,0.023525707886941995,1.0
sub-106,True,,paired,paired_lr_welch_multiband_L2,0.0,0.0,0.0004857430722944405,1.0
sub-108,True,,paired,paired_lr_welch_multiband_L2,0.0,0.0,4.1100047558956464e-05,1.0
sub-110,True,,paired,paired_lr_welch_multiband_L2,0.0,0.0,4.303201975584144e-05,1.0
sub-112,True,,paired,paired_lr_welch_multiband_L2,1.0,1.0,0.9994855951147781,1.0
sub-132,True,,paired,paired_lr_welch_multiband_L2,1.0,1.0,0.997674521212977,1.0
sub-138,True,,paired,paired_lr_welch_multiband_L2,1.0,1.0,0.9999969450718306,1.0
sub-143,True,,paired,paired_lr_welch_multiband_L2,1.0,1.0,0.9899560358044686,1.0
sub-148,True,,paired,paired_lr_welch_multiband_L2,0.0,0.0,1.566902805677248e-06,1.0
sub-152,True,,paired,paired_lr_welch_multiband_L2,1.0,1.0,0.8761925510748745,1.0
sub-154,True,,paired,paired_lr_welch_multiband_L2,1.0,1.0,0.9973270966376065,1.0
sub-155,True,,paired,paired_lr_welch_multiband_L2,0.0,0.0,0.05814778180810975,1.0
sub-164,True,,paired,paired_lr_welch_multiband_L2,0.0,0.0,0.022302577868973692,1.0
sub-178,True,,paired,paired_lr_welch_multiband_L2,1.0,1.0,0.9646918348099219,1.0
sub-188,True,,paired,paired_lr_welch_multiband_L2,0.0,0.0,3.475561725959547e-05,1.0
sub-198,True,,paired,paired_lr_welch_multiband_L2,0.0,0.0,0.00019079133866765487,1.0
sub-199,True,,paired,paired_lr_welch_multiband_L2,1.0,1.0,0.9984647227413868,1.0
sub-208,True,,paired,paired_lr_welch_multiband_L2,1.0,1.0,0.9984656769167094,1.0
sub-216,True,,paired,paired_lr_welch_multiband_L2,1.0,1.0,0.9997045925908831,1.0
sub-220,True,,paired,paired_lr_welch_multiband_L2,0.0,0.0,0.00024818829825736855,1.0
sub-232,True,,paired,paired_lr_welch_multiband_L2,1.0,1.0,0.9999992183565439,1.0
sub-236,True,,paired,paired_lr_welch_multiband_L2,0.0,0.0,0.0016308931821469707,1.0
sub-251,False,,paired,paired_lr_welch_multiband_L2,1.0,0.0,0.034409773953968346,1.0
sub-266,True,,paired,paired_lr_welch_multiband_L2,0.0,0.0,0.016585095062486704,1.0
sub-275,True,,paired,paired_lr_welch_multiband_L2,1.0,1.0,0.7284092930106191,1.0
sub-278,True,,paired,paired_lr_welch_multiband_L2,0.0,0.0,0.006832262180184192,1.0
sub-296,True,,paired,paired_lr_welch_multiband_L2,0.0,0.0,0.00010241605700539472,1.0
sub-298,True,,paired,paired_lr_welch_multiband_L2,1.0,1.0,0.8339019415670557,1.0
sub-299,True,,paired,paired_lr_welch_multiband_L2,1.0,1.0,0.9999658245322841,1.0
sub-302,True,,paired,paired_lr_welch_multiband_L2,1.0,1.0,0.82535912160711,1.0
sub-310,True,,paired,paired_lr_welch_multiband_L2,0.0,0.0,0.0008790381188344174,1.0
sub-314,True,,paired,paired_lr_welch_multiband_L2,1.0,1.0,0.9952878648429001,1.0
sub-320,True,,paired,paired_lr_welch_multiband_L2,0.0,0.0,0.026034099431632596,1.0
sub-321,True,,paired,paired_lr_welch_multiband_L2,1.0,1.0,0.9967751046156347,1.0
sub-325,True,,paired,paired_lr_welch_multiband_L2,1.0,1.0,0.9980263846876206,1.0
sub-330,True,,paired,paired_lr_welch_multiband_L2,0.0,0.0,1.7306111414733003e-06,1.0
sub-333,True,,paired,paired_lr_welch_multiband_L2,0.0,0.0,0.00010009811895595147,1.0
sub-336,True,,paired,paired_lr_welch_multiband_L2,1.0,1.0,0.999628705859429,1.0
sub-348,True,,paired,paired_lr_welch_multiband_L2,1.0,1.0,0.9899110502502846,1.0
sub-351,True,,paired,paired_lr_welch_multiband_L2,0.0,0.0,0.000141666513699814,1.0
sub-359,True,,paired,paired_lr_welch_multiband_L2,0.0,0.0,1.2592799375976363e-06,1.0
sub-364,True,,paired,paired_lr_welch_multiband_L2,1.0,1.0,0.9953493388299544,1.0
sub-373,True,,paired,paired_lr_welch_multiband_L2,1.0,1.0,0.9999987657138181,1.0
sub-376,True,,paired,paired_lr_welch_multiband_L2,1.0,1.0,0.9858544000995803,1.0
sub-378,False,,paired,paired_lr_welch_multiband_L2,1.0,0.0,0.09898067675281103,1.0
sub-381,False,,paired,paired_lr_welch_multiband_L2,0.0,1.0,0.7262264778918691,1.0
sub-384,True,,paired,paired_lr_welch_multiband_L2,0.0,0.0,0.0004295560491570704,1.0
sub-388,True,,paired,paired_lr_welch_multiband_L2,0.0,0.0,0.006126635352078605,1.0
sub-397,True,,paired,paired_lr_welch_multiband_L2,0.0,0.0,0.0015296797679272445,1.0
sub-401,True,,paired,paired_lr_welch_multiband_L2,0.0,0.0,0.3520636947621129,1.0
sub-405,True,,paired,paired_lr_welch_multiband_L2,1.0,1.0,0.9999897226728923,1.0
sub-408,True,,paired,paired_lr_welch_multiband_L2,0.0,0.0,2.510598869503951e-05,1.0
sub-414,True,,paired,paired_lr_welch_multiband_L2,1.0,1.0,0.9657579456301947,1.0
sub-418,True,,paired,paired_lr_welch_multiband_L2,1.0,1.0,0.9999005232852172,1.0
sub-424,True,,paired,paired_lr_welch_multiband_L2,1.0,1.0,0.9962015130540197,1.0
sub-441,True,,paired,paired_lr_welch_multiband_L2,1.0,1.0,0.9991050543820935,1.0
sub-449,True,,paired,paired_lr_welch_multiband_L2,1.0,1.0,0.999946717907871,1.0
sub-451,True,,paired,paired_lr_welch_multiband_L2,1.0,1.0,0.999345240266201,1.0
sub-463,True,,paired,paired_lr_welch_multiband_L2,0.0,0.0,0.007616256481764535,1.0
sub-465,True,,paired,paired_lr_welch_multiband_L2,0.0,0.0,0.15650243259754512,1.0
sub-467,True,,paired,paired_lr_welch_multiband_L2,1.0,1.0,0.9988030082227319,1.0
sub-470,True,,paired,paired_lr_welch_multiband_L2,0.0,0.0,0.0012122233145966002,1.0
sub-471,True,,paired,paired_lr_welch_multiband_L2,0.0,0.0,5.792888109365507e-05,1.0
sub-476,True,,paired,paired_lr_welch_multiband_L2,1.0,1.0,0.9999992986743564,1.0
sub-479,True,,paired,paired_lr_welch_multiband_L2,1.0,1.0,0.7504199143631166,1.0
sub-481,True,,paired,paired_lr_welch_multiband_L2,0.0,0.0,2.310101789970476e-05,1.0
sub-485,True,,paired,paired_lr_welch_multiband_L2,1.0,1.0,0.9999822635612101,1.0
sub-486,True,,paired,paired_lr_welch_multiband_L2,0.0,0.0,0.19381430040512698,1.0
sub-490,True,,paired,paired_lr_welch_multiband_L2,1.0,1.0,0.96539990096195,1.0
sub-491,True,,paired,paired_lr_welch_multiband_L2,0.0,0.0,0.006270146624377527,1.0
sub-496,True,,paired,paired_lr_welch_multiband_L2,1.0,1.0,0.999999542668031,1.0
sub-499,True,,paired,paired_lr_welch_multiband_L2,0.0,0.0,0.0008618362359468998,1.0
sub-501,True,,paired,paired_lr_welch_multiband_L2,1.0,1.0,0.9988893146760246,1.0
sub-502,True,,paired,paired_lr_welch_multiband_L2,0.0,0.0,0.001626010211982438,1.0
sub-521,True,,paired,paired_lr_welch_multiband_L2,1.0,1.0,0.9277878524487834,1.0
sub-524,True,,paired,paired_lr_welch_multiband_L2,0.0,0.0,0.01031960513426504,1.0
sub-526,True,,paired,paired_lr_welch_multiband_L2,1.0,1.0,0.9805824494378358,1.0
sub-530,True,,paired,paired_lr_welch_multiband_L2,0.0,0.0,4.509890889509403e-06,1.0
sub-535,True,,paired,paired_lr_welch_multiband_L2,0.0,0.0,1.0317294593562703e-07,1.0
sub-536,True,,paired,paired_lr_welch_multiband_L2,0.0,0.0,0.001183185019069026,1.0
sub-540,True,,paired,paired_lr_welch_multiband_L2,1.0,1.0,0.9994579269624705,1.0
sub-541,True,,paired,paired_lr_welch_multiband_L2,1.0,1.0,0.9999999448330209,1.0
sub-543,True,,paired,paired_lr_welch_multiband_L2,0.0,0.0,0.015200580885838044,1.0
sub-556,True,,paired,paired_lr_welch_multiband_L2,1.0,1.0,0.9510301585622513,1.0
sub-557,True,,paired,paired_lr_welch_multiband_L2,1.0,1.0,0.9971225163134448,1.0
sub-561,True,,paired,paired_lr_welch_multiband_L2,0.0,0.0,0.08125476710267159,1.0
sub-565,True,,paired,paired_lr_welch_multiband_L2,1.0,1.0,0.9985920884174913,1.0
sub-567,True,,paired,paired_lr_welch_multiband_L2,0.0,0.0,0.0050581646151611395,1.0
sub-568,True,,paired,paired_lr_welch_multiband_L2,0.0,0.0,0.14052219878412298,1.0
sub-578,True,,paired,paired_lr_welch_multiband_L2,0.0,0.0,2.9542895106862772e-05,1.0
sub-579,True,,paired,paired_lr_welch_multiband_L2,0.0,0.0,0.0017023289968688563,1.0
sub-582,True,,paired,paired_lr_welch_multiband_L2,0.0,0.0,0.0010240864667976433,1.0
sub-585,True,,paired,paired_lr_welch_multiband_L2,0.0,0.0,6.93104466280974e-05,1.0
sub-591,False,,paired,paired_lr_welch_multiband_L2,0.0,1.0,0.6227445550182599,1.0
sub-595,False,,paired,paired_lr_welch_multiband_L2,1.0,0.0,0.16922013006517406,1.0
sub-597,True,,paired,paired_lr_welch_multiband_L2,0.0,0.0,0.00010391617783963379,1.0
sub-599,True,,paired,paired_lr_welch_multiband_L2,0.0,0.0,0.09011620971638201,1.0
sub-605,True,,paired,paired_lr_welch_multiband_L2,0.0,0.0,6.801265341013074e-05,1.0
sub-003,True,,paired,paired_lr_welch_multiband_L2,1.0,1.0,0.9999450534981473,2.0
sub-005,True,,paired,paired_lr_welch_multiband_L2,1.0,1.0,0.9999931661828955,2.0
sub-006,True,,paired,paired_lr_welch_multiband_L2,0.0,0.0,0.0003509713945116891,2.0
sub-010,True,,paired,paired_lr_welch_multiband_L2,0.0,0.0,0.0031784572385250838,2.0
sub-018,True,,paired,paired_lr_welch_multiband_L2,0.0,0.0,0.025640244032334385,2.0
sub-023,True,,paired,paired_lr_welch_multiband_L2,1.0,1.0,0.9998015610523173,2.0
sub-026,True,,paired,paired_lr_welch_multiband_L2,1.0,1.0,0.9986832137063153,2.0
sub-030,True,,paired,paired_lr_welch_multiband_L2,0.0,0.0,0.1612442525661121,2.0
sub-036,False,,paired,paired_lr_welch_multiband_L2,0.0,1.0,0.9183549532749377,2.0
sub-046,True,,paired,paired_lr_welch_multiband_L2,1.0,1.0,0.9992855960024388,2.0
sub-047,True,,paired,paired_lr_welch_multiband_L2,0.0,0.0,0.017059966357021818,2.0
sub-050,True,,paired,paired_lr_welch_multiband_L2,1.0,1.0,0.96269400733018,2.0
sub-053,True,,paired,paired_lr_welch_multiband_L2,0.0,0.0,0.00186954907399117,2.0
sub-057,True,,paired,paired_lr_welch_multiband_L2,0.0,0.0,0.041108248966738765,2.0
sub-064,True,,paired,paired_lr_welch_multiband_L2,0.0,0.0,3.638526711050702e-05,2.0
sub-066,True,,paired,paired_lr_welch_multiband_L2,1.0,1.0,0.9999985644728646,2.0
sub-077,True,,paired,paired_lr_welch_multiband_L2,0.0,0.0,0.00012953074806516877,2.0
sub-080,True,,paired,paired_lr_welch_multiband_L2,1.0,1.0,0.9991773990638801,2.0
sub-082,True,,paired,paired_lr_welch_multiband_L2,0.0,0.0,0.00019116594161890126,2.0
sub-086,True,,paired,paired_lr_welch_multiband_L2,1.0,1.0,0.9995896306166514,2.0
sub-107,True,,paired,paired_lr_welch_multiband_L2,1.0,1.0,0.5643417541711702,2.0
sub-109,True,,paired,paired_lr_welch_multiband_L2,1.0,1.0,0.920994359380944,2.0
sub-114,True,,paired,paired_lr_welch_multiband_L2,0.0,0.0,0.0029965894328312526,2.0
sub-116,True,,paired,paired_lr_welch_multiband_L2,0.0,0.0,4.4920159471539466e-05,2.0
sub-118,True,,paired,paired_lr_welch_multiband_L2,1.0,1.0,0.9958535652079225,2.0
sub-119,True,,paired,paired_lr_welch_multiband_L2,1.0,1.0,0.9999816212336202,2.0
sub-121,True,,paired,paired_lr_welch_multiband_L2,0.0,0.0,5.6967729753093496e-05,2.0
sub-123,True,,paired,paired_lr_welch_multiband_L2,1.0,1.0,0.9726126233861894,2.0
sub-126,True,,paired,paired_lr_welch_multiband_L2,0.0,0.0,0.013470271315605787,2.0
sub-131,True,,paired,paired_lr_welch_multiband_L2,1.0,1.0,0.9999579852446586,2.0
sub-133,True,,paired,paired_lr_welch_multiband_L2,1.0,1.0,0.9774593051215213,2.0
sub-135,True,,paired,paired_lr_welch_multiband_L2,1.0,1.0,0.9833824123056181,2.0
sub-136,True,,paired,paired_lr_welch_multiband_L2,1.0,1.0,0.9999786188984482,2.0
sub-137,True,,paired,paired_lr_welch_multiband_L2,1.0,1.0,0.9988864779999602,2.0
sub-144,True,,paired,paired_lr_welch_multiband_L2,1.0,1.0,0.999001391672451,2.0
sub-145,True,,paired,paired_lr_welch_multiband_L2,0.0,0.0,0.0036172030707945627,2.0
sub-147,True,,paired,paired_lr_welch_multiband_L2,1.0,1.0,0.9999735734523434,2.0
sub-153,True,,paired,paired_lr_welch_multiband_L2,0.0,0.0,0.019078731578808114,2.0
sub-158,True,,paired,paired_lr_welch_multiband_L2,0.0,0.0,0.14170311572624567,2.0
sub-161,True,,paired,paired_lr_welch_multiband_L2,0.0,0.0,0.00014356225706818945,2.0
sub-162,True,,paired,paired_lr_welch_multiband_L2,0.0,0.0,0.0013846877027313097,2.0
sub-163,True,,paired,paired_lr_welch_multiband_L2,1.0,1.0,0.9843505212753981,2.0
sub-165,True,,paired,paired_lr_welch_multiband_L2,1.0,1.0,0.999110666215448,2.0
sub-169,True,,paired,paired_lr_welch_multiband_L2,1.0,1.0,0.9986935724948771,2.0
sub-172,True,,paired,paired_lr_welch_multiband_L2,0.0,0.0,0.03465592052349338,2.0
sub-181,True,,paired,paired_lr_welch_multiband_L2,1.0,1.0,0.9999715153004833,2.0
sub-187,True,,paired,paired_lr_welch_multiband_L2,1.0,1.0,0.9999249229683592,2.0
sub-191,True,,paired,paired_lr_welch_multiband_L2,0.0,0.0,0.00010110090982717397,2.0
sub-194,True,,paired,paired_lr_welch_multiband_L2,1.0,1.0,0.8493528117631873,2.0
sub-210,True,,paired,paired_lr_welch_multiband_L2,0.0,0.0,0.002768020920026766,2.0
sub-217,True,,paired,paired_lr_welch_multiband_L2,1.0,1.0,0.9999036818210993,2.0
sub-221,True,,paired,paired_lr_welch_multiband_L2,1.0,1.0,0.9991882773888145,2.0
sub-223,True,,paired,paired_lr_welch_multiband_L2,0.0,0.0,0.0007095220811737738,2.0
sub-225,True,,paired,paired_lr_welch_multiband_L2,1.0,1.0,0.9999433031929398,2.0
sub-226,True,,paired,paired_lr_welch_multiband_L2,0.0,0.0,1.282911262349787e-06,2.0
sub-233,True,,paired,paired_lr_welch_multiband_L2,1.0,1.0,0.9885510253704711,2.0
sub-235,True,,paired,paired_lr_welch_multiband_L2,1.0,1.0,0.9999918106723475,2.0
sub-238,True,,paired,paired_lr_welch_multiband_L2,0.0,0.0,7.95503072515013e-06,2.0
sub-255,True,,paired,paired_lr_welch_multiband_L2,1.0,1.0,0.9574806169297503,2.0
sub-273,True,,paired,paired_lr_welch_multiband_L2,1.0,1.0,0.994917784296123,2.0
sub-276,True,,paired,paired_lr_welch_multiband_L2,1.0,1.0,0.9998619567384346,2.0
sub-280,True,,paired,paired_lr_welch_multiband_L2,1.0,1.0,0.9999902229686912,2.0
sub-281,True,,paired,paired_lr_welch_multiband_L2,0.0,0.0,1.380859745490201e-05,2.0
sub-286,True,,paired,paired_lr_welch_multiband_L2,0.0,0.0,0.0018024183220457103,2.0
sub-290,True,,paired,paired_lr_welch_multiband_L2,1.0,1.0,0.9995075247895532,2.0
sub-295,True,,paired,paired_lr_welch_multiband_L2,1.0,1.0,0.9660324847787133,2.0
sub-301,True,,paired,paired_lr_welch_multiband_L2,0.0,0.0,6.0718464385320525e-05,2.0
sub-305,True,,paired,paired_lr_welch_multiband_L2,0.0,0.0,0.015473713365289262,2.0
sub-309,False,,paired,paired_lr_welch_multiband_L2,0.0,1.0,0.5093452904700573,2.0
sub-315,True,,paired,paired_lr_welch_multiband_L2,1.0,1.0,0.9997247087719905,2.0
sub-317,True,,paired,paired_lr_welch_multiband_L2,0.0,0.0,0.0014023827263480754,2.0
sub-322,True,,paired,paired_lr_welch_multiband_L2,1.0,1.0,0.999990129949775,2.0
sub-326,True,,paired,paired_lr_welch_multiband_L2,0.0,0.0,0.000521622567607632,2.0
sub-329,True,,paired,paired_lr_welch_multiband_L2,0.0,0.0,0.00024655515153703615,2.0
sub-341,True,,paired,paired_lr_welch_multiband_L2,1.0,1.0,0.7360706239014367,2.0
sub-347,True,,paired,paired_lr_welch_multiband_L2,1.0,1.0,0.99337019733675,2.0
sub-349,True,,paired,paired_lr_welch_multiband_L2,1.0,1.0,0.9271004384270282,2.0
sub-352,True,,paired,paired_lr_welch_multiband_L2,0.0,0.0,0.06687931142672934,2.0
sub-353,True,,paired,paired_lr_welch_multiband_L2,0.0,0.0,0.001413496221413202,2.0
sub-355,True,,paired,paired_lr_welch_multiband_L2,0.0,0.0,0.00010744358547886867,2.0
sub-369,True,,paired,paired_lr_welch_multiband_L2,0.0,0.0,4.59130029236873e-05,2.0
sub-390,True,,paired,paired_lr_welch_multiband_L2,1.0,1.0,0.999976298001307,2.0
sub-392,True,,paired,paired_lr_welch_multiband_L2,0.0,0.0,0.006621451231173966,2.0
sub-394,True,,paired,paired_lr_welch_multiband_L2,0.0,0.0,0.00031574269811003147,2.0
sub-396,True,,paired,paired_lr_welch_multiband_L2,0.0,0.0,0.004348138040841179,2.0
sub-399,True,,paired,paired_lr_welch_multiband_L2,0.0,0.0,0.04965381946144307,2.0
sub-403,True,,paired,paired_lr_welch_multiband_L2,0.0,0.0,0.00036908376699782287,2.0
sub-409,True,,paired,paired_lr_welch_multiband_L2,1.0,1.0,0.9999968575291484,2.0
sub-410,True,,paired,paired_lr_welch_multiband_L2,0.0,0.0,0.003916878108124372,2.0
sub-413,True,,paired,paired_lr_welch_multiband_L2,1.0,1.0,0.9999446577131478,2.0
sub-432,True,,paired,paired_lr_welch_multiband_L2,1.0,1.0,0.9525096537836978,2.0
sub-433,True,,paired,paired_lr_welch_multiband_L2,0.0,0.0,0.1329198202383347,2.0
sub-446,True,,paired,paired_lr_welch_multiband_L2,0.0,0.0,0.00012142875302969447,2.0
sub-447,True,,paired,paired_lr_welch_multiband_L2,0.0,0.0,0.001088147544059884,2.0
sub-450,True,,paired,paired_lr_welch_multiband_L2,0.0,0.0,0.0022086171182371483,2.0
sub-452,True,,paired,paired_lr_welch_multiband_L2,1.0,1.0,0.9866327250401997,2.0
sub-457,True,,paired,paired_lr_welch_multiband_L2,0.0,0.0,0.000628285030564727,2.0
sub-464,True,,paired,paired_lr_welch_multiband_L2,0.0,0.0,7.503182468498023e-08,2.0
sub-478,True,,paired,paired_lr_welch_multiband_L2,1.0,1.0,0.9999994751439673,2.0
sub-480,False,,paired,paired_lr_welch_multiband_L2,0.0,1.0,0.5044934441236234,2.0
sub-489,True,,paired,paired_lr_welch_multiband_L2,1.0,1.0,0.999666012598709,2.0
sub-494,True,,paired,paired_lr_welch_multiband_L2,1.0,1.0,0.9999774909512291,2.0
sub-509,True,,paired,paired_lr_welch_multiband_L2,1.0,1.0,0.9999438039149631,2.0
sub-511,True,,paired,paired_lr_welch_multiband_L2,1.0,1.0,0.998499454084105,2.0
sub-520,True,,paired,paired_lr_welch_multiband_L2,0.0,0.0,0.00011990086251632739,2.0
sub-525,True,,paired,paired_lr_welch_multiband_L2,0.0,0.0,0.00022479141694477887,2.0
sub-527,True,,paired,paired_lr_welch_multiband_L2,1.0,1.0,0.9997974030073977,2.0
sub-532,True,,paired,paired_lr_welch_multiband_L2,0.0,0.0,0.008372627663397202,2.0
sub-534,True,,paired,paired_lr_welch_multiband_L2,0.0,0.0,0.1767221581808838,2.0
sub-553,True,,paired,paired_lr_welch_multiband_L2,0.0,0.0,0.003599237947295553,2.0
sub-558,True,,paired,paired_lr_welch_multiband_L2,0.0,0.0,0.13884573558884672,2.0
sub-566,True,,paired,paired_lr_welch_multiband_L2,0.0,0.0,0.013637954598619842,2.0
sub-583,True,,paired,paired_lr_welch_multiband_L2,1.0,1.0,0.9999902265176129,2.0
sub-584,True,,paired,paired_lr_welch_multiband_L2,1.0,1.0,0.9969534754297831,2.0
sub-588,True,,paired,paired_lr_welch_multiband_L2,0.0,0.0,6.925368568177687e-05,2.0
sub-602,True,,paired,paired_lr_welch_multiband_L2,1.0,1.0,0.8946650377829242,2.0
sub-606,True,,paired,paired_lr_welch_multiband_L2,1.0,1.0,0.999926368064416,2.0
sub-608,True,,paired,paired_lr_welch_multiband_L2,1.0,1.0,0.9868416129911539,2.0
sub-002,True,,paired,paired_lr_welch_multiband_L2,1.0,1.0,0.9999864961221477,3.0
sub-024,True,,paired,paired_lr_welch_multiband_L2,1.0,1.0,0.9997961300720168,3.0
sub-028,True,,paired,paired_lr_welch_multiband_L2,0.0,0.0,0.08704136201766165,3.0
sub-035,True,,paired,paired_lr_welch_multiband_L2,1.0,1.0,0.9992482019720114,3.0
sub-039,True,,paired,paired_lr_welch_multiband_L2,1.0,1.0,0.9447621340915476,3.0
sub-040,True,,paired,paired_lr_welch_multiband_L2,1.0,1.0,0.9383060662979438,3.0
sub-044,True,,paired,paired_lr_welch_multiband_L2,1.0,1.0,0.9923321334798005,3.0
sub-058,True,,paired,paired_lr_welch_multiband_L2,1.0,1.0,0.596935543161422,3.0
sub-068,True,,paired,paired_lr_welch_multiband_L2,0.0,0.0,7.970917355914423e-06,3.0
sub-069,True,,paired,paired_lr_welch_multiband_L2,1.0,1.0,0.5386097647579395,3.0
sub-076,True,,paired,paired_lr_welch_multiband_L2,1.0,1.0,0.9999907304559565,3.0
sub-078,True,,paired,paired_lr_welch_multiband_L2,0.0,0.0,0.0012624795727008316,3.0
sub-089,True,,paired,paired_lr_welch_multiband_L2,1.0,1.0,0.9990001009186124,3.0
sub-090,True,,paired,paired_lr_welch_multiband_L2,1.0,1.0,0.9999943390799171,3.0
sub-091,True,,paired,paired_lr_welch_multiband_L2,1.0,1.0,0.9999813860798562,3.0
sub-093,True,,paired,paired_lr_welch_multiband_L2,0.0,0.0,0.0007775040252327453,3.0
sub-097,True,,paired,paired_lr_welch_multiband_L2,0.0,0.0,0.0006803767459748547,3.0
sub-098,True,,paired,paired_lr_welch_multiband_L2,0.0,0.0,0.0001507892912125009,3.0
sub-102,True,,paired,paired_lr_welch_multiband_L2,1.0,1.0,0.9999997810012553,3.0
sub-103,True,,paired,paired_lr_welch_multiband_L2,1.0,1.0,0.9726426526329613,3.0
sub-129,True,,paired,paired_lr_welch_multiband_L2,1.0,1.0,0.9999469916984792,3.0
sub-140,True,,paired,paired_lr_welch_multiband_L2,0.0,0.0,0.01882521679991892,3.0
sub-141,True,,paired,paired_lr_welch_multiband_L2,0.0,0.0,0.02191650746697887,3.0
sub-146,True,,paired,paired_lr_welch_multiband_L2,0.0,0.0,0.00023531273680709217,3.0
sub-150,True,,paired,paired_lr_welch_multiband_L2,1.0,1.0,0.9432077332214146,3.0
sub-159,True,,paired,paired_lr_welch_multiband_L2,1.0,1.0,0.9576477599661352,3.0
sub-166,True,,paired,paired_lr_welch_multiband_L2,0.0,0.0,0.008327959054240932,3.0
sub-167,True,,paired,paired_lr_welch_multiband_L2,0.0,0.0,0.00015115913741249365,3.0
sub-173,True,,paired,paired_lr_welch_multiband_L2,1.0,1.0,0.9999924835038068,3.0
sub-174,True,,paired,paired_lr_welch_multiband_L2,1.0,1.0,0.9998409542500057,3.0
sub-177,True,,paired,paired_lr_welch_multiband_L2,1.0,1.0,0.9999991297821508,3.0
sub-180,True,,paired,paired_lr_welch_multiband_L2,1.0,1.0,0.9999804243589321,3.0
sub-182,True,,paired,paired_lr_welch_multiband_L2,0.0,0.0,0.00035781078592440847,3.0
sub-184,True,,paired,paired_lr_welch_multiband_L2,1.0,1.0,0.999638169169458,3.0
sub-192,True,,paired,paired_lr_welch_multiband_L2,1.0,1.0,0.9999491078172651,3.0
sub-193,True,,paired,paired_lr_welch_multiband_L2,1.0,1.0,0.9999970624306203,3.0
sub-201,True,,paired,paired_lr_welch_multiband_L2,1.0,1.0,0.6152329342369965,3.0
sub-202,True,,paired,paired_lr_welch_multiband_L2,0.0,0.0,0.12317000311718321,3.0
sub-219,True,,paired,paired_lr_welch_multiband_L2,1.0,1.0,0.9965701240865915,3.0
sub-222,True,,paired,paired_lr_welch_multiband_L2,0.0,0.0,0.00013806681340233862,3.0
sub-228,True,,paired,paired_lr_welch_multiband_L2,1.0,1.0,0.6043070512524771,3.0
sub-231,True,,paired,paired_lr_welch_multiband_L2,0.0,0.0,0.00012436250696263657,3.0
sub-240,True,,paired,paired_lr_welch_multiband_L2,0.0,0.0,3.269168522340248e-05,3.0
sub-245,True,,paired,paired_lr_welch_multiband_L2,0.0,0.0,0.15387140638529878,3.0
sub-248,True,,paired,paired_lr_welch_multiband_L2,0.0,0.0,0.0008192221769363482,3.0
sub-249,True,,paired,paired_lr_welch_multiband_L2,1.0,1.0,0.9830457278015677,3.0
sub-253,True,,paired,paired_lr_welch_multiband_L2,0.0,0.0,5.415418517569452e-06,3.0
sub-254,True,,paired,paired_lr_welch_multiband_L2,0.0,0.0,0.006107727448614187,3.0
sub-257,True,,paired,paired_lr_welch_multiband_L2,1.0,1.0,0.9965157343146717,3.0
sub-260,True,,paired,paired_lr_welch_multiband_L2,1.0,1.0,0.8412501119835494,3.0
sub-261,True,,paired,paired_lr_welch_multiband_L2,0.0,0.0,0.0038703226246658237,3.0
sub-263,True,,paired,paired_lr_welch_multiband_L2,0.0,0.0,0.11843618770767024,3.0
sub-265,True,,paired,paired_lr_welch_multiband_L2,0.0,0.0,0.0006029582894986319,3.0
sub-268,False,,paired,paired_lr_welch_multiband_L2,1.0,0.0,0.24490051592130987,3.0
sub-271,True,,paired,paired_lr_welch_multiband_L2,0.0,0.0,0.0005065322135836696,3.0
sub-274,True,,paired,paired_lr_welch_multiband_L2,0.0,0.0,0.27222145910386647,3.0
sub-277,True,,paired,paired_lr_welch_multiband_L2,0.0,0.0,0.2704646544794455,3.0
sub-284,True,,paired,paired_lr_welch_multiband_L2,1.0,1.0,0.9996662337318646,3.0
sub-294,True,,paired,paired_lr_welch_multiband_L2,0.0,0.0,4.219086996631304e-05,3.0
sub-303,True,,paired,paired_lr_welch_multiband_L2,1.0,1.0,0.931732212987494,3.0
sub-312,True,,paired,paired_lr_welch_multiband_L2,0.0,0.0,0.0024333448307326993,3.0
sub-324,True,,paired,paired_lr_welch_multiband_L2,1.0,1.0,0.9973299782849497,3.0
sub-328,True,,paired,paired_lr_welch_multiband_L2,0.0,0.0,0.0002677463975906363,3.0
sub-331,True,,paired,paired_lr_welch_multiband_L2,1.0,1.0,0.965243757871258,3.0
sub-334,True,,paired,paired_lr_welch_multiband_L2,0.0,0.0,0.008904320929971551,3.0
sub-338,True,,paired,paired_lr_welch_multiband_L2,0.0,0.0,0.0015358614135257775,3.0
sub-340,True,,paired,paired_lr_welch_multiband_L2,0.0,0.0,0.1202037845892756,3.0
sub-350,True,,paired,paired_lr_welch_multiband_L2,1.0,1.0,0.9989393788378488,3.0
sub-363,True,,paired,paired_lr_welch_multiband_L2,0.0,0.0,0.01924898413225247,3.0
sub-366,True,,paired,paired_lr_welch_multiband_L2,0.0,0.0,0.04426756242129731,3.0
sub-370,True,,paired,paired_lr_welch_multiband_L2,0.0,0.0,0.00040111408432531187,3.0
sub-377,True,,paired,paired_lr_welch_multiband_L2,1.0,1.0,0.9984358906940817,3.0
sub-382,True,,paired,paired_lr_welch_multiband_L2,0.0,0.0,0.4273968110042347,3.0
sub-383,True,,paired,paired_lr_welch_multiband_L2,1.0,1.0,0.9994174608158193,3.0
sub-389,True,,paired,paired_lr_welch_multiband_L2,1.0,1.0,0.9798078213036611,3.0
sub-391,True,,paired,paired_lr_welch_multiband_L2,1.0,1.0,0.9996657495360948,3.0
sub-398,True,,paired,paired_lr_welch_multiband_L2,1.0,1.0,0.9999976470229861,3.0
sub-417,True,,paired,paired_lr_welch_multiband_L2,1.0,1.0,0.9973864311547362,3.0
sub-419,True,,paired,paired_lr_welch_multiband_L2,1.0,1.0,0.9999958419994541,3.0
sub-421,True,,paired,paired_lr_welch_multiband_L2,1.0,1.0,0.9999962147455134,3.0
sub-427,True,,paired,paired_lr_welch_multiband_L2,0.0,0.0,0.03393886492388633,3.0
sub-428,True,,paired,paired_lr_welch_multiband_L2,0.0,0.0,0.02621618026353102,3.0
sub-453,True,,paired,paired_lr_welch_multiband_L2,0.0,0.0,0.01017290398609783,3.0
sub-459,True,,paired,paired_lr_welch_multiband_L2,0.0,0.0,0.005366870888325866,3.0
sub-461,True,,paired,paired_lr_welch_multiband_L2,1.0,1.0,0.9999457113472079,3.0
sub-462,True,,paired,paired_lr_welch_multiband_L2,0.0,0.0,0.41246260844269395,3.0
sub-466,True,,paired,paired_lr_welch_multiband_L2,0.0,0.0,0.010090796035954487,3.0
sub-469,True,,paired,paired_lr_welch_multiband_L2,1.0,1.0,0.999968232532503,3.0
sub-477,True,,paired,paired_lr_welch_multiband_L2,0.0,0.0,0.0014082162431784256,3.0
sub-482,True,,paired,paired_lr_welch_multiband_L2,1.0,1.0,0.9517741637315463,3.0
sub-483,True,,paired,paired_lr_welch_multiband_L2,0.0,0.0,0.00023743207479799808,3.0
sub-484,True,,paired,paired_lr_welch_multiband_L2,0.0,0.0,0.021760104065714374,3.0
sub-488,True,,paired,paired_lr_welch_multiband_L2,1.0,1.0,0.947014452939947,3.0
sub-492,True,,paired,paired_lr_welch_multiband_L2,1.0,1.0,0.9812776084712691,3.0
sub-493,True,,paired,paired_lr_welch_multiband_L2,0.0,0.0,0.010914800705624384,3.0
sub-500,True,,paired,paired_lr_welch_multiband_L2,0.0,0.0,0.001937299619836402,3.0
sub-503,True,,paired,paired_lr_welch_multiband_L2,0.0,0.0,0.011482750314020832,3.0
sub-504,True,,paired,paired_lr_welch_multiband_L2,1.0,1.0,0.9985553606371413,3.0
sub-514,True,,paired,paired_lr_welch_multiband_L2,0.0,0.0,0.01741898944767175,3.0
sub-516,True,,paired,paired_lr_welch_multiband_L2,0.0,0.0,5.9583033836284023e-05,3.0
sub-517,True,,paired,paired_lr_welch_multiband_L2,0.0,0.0,0.0006759314237083368,3.0
sub-519,True,,paired,paired_lr_welch_multiband_L2,0.0,0.0,0.2688246770652498,3.0
sub-522,True,,paired,paired_lr_welch_multiband_L2,0.0,0.0,0.006398791763070834,3.0
sub-528,True,,paired,paired_lr_welch_multiband_L2,1.0,1.0,0.9999696307819844,3.0
sub-531,True,,paired,paired_lr_welch_multiband_L2,0.0,0.0,0.0007533879477546751,3.0
sub-533,True,,paired,paired_lr_welch_multiband_L2,1.0,1.0,0.9974294792707525,3.0
sub-542,True,,paired,paired_lr_welch_multiband_L2,1.0,1.0,0.9998862425524494,3.0
sub-546,True,,paired,paired_lr_welch_multiband_L2,0.0,0.0,0.06604398313524142,3.0
sub-549,True,,paired,paired_lr_welch_multiband_L2,0.0,0.0,0.04422284212571665,3.0
sub-550,True,,paired,paired_lr_welch_multiband_L2,1.0,1.0,0.9995609957889443,3.0
sub-569,True,,paired,paired_lr_welch_multiband_L2,1.0,1.0,0.9858198045398091,3.0
sub-575,True,,paired,paired_lr_welch_multiband_L2,1.0,1.0,0.9397344033751475,3.0
sub-576,True,,paired,paired_lr_welch_multiband_L2,1.0,1.0,0.9998978418089621,3.0
sub-577,True,,paired,paired_lr_welch_multiband_L2,0.0,0.0,7.81859854988905e-05,3.0
sub-580,True,,paired,paired_lr_welch_multiband_L2,1.0,1.0,0.9996982555833577,3.0
sub-586,True,,paired,paired_lr_welch_multiband_L2,0.0,0.0,0.00011784579901523178,3.0
sub-592,True,,paired,paired_lr_welch_multiband_L2,1.0,1.0,0.9986495391524328,3.0
sub-600,True,,paired,paired_lr_welch_multiband_L2,0.0,0.0,3.135617166152598e-06,3.0
sub-011,True,,paired,paired_lr_welch_multiband_L2,0.0,0.0,1.2629200699863698e-05,4.0
sub-019,True,,paired,paired_lr_welch_multiband_L2,0.0,0.0,0.0764955303423911,4.0
sub-025,True,,paired,paired_lr_welch_multiband_L2,1.0,1.0,0.9987747176533677,4.0
sub-027,True,,paired,paired_lr_welch_multiband_L2,1.0,1.0,0.99999908112922,4.0
sub-033,True,,paired,paired_lr_welch_multiband_L2,1.0,1.0,0.9999739614894754,4.0
sub-034,True,,paired,paired_lr_welch_multiband_L2,1.0,1.0,0.9954649634816068,4.0
sub-038,True,,paired,paired_lr_welch_multiband_L2,0.0,0.0,0.0004087653029082605,4.0
sub-042,True,,paired,paired_lr_welch_multiband_L2,0.0,0.0,0.18272806097554092,4.0
sub-043,True,,paired,paired_lr_welch_multiband_L2,0.0,0.0,0.0007219365635255244,4.0
sub-049,True,,paired,paired_lr_welch_multiband_L2,0.0,0.0,0.004545766897956621,4.0
sub-059,True,,paired,paired_lr_welch_multiband_L2,1.0,1.0,0.9998680309417476,4.0
sub-060,True,,paired,paired_lr_welch_multiband_L2,1.0,1.0,0.9847361694969731,4.0
sub-062,True,,paired,paired_lr_welch_multiband_L2,1.0,1.0,0.9460754907269968,4.0
sub-063,True,,paired,paired_lr_welch_multiband_L2,1.0,1.0,0.9991542503255447,4.0
sub-065,True,,paired,paired_lr_welch_multiband_L2,1.0,1.0,0.9998981198004558,4.0
sub-067,True,,paired,paired_lr_welch_multiband_L2,1.0,1.0,0.9985133860505928,4.0
sub-072,True,,paired,paired_lr_welch_multiband_L2,1.0,1.0,0.999916997579239,4.0
sub-074,True,,paired,paired_lr_welch_multiband_L2,1.0,1.0,0.9643145809773478,4.0
sub-075,True,,paired,paired_lr_welch_multiband_L2,1.0,1.0,0.9074978026943236,4.0
sub-083,True,,paired,paired_lr_welch_multiband_L2,1.0,1.0,0.9991514711280232,4.0
sub-088,True,,paired,paired_lr_welch_multiband_L2,0.0,0.0,0.00016298018089143615,4.0
sub-111,True,,paired,paired_lr_welch_multiband_L2,0.0,0.0,0.011397691775248643,4.0
sub-113,True,,paired,paired_lr_welch_multiband_L2,1.0,1.0,0.9997700625491228,4.0
sub-115,True,,paired,paired_lr_welch_multiband_L2,1.0,1.0,0.9950967273490854,4.0
sub-117,True,,paired,paired_lr_welch_multiband_L2,1.0,1.0,0.996623333032187,4.0
sub-122,False,,paired,paired_lr_welch_multiband_L2,0.0,1.0,0.6018175467421848,4.0
sub-127,True,,paired,paired_lr_welch_multiband_L2,1.0,1.0,0.661548742199928,4.0
sub-130,True,,paired,paired_lr_welch_multiband_L2,0.0,0.0,0.0012662200929900278,4.0
sub-139,True,,paired,paired_lr_welch_multiband_L2,0.0,0.0,0.05674769892055469,4.0
sub-142,True,,paired,paired_lr_welch_multiband_L2,0.0,0.0,0.027565912978801663,4.0
sub-151,True,,paired,paired_lr_welch_multiband_L2,0.0,0.0,0.00024272303123770144,4.0
sub-157,True,,paired,paired_lr_welch_multiband_L2,0.0,0.0,0.016301205059345927,4.0
sub-168,True,,paired,paired_lr_welch_multiband_L2,0.0,0.0,0.00011678832106265031,4.0
sub-170,True,,paired,paired_lr_welch_multiband_L2,0.0,0.0,2.1243587919176274e-05,4.0
sub-176,True,,paired,paired_lr_welch_multiband_L2,1.0,1.0,0.9999642552954248,4.0
sub-186,True,,paired,paired_lr_welch_multiband_L2,0.0,0.0,0.021037930873186797,4.0
sub-189,True,,paired,paired_lr_welch_multiband_L2,0.0,0.0,0.026835872138517333,4.0
sub-197,True,,paired,paired_lr_welch_multiband_L2,1.0,1.0,0.9239879966149687,4.0
sub-203,True,,paired,paired_lr_welch_multiband_L2,0.0,0.0,0.08174000383294278,4.0
sub-205,True,,paired,paired_lr_welch_multiband_L2,0.0,0.0,0.00013472042829441744,4.0
sub-207,True,,paired,paired_lr_welch_multiband_L2,0.0,0.0,0.019178865409481844,4.0
sub-209,True,,paired,paired_lr_welch_multiband_L2,0.0,0.0,0.2538485373496649,4.0
sub-211,True,,paired,paired_lr_welch_multiband_L2,0.0,0.0,0.00024070004235047515,4.0
sub-212,True,,paired,paired_lr_welch_multiband_L2,1.0,1.0,0.9999870355107359,4.0
sub-218,True,,paired,paired_lr_welch_multiband_L2,0.0,0.0,0.0001347593556668086,4.0
sub-227,True,,paired,paired_lr_welch_multiband_L2,1.0,1.0,0.9452690422431848,4.0
sub-229,True,,paired,paired_lr_welch_multiband_L2,0.0,0.0,0.00029139030442003664,4.0
sub-237,True,,paired,paired_lr_welch_multiband_L2,1.0,1.0,0.9990699358068367,4.0
sub-241,True,,paired,paired_lr_welch_multiband_L2,1.0,1.0,0.9992541641673826,4.0
sub-247,True,,paired,paired_lr_welch_multiband_L2,0.0,0.0,1.4689151246234076e-05,4.0
sub-252,True,,paired,paired_lr_welch_multiband_L2,0.0,0.0,0.04769426101036629,4.0
sub-256,True,,paired,paired_lr_welch_multiband_L2,1.0,1.0,0.9838632694406946,4.0
sub-262,True,,paired,paired_lr_welch_multiband_L2,0.0,0.0,0.0001226762878381618,4.0
sub-264,True,,paired,paired_lr_welch_multiband_L2,1.0,1.0,0.9730387730283004,4.0
sub-272,True,,paired,paired_lr_welch_multiband_L2,0.0,0.0,0.0008030295699433205,4.0
sub-279,True,,paired,paired_lr_welch_multiband_L2,1.0,1.0,0.9999642356224173,4.0
sub-282,True,,paired,paired_lr_welch_multiband_L2,1.0,1.0,0.9954182506634502,4.0
sub-287,True,,paired,paired_lr_welch_multiband_L2,1.0,1.0,0.9380828296878053,4.0
sub-289,True,,paired,paired_lr_welch_multiband_L2,1.0,1.0,0.9997684185917668,4.0
sub-291,True,,paired,paired_lr_welch_multiband_L2,0.0,0.0,0.0009354120967473992,4.0
sub-292,True,,paired,paired_lr_welch_multiband_L2,0.0,0.0,0.00023968800059471712,4.0
sub-297,True,,paired,paired_lr_welch_multiband_L2,1.0,1.0,0.9115767215074642,4.0
sub-300,True,,paired,paired_lr_welch_multiband_L2,0.0,0.0,0.008673560643916363,4.0
sub-304,True,,paired,paired_lr_welch_multiband_L2,1.0,1.0,0.8642122635915483,4.0
sub-311,True,,paired,paired_lr_welch_multiband_L2,0.0,0.0,0.04623602653094544,4.0
sub-313,False,,paired,paired_lr_welch_multiband_L2,1.0,0.0,0.45820049031998034,4.0
sub-318,True,,paired,paired_lr_welch_multiband_L2,1.0,1.0,0.9567365154396981,4.0
sub-323,True,,paired,paired_lr_welch_multiband_L2,1.0,1.0,0.9740934256513776,4.0
sub-354,True,,paired,paired_lr_welch_multiband_L2,1.0,1.0,0.9883008047613997,4.0
sub-356,True,,paired,paired_lr_welch_multiband_L2,0.0,0.0,0.04033944975856909,4.0
sub-357,True,,paired,paired_lr_welch_multiband_L2,0.0,0.0,0.00018469243333331546,4.0
sub-358,True,,paired,paired_lr_welch_multiband_L2,1.0,1.0,0.94088920732562,4.0
sub-361,True,,paired,paired_lr_welch_multiband_L2,0.0,0.0,4.8724333747609616e-05,4.0
sub-362,True,,paired,paired_lr_welch_multiband_L2,1.0,1.0,0.9852565037782157,4.0
sub-375,True,,paired,paired_lr_welch_multiband_L2,1.0,1.0,0.997432622876788,4.0
sub-379,True,,paired,paired_lr_welch_multiband_L2,1.0,1.0,0.9999886866469756,4.0
sub-380,True,,paired,paired_lr_welch_multiband_L2,0.0,0.0,0.00028518565195192113,4.0
sub-386,True,,paired,paired_lr_welch_multiband_L2,1.0,1.0,0.9107914535948088,4.0
sub-400,True,,paired,paired_lr_welch_multiband_L2,0.0,0.0,0.0001498157552436744,4.0
sub-412,True,,paired,paired_lr_welch_multiband_L2,0.0,0.0,0.022496382081988703,4.0
sub-415,True,,paired,paired_lr_welch_multiband_L2,0.0,0.0,0.36643106056879143,4.0
sub-416,True,,paired,paired_lr_welch_multiband_L2,1.0,1.0,0.9843446411284349,4.0
sub-423,True,,paired,paired_lr_welch_multiband_L2,0.0,0.0,9.638138776877042e-07,4.0
sub-425,True,,paired,paired_lr_welch_multiband_L2,0.0,0.0,0.2258316532701081,4.0
sub-429,True,,paired,paired_lr_welch_multiband_L2,0.0,0.0,0.10334065328795394,4.0
sub-434,True,,paired,paired_lr_welch_multiband_L2,1.0,1.0,0.9993228280764022,4.0
sub-435,True,,paired,paired_lr_welch_multiband_L2,0.0,0.0,0.0029244911837990714,4.0
sub-436,True,,paired,paired_lr_welch_multiband_L2,1.0,1.0,0.9975516020751455,4.0
sub-437,True,,paired,paired_lr_welch_multiband_L2,0.0,0.0,0.004743424720829441,4.0
sub-442,True,,paired,paired_lr_welch_multiband_L2,1.0,1.0,0.9911638874069041,4.0
sub-448,True,,paired,paired_lr_welch_multiband_L2,1.0,1.0,0.9999982903838582,4.0
sub-455,True,,paired,paired_lr_welch_multiband_L2,1.0,1.0,0.7774372706687626,4.0
sub-458,True,,paired,paired_lr_welch_multiband_L2,0.0,0.0,0.023634916211239053,4.0
sub-460,True,,paired,paired_lr_welch_multiband_L2,1.0,1.0,0.9999711193780151,4.0
sub-468,True,,paired,paired_lr_welch_multiband_L2,1.0,1.0,0.9140879108370199,4.0
sub-473,True,,paired,paired_lr_welch_multiband_L2,1.0,1.0,0.9884268407510202,4.0
sub-474,True,,paired,paired_lr_welch_multiband_L2,1.0,1.0,0.9995991477652982,4.0
sub-495,True,,paired,paired_lr_welch_multiband_L2,1.0,1.0,0.9999977464629951,4.0
sub-497,True,,paired,paired_lr_welch_multiband_L2,0.0,0.0,0.1117372274090141,4.0
sub-507,True,,paired,paired_lr_welch_multiband_L2,1.0,1.0,0.9949349058655894,4.0
sub-513,True,,paired,paired_lr_welch_multiband_L2,0.0,0.0,0.0031887064624734444,4.0
sub-515,True,,paired,paired_lr_welch_multiband_L2,0.0,0.0,3.05005173135396e-05,4.0
sub-518,True,,paired,paired_lr_welch_multiband_L2,0.0,0.0,0.00047228171115456976,4.0
sub-538,True,,paired,paired_lr_welch_multiband_L2,0.0,0.0,0.26756334150634814,4.0
sub-544,True,,paired,paired_lr_welch_multiband_L2,1.0,1.0,0.9789248349301957,4.0
sub-547,True,,paired,paired_lr_welch_multiband_L2,1.0,1.0,0.9964082696952006,4.0
sub-552,True,,paired,paired_lr_welch_multiband_L2,0.0,0.0,0.0018049888391418036,4.0
sub-554,True,,paired,paired_lr_welch_multiband_L2,0.0,0.0,2.481319315601086e-05,4.0
sub-559,True,,paired,paired_lr_welch_multiband_L2,0.0,0.0,0.03252994037454681,4.0
sub-562,False,,paired,paired_lr_welch_multiband_L2,0.0,1.0,0.6706074536454085,4.0
sub-563,True,,paired,paired_lr_welch_multiband_L2,1.0,1.0,0.9971278241112927,4.0
sub-571,True,,paired,paired_lr_welch_multiband_L2,1.0,1.0,0.9989598035469681,4.0
sub-574,True,,paired,paired_lr_welch_multiband_L2,0.0,0.0,0.00014501289575123247,4.0
sub-581,True,,paired,paired_lr_welch_multiband_L2,0.0,0.0,0.004197325241594339,4.0
sub-587,True,,paired,paired_lr_welch_multiband_L2,1.0,1.0,0.5917447643043211,4.0
sub-590,True,,paired,paired_lr_welch_multiband_L2,0.0,0.0,2.5268147661928186e-05,4.0
sub-598,True,,paired,paired_lr_welch_multiband_L2,0.0,0.0,0.010634125784316845,4.0
sub-601,True,,paired,paired_lr_welch_multiband_L2,1.0,1.0,0.9536345495279726,4.0
sub-001,True,,paired,paired_lr_welch_multiband_L2,1.0,1.0,0.9999200673976136,5.0
sub-007,True,,paired,paired_lr_welch_multiband_L2,0.0,0.0,0.0003408179322072853,5.0
sub-008,True,,paired,paired_lr_welch_multiband_L2,0.0,0.0,0.00420961043075307,5.0
sub-009,False,,paired,paired_lr_welch_multiband_L2,1.0,0.0,0.03676320776190326,5.0
sub-012,True,,paired,paired_lr_welch_multiband_L2,0.0,0.0,0.3191057438092053,5.0
sub-020,True,,paired,paired_lr_welch_multiband_L2,1.0,1.0,0.8801469505894618,5.0
sub-021,True,,paired,paired_lr_welch_multiband_L2,1.0,1.0,0.9998855842605868,5.0
sub-029,True,,paired,paired_lr_welch_multiband_L2,1.0,1.0,0.994897894344308,5.0
sub-037,True,,paired,paired_lr_welch_multiband_L2,0.0,0.0,0.002793876583623081,5.0
sub-052,True,,paired,paired_lr_welch_multiband_L2,0.0,0.0,3.236638247830378e-05,5.0
sub-054,True,,paired,paired_lr_welch_multiband_L2,1.0,1.0,0.9999601878630469,5.0
sub-055,True,,paired,paired_lr_welch_multiband_L2,0.0,0.0,0.0008542735068652798,5.0
sub-056,True,,paired,paired_lr_welch_multiband_L2,1.0,1.0,0.9473842111954703,5.0
sub-071,True,,paired,paired_lr_welch_multiband_L2,1.0,1.0,0.9999401765451182,5.0
sub-084,True,,paired,paired_lr_welch_multiband_L2,0.0,0.0,0.011939259034901187,5.0
sub-095,True,,paired,paired_lr_welch_multiband_L2,1.0,1.0,0.6998960921407371,5.0
sub-101,True,,paired,paired_lr_welch_multiband_L2,0.0,0.0,0.0010691625234465843,5.0
sub-104,True,,paired,paired_lr_welch_multiband_L2,0.0,0.0,0.117063293791696,5.0
sub-120,True,,paired,paired_lr_welch_multiband_L2,1.0,1.0,0.5866709285065302,5.0
sub-124,True,,paired,paired_lr_welch_multiband_L2,0.0,0.0,0.04410016182325546,5.0
sub-125,True,,paired,paired_lr_welch_multiband_L2,0.0,0.0,0.009844866183489434,5.0
sub-128,True,,paired,paired_lr_welch_multiband_L2,0.0,0.0,0.08088354655451446,5.0
sub-134,True,,paired,paired_lr_welch_multiband_L2,0.0,0.0,0.008559413682778787,5.0
sub-149,True,,paired,paired_lr_welch_multiband_L2,0.0,0.0,6.691201629319073e-05,5.0
sub-156,True,,paired,paired_lr_welch_multiband_L2,1.0,1.0,0.994529119162748,5.0
sub-160,True,,paired,paired_lr_welch_multiband_L2,1.0,1.0,0.9660852478329438,5.0
sub-171,True,,paired,paired_lr_welch_multiband_L2,1.0,1.0,0.9994607340666078,5.0
sub-175,True,,paired,paired_lr_welch_multiband_L2,0.0,0.0,0.06267379137063551,5.0
sub-179,True,,paired,paired_lr_welch_multiband_L2,0.0,0.0,0.008161470480772698,5.0
sub-183,True,,paired,paired_lr_welch_multiband_L2,0.0,0.0,0.0015269840255796587,5.0
sub-190,True,,paired,paired_lr_welch_multiband_L2,1.0,1.0,0.9938183445993395,5.0
sub-195,True,,paired,paired_lr_welch_multiband_L2,1.0,1.0,0.9998401145905028,5.0
sub-200,True,,paired,paired_lr_welch_multiband_L2,1.0,1.0,0.5050033380861972,5.0
sub-204,True,,paired,paired_lr_welch_multiband_L2,0.0,0.0,0.00406789147654707,5.0
sub-206,True,,paired,paired_lr_welch_multiband_L2,1.0,1.0,0.9996070282326707,5.0
sub-213,True,,paired,paired_lr_welch_multiband_L2,0.0,0.0,0.05059340387176034,5.0
sub-214,True,,paired,paired_lr_welch_multiband_L2,1.0,1.0,0.7240393701232571,5.0
sub-215,True,,paired,paired_lr_welch_multiband_L2,0.0,0.0,3.308143053896219e-06,5.0
sub-224,True,,paired,paired_lr_welch_multiband_L2,1.0,1.0,0.9990373103211782,5.0
sub-234,True,,paired,paired_lr_welch_multiband_L2,1.0,1.0,0.9882050580861181,5.0
sub-239,True,,paired,paired_lr_welch_multiband_L2,0.0,0.0,0.00019499770217919614,5.0
sub-242,True,,paired,paired_lr_welch_multiband_L2,0.0,0.0,4.625885583933422e-05,5.0
sub-243,True,,paired,paired_lr_welch_multiband_L2,1.0,1.0,0.6989720315750642,5.0
sub-244,False,,paired,paired_lr_welch_multiband_L2,0.0,1.0,0.5460710360083476,5.0
sub-246,True,,paired,paired_lr_welch_multiband_L2,1.0,1.0,0.999780518823331,5.0
sub-250,True,,paired,paired_lr_welch_multiband_L2,1.0,1.0,0.9999804973785263,5.0
sub-258,True,,paired,paired_lr_welch_multiband_L2,0.0,0.0,0.003045001623059594,5.0
sub-259,True,,paired,paired_lr_welch_multiband_L2,0.0,0.0,0.00022781540140787536,5.0
sub-267,True,,paired,paired_lr_welch_multiband_L2,1.0,1.0,0.9999985350611023,5.0
sub-269,True,,paired,paired_lr_welch_multiband_L2,0.0,0.0,0.007480602164786144,5.0
sub-283,True,,paired,paired_lr_welch_multiband_L2,0.0,0.0,6.532947818388923e-06,5.0
sub-285,True,,paired,paired_lr_welch_multiband_L2,1.0,1.0,0.9833912942014625,5.0
sub-293,True,,paired,paired_lr_welch_multiband_L2,1.0,1.0,0.9997971641862968,5.0
sub-307,True,,paired,paired_lr_welch_multiband_L2,0.0,0.0,0.03910988547121683,5.0
sub-308,True,,paired,paired_lr_welch_multiband_L2,1.0,1.0,0.9911308614164958,5.0
sub-316,True,,paired,paired_lr_welch_multiband_L2,1.0,1.0,0.7385446628199799,5.0
sub-327,True,,paired,paired_lr_welch_multiband_L2,1.0,1.0,0.9997863430762638,5.0
sub-335,True,,paired,paired_lr_welch_multiband_L2,1.0,1.0,0.9931837667352339,5.0
sub-337,True,,paired,paired_lr_welch_multiband_L2,0.0,0.0,0.00031295597742125934,5.0
sub-339,True,,paired,paired_lr_welch_multiband_L2,1.0,1.0,0.9613283642084811,5.0
sub-342,True,,paired,paired_lr_welch_multiband_L2,0.0,0.0,1.1367206207585902e-05,5.0
sub-343,True,,paired,paired_lr_welch_multiband_L2,1.0,1.0,0.9989573546025791,5.0
sub-344,True,,paired,paired_lr_welch_multiband_L2,1.0,1.0,0.999390285009104,5.0
sub-345,True,,paired,paired_lr_welch_multiband_L2,0.0,0.0,0.06714470200580856,5.0
sub-346,True,,paired,paired_lr_welch_multiband_L2,1.0,1.0,0.94233328367524,5.0
sub-365,True,,paired,paired_lr_welch_multiband_L2,1.0,1.0,0.999991644788699,5.0
sub-367,True,,paired,paired_lr_welch_multiband_L2,0.0,0.0,0.00968389894001282,5.0
sub-368,True,,paired,paired_lr_welch_multiband_L2,0.0,0.0,0.27548306070157175,5.0
sub-371,True,,paired,paired_lr_welch_multiband_L2,1.0,1.0,0.9675786524514995,5.0
sub-372,True,,paired,paired_lr_welch_multiband_L2,0.0,0.0,0.0031748840248519913,5.0
sub-374,True,,paired,paired_lr_welch_multiband_L2,0.0,0.0,0.007217011071561583,5.0
sub-385,True,,paired,paired_lr_welch_multiband_L2,0.0,0.0,5.687099098543288e-06,5.0
sub-387,True,,paired,paired_lr_welch_multiband_L2,1.0,1.0,0.9350533040554615,5.0
sub-393,True,,paired,paired_lr_welch_multiband_L2,0.0,0.0,0.00014728982816667637,5.0
sub-395,True,,paired,paired_lr_welch_multiband_L2,0.0,0.0,0.0009116632559017608,5.0
sub-402,True,,paired,paired_lr_welch_multiband_L2,0.0,0.0,0.0011472863519837065,5.0
sub-404,True,,paired,paired_lr_welch_multiband_L2,1.0,1.0,0.9999936267735666,5.0
sub-406,True,,paired,paired_lr_welch_multiband_L2,0.0,0.0,0.2217194723295739,5.0
sub-407,True,,paired,paired_lr_welch_multiband_L2,0.0,0.0,0.003223898991439053,5.0
sub-411,True,,paired,paired_lr_welch_multiband_L2,1.0,1.0,0.9983757989782303,5.0
sub-420,True,,paired,paired_lr_welch_multiband_L2,1.0,1.0,0.7495911928155234,5.0
sub-422,True,,paired,paired_lr_welch_multiband_L2,0.0,0.0,0.00016466641171403767,5.0
sub-426,True,,paired,paired_lr_welch_multiband_L2,0.0,0.0,0.41007690546919695,5.0
sub-430,True,,paired,paired_lr_welch_multiband_L2,1.0,1.0,0.6448397155373152,5.0
sub-431,True,,paired,paired_lr_welch_multiband_L2,1.0,1.0,0.989808259223594,5.0
sub-438,True,,paired,paired_lr_welch_multiband_L2,0.0,0.0,0.0016062449649135789,5.0
sub-439,True,,paired,paired_lr_welch_multiband_L2,0.0,0.0,0.0027351115848617442,5.0
sub-440,True,,paired,paired_lr_welch_multiband_L2,0.0,0.0,0.005189509426806629,5.0
sub-443,True,,paired,paired_lr_welch_multiband_L2,1.0,1.0,0.9985342718605744,5.0
sub-444,True,,paired,paired_lr_welch_multiband_L2,0.0,0.0,0.00028768830701366517,5.0
sub-445,True,,paired,paired_lr_welch_multiband_L2,1.0,1.0,0.9953501645026598,5.0
sub-454,True,,paired,paired_lr_welch_multiband_L2,1.0,1.0,0.9686027923677162,5.0
sub-456,True,,paired,paired_lr_welch_multiband_L2,1.0,1.0,0.9243878734296372,5.0
sub-475,True,,paired,paired_lr_welch_multiband_L2,1.0,1.0,0.9999991508994306,5.0
sub-487,True,,paired,paired_lr_welch_multiband_L2,0.0,0.0,0.16292030492409593,5.0
sub-498,True,,paired,paired_lr_welch_multiband_L2,1.0,1.0,0.9987044242659363,5.0
sub-505,True,,paired,paired_lr_welch_multiband_L2,0.0,0.0,0.04452419848673085,5.0
sub-506,True,,paired,paired_lr_welch_multiband_L2,0.0,0.0,0.15764341130979032,5.0
sub-508,True,,paired,paired_lr_welch_multiband_L2,1.0,1.0,0.9999702941304994,5.0
sub-510,True,,paired,paired_lr_welch_multiband_L2,0.0,0.0,0.09631240365054707,5.0
sub-523,True,,paired,paired_lr_welch_multiband_L2,1.0,1.0,0.9620971699730212,5.0
sub-529,True,,paired,paired_lr_welch_multiband_L2,1.0,1.0,0.9755050714054477,5.0
sub-537,True,,paired,paired_lr_welch_multiband_L2,1.0,1.0,0.9996378120607871,5.0
sub-539,True,,paired,paired_lr_welch_multiband_L2,1.0,1.0,0.9603271241000866,5.0
sub-545,True,,paired,paired_lr_welch_multiband_L2,1.0,1.0,0.8939084530956564,5.0
sub-548,True,,paired,paired_lr_welch_multiband_L2,0.0,0.0,2.7275287915694685e-05,5.0
sub-551,False,,paired,paired_lr_welch_multiband_L2,0.0,1.0,0.6695649512584027,5.0
sub-555,True,,paired,paired_lr_welch_multiband_L2,0.0,0.0,0.0010555008066647604,5.0
sub-564,True,,paired,paired_lr_welch_multiband_L2,1.0,1.0,0.9999725623572844,5.0
sub-570,True,,paired,paired_lr_welch_multiband_L2,1.0,1.0,0.9316138265077502,5.0
sub-572,True,,paired,paired_lr_welch_multiband_L2,1.0,1.0,0.9994175740425755,5.0
sub-573,True,,paired,paired_lr_welch_multiband_L2,0.0,0.0,0.00011103671379799314,5.0
sub-589,True,,paired,paired_lr_welch_multiband_L2,0.0,0.0,1.639346776075357e-05,5.0
sub-593,True,,paired,paired_lr_welch_multiband_L2,1.0,1.0,0.998847013299362,5.0
sub-594,True,,paired,paired_lr_welch_multiband_L2,0.0,0.0,7.17263962219468e-07,5.0
sub-596,True,,paired,paired_lr_welch_multiband_L2,0.0,0.0,0.0906006892880184,5.0
sub-603,True,,paired,paired_lr_welch_multiband_L2,0.0,0.0,5.583773079297197e-05,5.0
sub-607,True,,paired,paired_lr_welch_multiband_L2,1.0,1.0,0.7334673374940882,5.0
sub-014,True,,paired,paired_lr_fooof_L2,0.0,0.0,0.0038270949757470223,1.0
sub-015,True,,paired,paired_lr_fooof_L2,0.0,0.0,0.004422767401894645,1.0
sub-016,True,,paired,paired_lr_fooof_L2,1.0,1.0,0.9970453445796189,1.0
sub-017,True,,paired,paired_lr_fooof_L2,1.0,1.0,0.9987171094489394,1.0
sub-022,True,,paired,paired_lr_fooof_L2,0.0,0.0,0.0036770339052479254,1.0
sub-031,True,,paired,paired_lr_fooof_L2,1.0,1.0,0.9765240754437919,1.0
sub-032,True,,paired,paired_lr_fooof_L2,1.0,1.0,0.9474313013165832,1.0
sub-041,True,,paired,paired_lr_fooof_L2,0.0,0.0,0.05359668267794653,1.0
sub-048,True,,paired,paired_lr_fooof_L2,0.0,0.0,0.002060150903327944,1.0
sub-051,True,,paired,paired_lr_fooof_L2,1.0,1.0,0.9999370363985575,1.0
sub-061,True,,paired,paired_lr_fooof_L2,1.0,1.0,0.9989813784983792,1.0
sub-070,True,,paired,paired_lr_fooof_L2,0.0,0.0,0.002824868488326827,1.0
sub-073,True,,paired,paired_lr_fooof_L2,0.0,0.0,5.963853209939561e-05,1.0
sub-081,True,,paired,paired_lr_fooof_L2,1.0,1.0,0.9997699352094722,1.0
sub-085,True,,paired,paired_lr_fooof_L2,1.0,1.0,0.9952896850905817,1.0
sub-087,True,,paired,paired_lr_fooof_L2,1.0,1.0,0.8440235745682549,1.0
sub-092,True,,paired,paired_lr_fooof_L2,1.0,1.0,0.9993650943075555,1.0
sub-094,True,,paired,paired_lr_fooof_L2,1.0,1.0,0.9844897638742779,1.0
sub-096,True,,paired,paired_lr_fooof_L2,1.0,1.0,0.9157186025615195,1.0
sub-099,False,,paired,paired_lr_fooof_L2,1.0,0.0,0.2925735587037294,1.0
sub-100,True,,paired,paired_lr_fooof_L2,0.0,0.0,0.20438555075023493,1.0
sub-105,True,,paired,paired_lr_fooof_L2,0.0,0.0,0.040929451753724345,1.0
sub-106,True,,paired,paired_lr_fooof_L2,0.0,0.0,0.009945374062555034,1.0
sub-108,True,,paired,paired_lr_fooof_L2,0.0,0.0,2.6083014642091485e-05,1.0
sub-110,True,,paired,paired_lr_fooof_L2,0.0,0.0,0.0001377120906338298,1.0
sub-112,True,,paired,paired_lr_fooof_L2,1.0,1.0,0.9978923478923716,1.0
sub-132,True,,paired,paired_lr_fooof_L2,1.0,1.0,0.9710092546672553,1.0
sub-138,True,,paired,paired_lr_fooof_L2,1.0,1.0,0.9996645613819138,1.0
sub-143,True,,paired,paired_lr_fooof_L2,1.0,1.0,0.8203845114642341,1.0
sub-148,True,,paired,paired_lr_fooof_L2,0.0,0.0,6.180939302597474e-05,1.0
sub-152,True,,paired,paired_lr_fooof_L2,1.0,1.0,0.8998007832372682,1.0
sub-154,True,,paired,paired_lr_fooof_L2,1.0,1.0,0.9827921669038598,1.0
sub-155,True,,paired,paired_lr_fooof_L2,0.0,0.0,0.055136168661774496,1.0
sub-164,True,,paired,paired_lr_fooof_L2,0.0,0.0,0.12089313224420438,1.0
sub-178,True,,paired,paired_lr_fooof_L2,1.0,1.0,0.8805598747373548,1.0
sub-188,False,,paired,paired_lr_fooof_L2,0.0,1.0,0.523337017495427,1.0
sub-198,True,,paired,paired_lr_fooof_L2,0.0,0.0,0.00044584829246424335,1.0
sub-199,True,,paired,paired_lr_fooof_L2,1.0,1.0,0.9017195646023417,1.0
sub-208,True,,paired,paired_lr_fooof_L2,1.0,1.0,0.913524410142391,1.0
sub-216,True,,paired,paired_lr_fooof_L2,1.0,1.0,0.9970397308239146,1.0
sub-220,True,,paired,paired_lr_fooof_L2,0.0,0.0,0.00863755014281017,1.0
sub-232,True,,paired,paired_lr_fooof_L2,1.0,1.0,0.9998426681127472,1.0
sub-236,True,,paired,paired_lr_fooof_L2,0.0,0.0,0.004832682791139583,1.0
sub-251,False,,paired,paired_lr_fooof_L2,1.0,0.0,0.20643148821581148,1.0
sub-266,True,,paired,paired_lr_fooof_L2,0.0,0.0,0.006993687402054718,1.0
sub-275,True,,paired,paired_lr_fooof_L2,1.0,1.0,0.8743499182182843,1.0
sub-278,True,,paired,paired_lr_fooof_L2,0.0,0.0,0.03491696449354336,1.0
sub-296,True,,paired,paired_lr_fooof_L2,0.0,0.0,0.0005283398155769607,1.0
sub-298,False,,paired,paired_lr_fooof_L2,1.0,0.0,0.31730600798507,1.0
sub-299,True,,paired,paired_lr_fooof_L2,1.0,1.0,0.9999005826179908,1.0
sub-302,True,,paired,paired_lr_fooof_L2,1.0,1.0,0.7721023081193713,1.0
sub-310,True,,paired,paired_lr_fooof_L2,0.0,0.0,0.004771211294449112,1.0
sub-314,True,,paired,paired_lr_fooof_L2,1.0,1.0,0.9728397578884626,1.0
sub-320,True,,paired,paired_lr_fooof_L2,0.0,0.0,0.08823127098964866,1.0
sub-321,True,,paired,paired_lr_fooof_L2,1.0,1.0,0.8749456008324233,1.0
sub-325,True,,paired,paired_lr_fooof_L2,1.0,1.0,0.9954414379148533,1.0
sub-330,True,,paired,paired_lr_fooof_L2,0.0,0.0,0.000368035488490939,1.0
sub-333,True,,paired,paired_lr_fooof_L2,0.0,0.0,0.3549532901921062,1.0
sub-336,True,,paired,paired_lr_fooof_L2,1.0,1.0,0.9942250097315176,1.0
sub-348,True,,paired,paired_lr_fooof_L2,1.0,1.0,0.9756739787327844,1.0
sub-351,True,,paired,paired_lr_fooof_L2,0.0,0.0,0.04573328959483479,1.0
sub-359,True,,paired,paired_lr_fooof_L2,0.0,0.0,8.692915812674432e-05,1.0
sub-364,True,,paired,paired_lr_fooof_L2,1.0,1.0,0.9587529711595538,1.0
sub-373,True,,paired,paired_lr_fooof_L2,1.0,1.0,0.9994158864742877,1.0
sub-376,True,,paired,paired_lr_fooof_L2,1.0,1.0,0.9901377189888648,1.0
sub-378,True,,paired,paired_lr_fooof_L2,1.0,1.0,0.9754049581415596,1.0
sub-381,False,,paired,paired_lr_fooof_L2,0.0,1.0,0.7744255687883881,1.0
sub-384,True,,paired,paired_lr_fooof_L2,0.0,0.0,0.00015843927326607347,1.0
sub-388,True,,paired,paired_lr_fooof_L2,0.0,0.0,0.03719537407341724,1.0
sub-397,True,,paired,paired_lr_fooof_L2,0.0,0.0,0.0025660325713465306,1.0
sub-401,True,,paired,paired_lr_fooof_L2,0.0,0.0,0.34694744738470695,1.0
sub-405,True,,paired,paired_lr_fooof_L2,1.0,1.0,0.999383657768826,1.0
sub-408,True,,paired,paired_lr_fooof_L2,0.0,0.0,0.004865695854673411,1.0
sub-414,True,,paired,paired_lr_fooof_L2,1.0,1.0,0.9738755075389397,1.0
sub-418,True,,paired,paired_lr_fooof_L2,1.0,1.0,0.9986123299812552,1.0
sub-424,True,,paired,paired_lr_fooof_L2,1.0,1.0,0.9161219564124149,1.0
sub-441,True,,paired,paired_lr_fooof_L2,1.0,1.0,0.9888244017976345,1.0
sub-449,True,,paired,paired_lr_fooof_L2,1.0,1.0,0.9998003680923729,1.0
sub-451,True,,paired,paired_lr_fooof_L2,1.0,1.0,0.9998211780864834,1.0
sub-463,True,,paired,paired_lr_fooof_L2,0.0,0.0,0.004164499367399686,1.0
sub-465,False,,paired,paired_lr_fooof_L2,0.0,1.0,0.7305954430217855,1.0
sub-467,True,,paired,paired_lr_fooof_L2,1.0,1.0,0.9978760831282959,1.0
sub-470,True,,paired,paired_lr_fooof_L2,0.0,0.0,0.0003264969857733898,1.0
sub-471,True,,paired,paired_lr_fooof_L2,0.0,0.0,0.00013505559005219645,1.0
sub-476,True,,paired,paired_lr_fooof_L2,1.0,1.0,0.9999937386295515,1.0
sub-479,False,,paired,paired_lr_fooof_L2,1.0,0.0,0.36832893908077713,1.0
sub-481,True,,paired,paired_lr_fooof_L2,0.0,0.0,6.247012611245623e-05,1.0
sub-485,True,,paired,paired_lr_fooof_L2,1.0,1.0,0.999931696403905,1.0
sub-486,True,,paired,paired_lr_fooof_L2,0.0,0.0,0.4269878681589605,1.0
sub-490,True,,paired,paired_lr_fooof_L2,1.0,1.0,0.9027833587252689,1.0
sub-491,True,,paired,paired_lr_fooof_L2,0.0,0.0,0.0033547176329010763,1.0
sub-496,True,,paired,paired_lr_fooof_L2,1.0,1.0,0.9997444728691677,1.0
sub-499,True,,paired,paired_lr_fooof_L2,0.0,0.0,0.0015815381300072,1.0
sub-501,True,,paired,paired_lr_fooof_L2,1.0,1.0,0.9982819769654023,1.0
sub-502,True,,paired,paired_lr_fooof_L2,0.0,0.0,0.003129567965215709,1.0
sub-521,True,,paired,paired_lr_fooof_L2,1.0,1.0,0.9835050495554747,1.0
sub-524,True,,paired,paired_lr_fooof_L2,0.0,0.0,0.008066194015735965,1.0
sub-526,True,,paired,paired_lr_fooof_L2,1.0,1.0,0.9956528141830543,1.0
sub-530,True,,paired,paired_lr_fooof_L2,0.0,0.0,0.0028829655909318676,1.0
sub-535,True,,paired,paired_lr_fooof_L2,0.0,0.0,5.088591659071807e-06,1.0
sub-536,True,,paired,paired_lr_fooof_L2,0.0,0.0,0.12604146940545818,1.0
sub-540,True,,paired,paired_lr_fooof_L2,1.0,1.0,0.9978621412845441,1.0
sub-541,True,,paired,paired_lr_fooof_L2,1.0,1.0,0.9999658914280479,1.0
sub-543,False,,paired,paired_lr_fooof_L2,0.0,1.0,0.6296831719390951,1.0
sub-556,True,,paired,paired_lr_fooof_L2,1.0,1.0,0.9616273606644758,1.0
sub-557,True,,paired,paired_lr_fooof_L2,1.0,1.0,0.9970038274283901,1.0
sub-561,True,,paired,paired_lr_fooof_L2,0.0,0.0,0.41165214714288706,1.0
sub-565,True,,paired,paired_lr_fooof_L2,1.0,1.0,0.9865180028587898,1.0
sub-567,True,,paired,paired_lr_fooof_L2,0.0,0.0,0.042112981320820676,1.0
sub-568,True,,paired,paired_lr_fooof_L2,0.0,0.0,0.40956525796426235,1.0
sub-578,True,,paired,paired_lr_fooof_L2,0.0,0.0,0.0001548454356945157,1.0
sub-579,True,,paired,paired_lr_fooof_L2,0.0,0.0,0.028204143674021173,1.0
sub-582,True,,paired,paired_lr_fooof_L2,0.0,0.0,0.28751420907905273,1.0
sub-585,True,,paired,paired_lr_fooof_L2,0.0,0.0,0.0028291925797417697,1.0
sub-591,False,,paired,paired_lr_fooof_L2,0.0,1.0,0.7979360550462292,1.0
sub-595,False,,paired,paired_lr_fooof_L2,1.0,0.0,0.4087865074547177,1.0
sub-597,True,,paired,paired_lr_fooof_L2,0.0,0.0,0.004593330489592204,1.0
sub-599,True,,paired,paired_lr_fooof_L2,0.0,0.0,0.10965389578866871,1.0
sub-605,True,,paired,paired_lr_fooof_L2,0.0,0.0,0.0019949515496460093,1.0
sub-003,True,,paired,paired_lr_fooof_L2,1.0,1.0,0.9999875630892867,2.0
sub-005,True,,paired,paired_lr_fooof_L2,1.0,1.0,0.9998125333086191,2.0
sub-006,True,,paired,paired_lr_fooof_L2,0.0,0.0,0.001377544118210877,2.0
sub-010,True,,paired,paired_lr_fooof_L2,0.0,0.0,0.22618487103089682,2.0
sub-018,True,,paired,paired_lr_fooof_L2,0.0,0.0,0.06861898544735606,2.0
sub-023,True,,paired,paired_lr_fooof_L2,1.0,1.0,0.9991471811616558,2.0
sub-026,False,,paired,paired_lr_fooof_L2,1.0,0.0,0.2841050839946589,2.0
sub-030,True,,paired,paired_lr_fooof_L2,0.0,0.0,0.0849217951296482,2.0
sub-036,True,,paired,paired_lr_fooof_L2,0.0,0.0,0.4275292457017648,2.0
sub-046,True,,paired,paired_lr_fooof_L2,1.0,1.0,0.996354385339896,2.0
sub-047,True,,paired,paired_lr_fooof_L2,0.0,0.0,0.25762050615213683,2.0
sub-050,True,,paired,paired_lr_fooof_L2,1.0,1.0,0.6702501728009402,2.0
sub-053,True,,paired,paired_lr_fooof_L2,0.0,0.0,0.0038853981188417025,2.0
sub-057,True,,paired,paired_lr_fooof_L2,0.0,0.0,0.16656976326714018,2.0
sub-064,True,,paired,paired_lr_fooof_L2,0.0,0.0,0.0001945232398439601,2.0
sub-066,True,,paired,paired_lr_fooof_L2,1.0,1.0,0.9997990114476432,2.0
sub-077,True,,paired,paired_lr_fooof_L2,0.0,0.0,0.0006328846407006266,2.0
sub-080,True,,paired,paired_lr_fooof_L2,1.0,1.0,0.9998761503759978,2.0
sub-082,True,,paired,paired_lr_fooof_L2,0.0,0.0,0.002181979510425012,2.0
sub-086,True,,paired,paired_lr_fooof_L2,1.0,1.0,0.9989226593257375,2.0
sub-107,False,,paired,paired_lr_fooof_L2,1.0,0.0,0.2196108998467955,2.0
sub-109,True,,paired,paired_lr_fooof_L2,1.0,1.0,0.9553829967627664,2.0
sub-114,True,,paired,paired_lr_fooof_L2,0.0,0.0,0.027920913386133468,2.0
sub-116,True,,paired,paired_lr_fooof_L2,0.0,0.0,0.0006022324379149601,2.0
sub-118,True,,paired,paired_lr_fooof_L2,1.0,1.0,0.8592712156249165,2.0
sub-119,True,,paired,paired_lr_fooof_L2,1.0,1.0,0.9992074391460287,2.0
sub-121,True,,paired,paired_lr_fooof_L2,0.0,0.0,0.003671490538878986,2.0
sub-123,True,,paired,paired_lr_fooof_L2,1.0,1.0,0.9336509327314613,2.0
sub-126,True,,paired,paired_lr_fooof_L2,0.0,0.0,0.003214663240289926,2.0
sub-131,True,,paired,paired_lr_fooof_L2,1.0,1.0,0.9994820313500289,2.0
sub-133,True,,paired,paired_lr_fooof_L2,1.0,1.0,0.8599118681329722,2.0
sub-135,True,,paired,paired_lr_fooof_L2,1.0,1.0,0.9568593042326617,2.0
sub-136,True,,paired,paired_lr_fooof_L2,1.0,1.0,0.9961196386873986,2.0
sub-137,True,,paired,paired_lr_fooof_L2,1.0,1.0,0.9982883795735962,2.0
sub-144,True,,paired,paired_lr_fooof_L2,1.0,1.0,0.9963699842778677,2.0
sub-145,False,,paired,paired_lr_fooof_L2,0.0,1.0,0.5461159672204605,2.0
sub-147,True,,paired,paired_lr_fooof_L2,1.0,1.0,0.9998193038550489,2.0
sub-153,True,,paired,paired_lr_fooof_L2,0.0,0.0,0.09524208270639513,2.0
sub-158,True,,paired,paired_lr_fooof_L2,0.0,0.0,0.3845379420224605,2.0
sub-161,True,,paired,paired_lr_fooof_L2,0.0,0.0,0.007481962808454476,2.0
sub-162,True,,paired,paired_lr_fooof_L2,0.0,0.0,0.00021579270494141207,2.0
sub-163,True,,paired,paired_lr_fooof_L2,1.0,1.0,0.9579518744352724,2.0
sub-165,True,,paired,paired_lr_fooof_L2,1.0,1.0,0.9915852137945215,2.0
sub-169,True,,paired,paired_lr_fooof_L2,1.0,1.0,0.9971966897516121,2.0
sub-172,True,,paired,paired_lr_fooof_L2,0.0,0.0,0.013571516240330862,2.0
sub-181,True,,paired,paired_lr_fooof_L2,1.0,1.0,0.9998714465813769,2.0
sub-187,True,,paired,paired_lr_fooof_L2,1.0,1.0,0.9992779849098982,2.0
sub-191,True,,paired,paired_lr_fooof_L2,0.0,0.0,0.0008982632323261741,2.0
sub-194,True,,paired,paired_lr_fooof_L2,1.0,1.0,0.9329006081319673,2.0
sub-210,True,,paired,paired_lr_fooof_L2,0.0,0.0,0.007123278678604328,2.0
sub-217,True,,paired,paired_lr_fooof_L2,1.0,1.0,0.9994890502913513,2.0
sub-221,True,,paired,paired_lr_fooof_L2,1.0,1.0,0.9911651087063393,2.0
sub-223,True,,paired,paired_lr_fooof_L2,0.0,0.0,0.06925385161738218,2.0
sub-225,True,,paired,paired_lr_fooof_L2,1.0,1.0,0.9922063998455136,2.0
sub-226,True,,paired,paired_lr_fooof_L2,0.0,0.0,0.00015737172191264342,2.0
sub-233,True,,paired,paired_lr_fooof_L2,1.0,1.0,0.9644750822944451,2.0
sub-235,True,,paired,paired_lr_fooof_L2,1.0,1.0,0.9998174370634791,2.0
sub-238,True,,paired,paired_lr_fooof_L2,0.0,0.0,0.0011299251685164984,2.0
sub-255,True,,paired,paired_lr_fooof_L2,1.0,1.0,0.9086750542136891,2.0
sub-273,True,,paired,paired_lr_fooof_L2,1.0,1.0,0.886020410578285,2.0
sub-276,True,,paired,paired_lr_fooof_L2,1.0,1.0,0.9798901659806694,2.0
sub-280,True,,paired,paired_lr_fooof_L2,1.0,1.0,0.9992903409331497,2.0
sub-281,True,,paired,paired_lr_fooof_L2,0.0,0.0,5.55653167438441e-05,2.0
sub-286,True,,paired,paired_lr_fooof_L2,0.0,0.0,0.01943740498676466,2.0
sub-290,True,,paired,paired_lr_fooof_L2,1.0,1.0,0.9956888559347046,2.0
sub-295,True,,paired,paired_lr_fooof_L2,1.0,1.0,0.9738069097944668,2.0
sub-301,True,,paired,paired_lr_fooof_L2,0.0,0.0,0.004880656200090086,2.0
sub-305,True,,paired,paired_lr_fooof_L2,0.0,0.0,0.02961727226372186,2.0
sub-309,True,,paired,paired_lr_fooof_L2,0.0,0.0,0.1967206306950227,2.0
sub-315,True,,paired,paired_lr_fooof_L2,1.0,1.0,0.992786396591087,2.0
sub-317,True,,paired,paired_lr_fooof_L2,0.0,0.0,0.0018746759823440235,2.0
sub-322,True,,paired,paired_lr_fooof_L2,1.0,1.0,0.9977894493747728,2.0
sub-326,True,,paired,paired_lr_fooof_L2,0.0,0.0,0.020119460118148746,2.0
sub-329,True,,paired,paired_lr_fooof_L2,0.0,0.0,0.00013506436569729464,2.0
sub-341,True,,paired,paired_lr_fooof_L2,1.0,1.0,0.6629960652525505,2.0
sub-347,True,,paired,paired_lr_fooof_L2,1.0,1.0,0.9753568294617818,2.0
sub-349,True,,paired,paired_lr_fooof_L2,1.0,1.0,0.9405500078263983,2.0
sub-352,False,,paired,paired_lr_fooof_L2,0.0,1.0,0.6316216199838035,2.0
sub-353,True,,paired,paired_lr_fooof_L2,0.0,0.0,0.005530651810843585,2.0
sub-355,True,,paired,paired_lr_fooof_L2,0.0,0.0,0.0016040797463340703,2.0
sub-369,True,,paired,paired_lr_fooof_L2,0.0,0.0,0.0016087629308090359,2.0
sub-390,True,,paired,paired_lr_fooof_L2,1.0,1.0,0.9999702895759913,2.0
sub-392,True,,paired,paired_lr_fooof_L2,0.0,0.0,0.029200518919366227,2.0
sub-394,True,,paired,paired_lr_fooof_L2,0.0,0.0,0.006674316344338366,2.0
sub-396,True,,paired,paired_lr_fooof_L2,0.0,0.0,0.08816770348529594,2.0
sub-399,True,,paired,paired_lr_fooof_L2,0.0,0.0,0.4752848564075082,2.0
sub-403,True,,paired,paired_lr_fooof_L2,0.0,0.0,0.00875232744575456,2.0
sub-409,True,,paired,paired_lr_fooof_L2,1.0,1.0,0.9998436601896001,2.0
sub-410,True,,paired,paired_lr_fooof_L2,0.0,0.0,0.03031310371924856,2.0
sub-413,True,,paired,paired_lr_fooof_L2,1.0,1.0,0.999573642028724,2.0
sub-432,True,,paired,paired_lr_fooof_L2,1.0,1.0,0.7577438544553192,2.0
sub-433,True,,paired,paired_lr_fooof_L2,0.0,0.0,0.1515132276417942,2.0
sub-446,True,,paired,paired_lr_fooof_L2,0.0,0.0,0.00829424449089137,2.0
sub-447,True,,paired,paired_lr_fooof_L2,0.0,0.0,0.24855295893172485,2.0
sub-450,True,,paired,paired_lr_fooof_L2,0.0,0.0,0.017318141115872383,2.0
sub-452,True,,paired,paired_lr_fooof_L2,1.0,1.0,0.9903745882667803,2.0
sub-457,True,,paired,paired_lr_fooof_L2,0.0,0.0,0.003873874711595698,2.0
sub-464,True,,paired,paired_lr_fooof_L2,0.0,0.0,2.1032296153325443e-05,2.0
sub-478,True,,paired,paired_lr_fooof_L2,1.0,1.0,0.9999907385589412,2.0
sub-480,False,,paired,paired_lr_fooof_L2,0.0,1.0,0.9476578928163405,2.0
sub-489,True,,paired,paired_lr_fooof_L2,1.0,1.0,0.9974687413551268,2.0
sub-494,True,,paired,paired_lr_fooof_L2,1.0,1.0,0.9993757952232932,2.0
sub-509,True,,paired,paired_lr_fooof_L2,1.0,1.0,0.9991871915179015,2.0
sub-511,True,,paired,paired_lr_fooof_L2,1.0,1.0,0.9995168258652338,2.0
sub-520,True,,paired,paired_lr_fooof_L2,0.0,0.0,0.006618627440324722,2.0
sub-525,True,,paired,paired_lr_fooof_L2,0.0,0.0,0.00048615776622413365,2.0
sub-527,True,,paired,paired_lr_fooof_L2,1.0,1.0,0.9997736655369431,2.0
sub-532,True,,paired,paired_lr_fooof_L2,0.0,0.0,0.4564036172429746,2.0
sub-534,True,,paired,paired_lr_fooof_L2,0.0,0.0,0.4147887172006328,2.0
sub-553,True,,paired,paired_lr_fooof_L2,0.0,0.0,0.36585111599649073,2.0
sub-558,True,,paired,paired_lr_fooof_L2,0.0,0.0,0.03688219589303335,2.0
sub-566,True,,paired,paired_lr_fooof_L2,0.0,0.0,0.0046758668709483255,2.0
sub-583,True,,paired,paired_lr_fooof_L2,1.0,1.0,0.9999847821115386,2.0
sub-584,True,,paired,paired_lr_fooof_L2,1.0,1.0,0.8566845597991616,2.0
sub-588,True,,paired,paired_lr_fooof_L2,0.0,0.0,0.1688209034797632,2.0
sub-602,True,,paired,paired_lr_fooof_L2,1.0,1.0,0.9056905673681339,2.0
sub-606,True,,paired,paired_lr_fooof_L2,1.0,1.0,0.999536797696879,2.0
sub-608,True,,paired,paired_lr_fooof_L2,1.0,1.0,0.9039584274059521,2.0
sub-002,True,,paired,paired_lr_fooof_L2,1.0,1.0,0.9995464497115719,3.0
sub-024,True,,paired,paired_lr_fooof_L2,1.0,1.0,0.9986956399594757,3.0
sub-028,True,,paired,paired_lr_fooof_L2,0.0,0.0,0.41491630578621314,3.0
sub-035,True,,paired,paired_lr_fooof_L2,1.0,1.0,0.6812404187825489,3.0
sub-039,True,,paired,paired_lr_fooof_L2,1.0,1.0,0.9859314547796069,3.0
sub-040,True,,paired,paired_lr_fooof_L2,1.0,1.0,0.7924410989984991,3.0
sub-044,True,,paired,paired_lr_fooof_L2,1.0,1.0,0.8502620946964389,3.0
sub-058,True,,paired,paired_lr_fooof_L2,1.0,1.0,0.8395969933882108,3.0
sub-068,True,,paired,paired_lr_fooof_L2,0.0,0.0,0.0005805962279373096,3.0
sub-069,False,,paired,paired_lr_fooof_L2,1.0,0.0,0.3529498733036543,3.0
sub-076,True,,paired,paired_lr_fooof_L2,1.0,1.0,0.999733956660616,3.0
sub-078,True,,paired,paired_lr_fooof_L2,0.0,0.0,0.12818902170934138,3.0
sub-089,True,,paired,paired_lr_fooof_L2,1.0,1.0,0.998041368422229,3.0
sub-090,True,,paired,paired_lr_fooof_L2,1.0,1.0,0.9999141822669154,3.0
sub-091,True,,paired,paired_lr_fooof_L2,1.0,1.0,0.9998653629302735,3.0
sub-093,True,,paired,paired_lr_fooof_L2,0.0,0.0,0.07043933336358188,3.0
sub-097,True,,paired,paired_lr_fooof_L2,0.0,0.0,0.005202903509523867,3.0
sub-098,True,,paired,paired_lr_fooof_L2,0.0,0.0,0.004243481500302296,3.0
sub-102,True,,paired,paired_lr_fooof_L2,1.0,1.0,0.9999845551491598,3.0
sub-103,True,,paired,paired_lr_fooof_L2,1.0,1.0,0.8676355014221294,3.0
sub-129,True,,paired,paired_lr_fooof_L2,1.0,1.0,0.9995571451357621,3.0
sub-140,True,,paired,paired_lr_fooof_L2,0.0,0.0,0.3641946842775717,3.0
sub-141,True,,paired,paired_lr_fooof_L2,0.0,0.0,0.03751672249861532,3.0
sub-146,True,,paired,paired_lr_fooof_L2,0.0,0.0,7.021479933960727e-05,3.0
sub-150,True,,paired,paired_lr_fooof_L2,1.0,1.0,0.6270048081221353,3.0
sub-159,True,,paired,paired_lr_fooof_L2,1.0,1.0,0.9342647857707058,3.0
sub-166,True,,paired,paired_lr_fooof_L2,0.0,0.0,0.052067754226268644,3.0
sub-167,True,,paired,paired_lr_fooof_L2,0.0,0.0,0.0009844552984344921,3.0
sub-173,True,,paired,paired_lr_fooof_L2,1.0,1.0,0.9999303018169065,3.0
sub-174,True,,paired,paired_lr_fooof_L2,1.0,1.0,0.9798186075473063,3.0
sub-177,True,,paired,paired_lr_fooof_L2,1.0,1.0,0.999949650813659,3.0
sub-180,True,,paired,paired_lr_fooof_L2,1.0,1.0,0.9986763408028568,3.0
sub-182,True,,paired,paired_lr_fooof_L2,0.0,0.0,0.0007531988652090399,3.0
sub-184,True,,paired,paired_lr_fooof_L2,1.0,1.0,0.9990521056139802,3.0
sub-192,True,,paired,paired_lr_fooof_L2,1.0,1.0,0.9990072864075032,3.0
sub-193,True,,paired,paired_lr_fooof_L2,1.0,1.0,0.999752973845893,3.0
sub-201,True,,paired,paired_lr_fooof_L2,1.0,1.0,0.8563206594249088,3.0
sub-202,True,,paired,paired_lr_fooof_L2,0.0,0.0,0.356032370599534,3.0
sub-219,True,,paired,paired_lr_fooof_L2,1.0,1.0,0.992950741726856,3.0
sub-222,True,,paired,paired_lr_fooof_L2,0.0,0.0,0.002603661298908528,3.0
sub-228,False,,paired,paired_lr_fooof_L2,1.0,0.0,0.36829401078606094,3.0
sub-231,True,,paired,paired_lr_fooof_L2,0.0,0.0,0.0059437494631346685,3.0
sub-240,True,,paired,paired_lr_fooof_L2,0.0,0.0,0.0007358363194773451,3.0
sub-245,True,,paired,paired_lr_fooof_L2,0.0,0.0,0.32157811444522494,3.0
sub-248,True,,paired,paired_lr_fooof_L2,0.0,0.0,0.00115132646852567,3.0
sub-249,True,,paired,paired_lr_fooof_L2,1.0,1.0,0.6401767979921099,3.0
sub-253,True,,paired,paired_lr_fooof_L2,0.0,0.0,0.00286838252470348,3.0
sub-254,True,,paired,paired_lr_fooof_L2,0.0,0.0,0.008501510868536729,3.0
sub-257,True,,paired,paired_lr_fooof_L2,1.0,1.0,0.6550860007274041,3.0
sub-260,True,,paired,paired_lr_fooof_L2,1.0,1.0,0.7973795082086205,3.0
sub-261,True,,paired,paired_lr_fooof_L2,0.0,0.0,0.028172537233720683,3.0
sub-263,False,,paired,paired_lr_fooof_L2,0.0,1.0,0.5623170498149493,3.0
sub-265,True,,paired,paired_lr_fooof_L2,0.0,0.0,0.0018887291312971815,3.0
sub-268,True,,paired,paired_lr_fooof_L2,1.0,1.0,0.5810601574367615,3.0
sub-271,True,,paired,paired_lr_fooof_L2,0.0,0.0,0.0025717634280649376,3.0
sub-274,True,,paired,paired_lr_fooof_L2,0.0,0.0,0.13718781696213556,3.0
sub-277,True,,paired,paired_lr_fooof_L2,0.0,0.0,0.23786809728359265,3.0
sub-284,True,,paired,paired_lr_fooof_L2,1.0,1.0,0.9783230180740956,3.0
sub-294,True,,paired,paired_lr_fooof_L2,0.0,0.0,0.001310966019528296,3.0
sub-303,True,,paired,paired_lr_fooof_L2,1.0,1.0,0.9445841651717558,3.0
sub-312,True,,paired,paired_lr_fooof_L2,0.0,0.0,0.01528552269448127,3.0
sub-324,True,,paired,paired_lr_fooof_L2,1.0,1.0,0.7226070354353245,3.0
sub-328,True,,paired,paired_lr_fooof_L2,0.0,0.0,0.0041864441167080635,3.0
sub-331,True,,paired,paired_lr_fooof_L2,1.0,1.0,0.9812888291953917,3.0
sub-334,True,,paired,paired_lr_fooof_L2,0.0,0.0,0.013492939641236847,3.0
sub-338,True,,paired,paired_lr_fooof_L2,0.0,0.0,0.014954334297597986,3.0
sub-340,True,,paired,paired_lr_fooof_L2,0.0,0.0,0.10369597323690471,3.0
sub-350,True,,paired,paired_lr_fooof_L2,1.0,1.0,0.9773796521286704,3.0
sub-363,True,,paired,paired_lr_fooof_L2,0.0,0.0,0.019027345927289427,3.0
sub-366,True,,paired,paired_lr_fooof_L2,0.0,0.0,0.31944961511363745,3.0
sub-370,True,,paired,paired_lr_fooof_L2,0.0,0.0,0.003101730074683109,3.0
sub-377,True,,paired,paired_lr_fooof_L2,1.0,1.0,0.7543117310117666,3.0
sub-382,False,,paired,paired_lr_fooof_L2,0.0,1.0,0.7564643042366331,3.0
sub-383,True,,paired,paired_lr_fooof_L2,1.0,1.0,0.998061983179026,3.0
sub-389,True,,paired,paired_lr_fooof_L2,1.0,1.0,0.9800813510436527,3.0
sub-391,True,,paired,paired_lr_fooof_L2,1.0,1.0,0.999059639453654,3.0
sub-398,True,,paired,paired_lr_fooof_L2,1.0,1.0,0.9999373181023926,3.0
sub-417,True,,paired,paired_lr_fooof_L2,1.0,1.0,0.924975261633333,3.0
sub-419,True,,paired,paired_lr_fooof_L2,1.0,1.0,0.9999921861049217,3.0
sub-421,True,,paired,paired_lr_fooof_L2,1.0,1.0,0.9999687050102826,3.0
sub-427,True,,paired,paired_lr_fooof_L2,0.0,0.0,0.038125434413158785,3.0
sub-428,True,,paired,paired_lr_fooof_L2,0.0,0.0,0.028800506456251585,3.0
sub-453,True,,paired,paired_lr_fooof_L2,0.0,0.0,0.347872944270522,3.0
sub-459,True,,paired,paired_lr_fooof_L2,0.0,0.0,0.006938241616159032,3.0
sub-461,True,,paired,paired_lr_fooof_L2,1.0,1.0,0.998530571108046,3.0
sub-462,True,,paired,paired_lr_fooof_L2,0.0,0.0,0.011246437159818512,3.0
sub-466,True,,paired,paired_lr_fooof_L2,0.0,0.0,0.01819767566023554,3.0
sub-469,True,,paired,paired_lr_fooof_L2,1.0,1.0,0.9987589623432162,3.0
sub-477,True,,paired,paired_lr_fooof_L2,0.0,0.0,0.006277353368054465,3.0
sub-482,True,,paired,paired_lr_fooof_L2,1.0,1.0,0.8390576058429285,3.0
sub-483,True,,paired,paired_lr_fooof_L2,0.0,0.0,0.12152961897788649,3.0
sub-484,True,,paired,paired_lr_fooof_L2,0.0,0.0,0.36790040727076523,3.0
sub-488,False,,paired,paired_lr_fooof_L2,1.0,0.0,0.4387054538400493,3.0
sub-492,True,,paired,paired_lr_fooof_L2,1.0,1.0,0.7938354615296701,3.0
sub-493,True,,paired,paired_lr_fooof_L2,0.0,0.0,0.029328497808971777,3.0
sub-500,True,,paired,paired_lr_fooof_L2,0.0,0.0,0.028208431301297902,3.0
sub-503,True,,paired,paired_lr_fooof_L2,0.0,0.0,0.07107934121460507,3.0
sub-504,True,,paired,paired_lr_fooof_L2,1.0,1.0,0.993610786193564,3.0
sub-514,True,,paired,paired_lr_fooof_L2,0.0,0.0,0.029121926967910734,3.0
sub-516,True,,paired,paired_lr_fooof_L2,0.0,0.0,0.00010096003560298567,3.0
sub-517,True,,paired,paired_lr_fooof_L2,0.0,0.0,0.0064802512071316905,3.0
sub-519,True,,paired,paired_lr_fooof_L2,0.0,0.0,0.3547785249443329,3.0
sub-522,True,,paired,paired_lr_fooof_L2,0.0,0.0,0.029122438185409764,3.0
sub-528,True,,paired,paired_lr_fooof_L2,1.0,1.0,0.99996250667721,3.0
sub-531,True,,paired,paired_lr_fooof_L2,0.0,0.0,0.04829587357391603,3.0
sub-533,True,,paired,paired_lr_fooof_L2,1.0,1.0,0.9703608794359562,3.0
sub-542,True,,paired,paired_lr_fooof_L2,1.0,1.0,0.9987462050572767,3.0
sub-546,True,,paired,paired_lr_fooof_L2,0.0,0.0,0.04734806411687077,3.0
sub-549,True,,paired,paired_lr_fooof_L2,0.0,0.0,0.09185418409579793,3.0
sub-550,True,,paired,paired_lr_fooof_L2,1.0,1.0,0.9985894206489527,3.0
sub-569,True,,paired,paired_lr_fooof_L2,1.0,1.0,0.9224687737406463,3.0
sub-575,True,,paired,paired_lr_fooof_L2,1.0,1.0,0.9776851087243292,3.0
sub-576,True,,paired,paired_lr_fooof_L2,1.0,1.0,0.999864643221365,3.0
sub-577,True,,paired,paired_lr_fooof_L2,0.0,0.0,0.0002874412892340429,3.0
sub-580,True,,paired,paired_lr_fooof_L2,1.0,1.0,0.9995939115931631,3.0
sub-586,True,,paired,paired_lr_fooof_L2,0.0,0.0,0.0003057562136174772,3.0
sub-592,True,,paired,paired_lr_fooof_L2,1.0,1.0,0.584118249949276,3.0
sub-600,True,,paired,paired_lr_fooof_L2,0.0,0.0,0.0008375132568539086,3.0
sub-011,True,,paired,paired_lr_fooof_L2,0.0,0.0,0.44547519902946275,4.0
sub-019,True,,paired,paired_lr_fooof_L2,0.0,0.0,0.02901493516911683,4.0
sub-025,True,,paired,paired_lr_fooof_L2,1.0,1.0,0.9563082183887204,4.0
sub-027,True,,paired,paired_lr_fooof_L2,1.0,1.0,0.8414179334114791,4.0
sub-033,True,,paired,paired_lr_fooof_L2,1.0,1.0,0.9995609430544046,4.0
sub-034,True,,paired,paired_lr_fooof_L2,1.0,1.0,0.9080834657069065,4.0
sub-038,True,,paired,paired_lr_fooof_L2,0.0,0.0,0.4362516826885097,4.0
sub-042,True,,paired,paired_lr_fooof_L2,0.0,0.0,0.3041795646896612,4.0
sub-043,True,,paired,paired_lr_fooof_L2,0.0,0.0,0.006258808873863819,4.0
sub-049,True,,paired,paired_lr_fooof_L2,0.0,0.0,0.0336007999992802,4.0
sub-059,True,,paired,paired_lr_fooof_L2,1.0,1.0,0.9998424325027545,4.0
sub-060,True,,paired,paired_lr_fooof_L2,1.0,1.0,0.9434460374742901,4.0
sub-062,True,,paired,paired_lr_fooof_L2,1.0,1.0,0.9575090851704752,4.0
sub-063,True,,paired,paired_lr_fooof_L2,1.0,1.0,0.9472734199784055,4.0
sub-065,True,,paired,paired_lr_fooof_L2,1.0,1.0,0.9986697280483645,4.0
sub-067,True,,paired,paired_lr_fooof_L2,1.0,1.0,0.9955177345752153,4.0
sub-072,True,,paired,paired_lr_fooof_L2,1.0,1.0,0.9994969901647638,4.0
sub-074,True,,paired,paired_lr_fooof_L2,1.0,1.0,0.9083270104802824,4.0
sub-075,True,,paired,paired_lr_fooof_L2,1.0,1.0,0.9990244881375983,4.0
sub-083,True,,paired,paired_lr_fooof_L2,1.0,1.0,0.9962026214269203,4.0
sub-088,True,,paired,paired_lr_fooof_L2,0.0,0.0,0.005173302497140546,4.0
sub-111,True,,paired,paired_lr_fooof_L2,0.0,0.0,0.00617931418471034,4.0
sub-113,True,,paired,paired_lr_fooof_L2,1.0,1.0,0.9927165479532618,4.0
sub-115,True,,paired,paired_lr_fooof_L2,1.0,1.0,0.9953459783402634,4.0
sub-117,False,,paired,paired_lr_fooof_L2,1.0,0.0,0.47336071114975575,4.0
sub-122,False,,paired,paired_lr_fooof_L2,0.0,1.0,0.7282242208796744,4.0
sub-127,False,,paired,paired_lr_fooof_L2,1.0,0.0,0.4133589256143358,4.0
sub-130,True,,paired,paired_lr_fooof_L2,0.0,0.0,0.04217832109215123,4.0
sub-139,False,,paired,paired_lr_fooof_L2,0.0,1.0,0.5785567813638453,4.0
sub-142,True,,paired,paired_lr_fooof_L2,0.0,0.0,0.05585397555651847,4.0
sub-151,True,,paired,paired_lr_fooof_L2,0.0,0.0,0.01184988519398274,4.0
sub-157,True,,paired,paired_lr_fooof_L2,0.0,0.0,0.007276782244483433,4.0
sub-168,True,,paired,paired_lr_fooof_L2,0.0,0.0,0.00048304133333270874,4.0
sub-170,True,,paired,paired_lr_fooof_L2,0.0,0.0,0.00039556855159829233,4.0
sub-176,True,,paired,paired_lr_fooof_L2,1.0,1.0,0.7168695334492933,4.0
sub-186,True,,paired,paired_lr_fooof_L2,0.0,0.0,0.20903823045724715,4.0
sub-189,True,,paired,paired_lr_fooof_L2,0.0,0.0,0.06281394457122043,4.0
sub-197,True,,paired,paired_lr_fooof_L2,1.0,1.0,0.7421968825963567,4.0
sub-203,True,,paired,paired_lr_fooof_L2,0.0,0.0,0.0858830751383985,4.0
sub-205,True,,paired,paired_lr_fooof_L2,0.0,0.0,0.0051934411292043035,4.0
sub-207,True,,paired,paired_lr_fooof_L2,0.0,0.0,0.07361626815120015,4.0
sub-209,True,,paired,paired_lr_fooof_L2,0.0,0.0,0.2636391976946348,4.0
sub-211,True,,paired,paired_lr_fooof_L2,0.0,0.0,0.0004962341858711591,4.0
sub-212,True,,paired,paired_lr_fooof_L2,1.0,1.0,0.998749019968131,4.0
sub-218,True,,paired,paired_lr_fooof_L2,0.0,0.0,0.012652691798671643,4.0
sub-227,True,,paired,paired_lr_fooof_L2,1.0,1.0,0.8459467154578144,4.0
sub-229,True,,paired,paired_lr_fooof_L2,0.0,0.0,0.011051229748476351,4.0
sub-237,True,,paired,paired_lr_fooof_L2,1.0,1.0,0.994596998423852,4.0
sub-241,True,,paired,paired_lr_fooof_L2,1.0,1.0,0.9416767345294259,4.0
sub-247,True,,paired,paired_lr_fooof_L2,0.0,0.0,0.0003620759529086812,4.0
sub-252,True,,paired,paired_lr_fooof_L2,0.0,0.0,0.13210852392876077,4.0
sub-256,True,,paired,paired_lr_fooof_L2,1.0,1.0,0.8621145100864812,4.0
sub-262,True,,paired,paired_lr_fooof_L2,0.0,0.0,0.0004547474312241078,4.0
sub-264,True,,paired,paired_lr_fooof_L2,1.0,1.0,0.7131644650839577,4.0
sub-272,True,,paired,paired_lr_fooof_L2,0.0,0.0,0.002582010591735632,4.0
sub-279,True,,paired,paired_lr_fooof_L2,1.0,1.0,0.9993601963580606,4.0
sub-282,True,,paired,paired_lr_fooof_L2,1.0,1.0,0.9929254946739903,4.0
sub-287,True,,paired,paired_lr_fooof_L2,1.0,1.0,0.999569317077151,4.0
sub-289,True,,paired,paired_lr_fooof_L2,1.0,1.0,0.9930209441163881,4.0
sub-291,True,,paired,paired_lr_fooof_L2,0.0,0.0,0.0212843622176475,4.0
sub-292,True,,paired,paired_lr_fooof_L2,0.0,0.0,0.0010555331797224982,4.0
sub-297,True,,paired,paired_lr_fooof_L2,1.0,1.0,0.9540005069322591,4.0
sub-300,True,,paired,paired_lr_fooof_L2,0.0,0.0,0.002096294204833798,4.0
sub-304,True,,paired,paired_lr_fooof_L2,1.0,1.0,0.7301648448388681,4.0
sub-311,True,,paired,paired_lr_fooof_L2,0.0,0.0,0.3172875223037526,4.0
sub-313,True,,paired,paired_lr_fooof_L2,1.0,1.0,0.5491399689543078,4.0
sub-318,True,,paired,paired_lr_fooof_L2,1.0,1.0,0.9697233281871462,4.0
sub-323,True,,paired,paired_lr_fooof_L2,1.0,1.0,0.8372536463376951,4.0
sub-354,True,,paired,paired_lr_fooof_L2,1.0,1.0,0.5859119633469109,4.0
sub-356,True,,paired,paired_lr_fooof_L2,0.0,0.0,0.0249348750402926,4.0
sub-357,True,,paired,paired_lr_fooof_L2,0.0,0.0,0.015423840224154538,4.0
sub-358,True,,paired,paired_lr_fooof_L2,1.0,1.0,0.8818642710619076,4.0
sub-361,True,,paired,paired_lr_fooof_L2,0.0,0.0,0.0005177036023612212,4.0
sub-362,True,,paired,paired_lr_fooof_L2,1.0,1.0,0.5999680953385013,4.0
sub-375,True,,paired,paired_lr_fooof_L2,1.0,1.0,0.9977757177028785,4.0
sub-379,True,,paired,paired_lr_fooof_L2,1.0,1.0,0.9983166503504377,4.0
sub-380,True,,paired,paired_lr_fooof_L2,0.0,0.0,0.0030604656812974846,4.0
sub-386,True,,paired,paired_lr_fooof_L2,1.0,1.0,0.969491463736881,4.0
sub-400,True,,paired,paired_lr_fooof_L2,0.0,0.0,0.00159592248776761,4.0
sub-412,True,,paired,paired_lr_fooof_L2,0.0,0.0,0.013221228716707705,4.0
sub-415,True,,paired,paired_lr_fooof_L2,0.0,0.0,0.13394122587085958,4.0
sub-416,False,,paired,paired_lr_fooof_L2,1.0,0.0,0.4931246107805925,4.0
sub-423,True,,paired,paired_lr_fooof_L2,0.0,0.0,4.691852534788691e-05,4.0
sub-425,True,,paired,paired_lr_fooof_L2,0.0,0.0,0.20931699121088507,4.0
sub-429,True,,paired,paired_lr_fooof_L2,0.0,0.0,0.12895069368891698,4.0
sub-434,True,,paired,paired_lr_fooof_L2,1.0,1.0,0.9948387363804801,4.0
sub-435,True,,paired,paired_lr_fooof_L2,0.0,0.0,0.0034733588501908302,4.0
sub-436,True,,paired,paired_lr_fooof_L2,1.0,1.0,0.9968781090628438,4.0
sub-437,True,,paired,paired_lr_fooof_L2,0.0,0.0,0.003197437629105602,4.0
sub-442,True,,paired,paired_lr_fooof_L2,1.0,1.0,0.97426937415826,4.0
sub-448,True,,paired,paired_lr_fooof_L2,1.0,1.0,0.9995798077304773,4.0
sub-455,True,,paired,paired_lr_fooof_L2,1.0,1.0,0.7926826244184935,4.0
sub-458,True,,paired,paired_lr_fooof_L2,0.0,0.0,0.031788840641171975,4.0
sub-460,True,,paired,paired_lr_fooof_L2,1.0,1.0,0.9999421914993826,4.0
sub-468,True,,paired,paired_lr_fooof_L2,1.0,1.0,0.8149252975264849,4.0
sub-473,True,,paired,paired_lr_fooof_L2,1.0,1.0,0.9702624247104253,4.0
sub-474,True,,paired,paired_lr_fooof_L2,1.0,1.0,0.99577175190689,4.0
sub-495,True,,paired,paired_lr_fooof_L2,1.0,1.0,0.9999711171317923,4.0
sub-497,True,,paired,paired_lr_fooof_L2,0.0,0.0,0.19583032529385777,4.0
sub-507,True,,paired,paired_lr_fooof_L2,1.0,1.0,0.9793326039840544,4.0
sub-513,True,,paired,paired_lr_fooof_L2,0.0,0.0,0.014073832524571074,4.0
sub-515,True,,paired,paired_lr_fooof_L2,0.0,0.0,0.0005533567186349824,4.0
sub-518,True,,paired,paired_lr_fooof_L2,0.0,0.0,0.001173051551315066,4.0
sub-538,True,,paired,paired_lr_fooof_L2,0.0,0.0,0.40435865058632964,4.0
sub-544,True,,paired,paired_lr_fooof_L2,1.0,1.0,0.9727270319364032,4.0
sub-547,True,,paired,paired_lr_fooof_L2,1.0,1.0,0.9858452141099469,4.0
sub-552,True,,paired,paired_lr_fooof_L2,0.0,0.0,0.0010489553257821628,4.0
sub-554,True,,paired,paired_lr_fooof_L2,0.0,0.0,0.000976591528032283,4.0
sub-559,True,,paired,paired_lr_fooof_L2,0.0,0.0,0.21883251669345155,4.0
sub-562,True,,paired,paired_lr_fooof_L2,0.0,0.0,0.22434971465181194,4.0
sub-563,True,,paired,paired_lr_fooof_L2,1.0,1.0,0.9795608650194693,4.0
sub-571,True,,paired,paired_lr_fooof_L2,1.0,1.0,0.9995789133406215,4.0
sub-574,True,,paired,paired_lr_fooof_L2,0.0,0.0,0.00034240820939405845,4.0
sub-581,True,,paired,paired_lr_fooof_L2,0.0,0.0,0.00033694241844862743,4.0
sub-587,True,,paired,paired_lr_fooof_L2,1.0,1.0,0.9411483759885728,4.0
sub-590,True,,paired,paired_lr_fooof_L2,0.0,0.0,2.0902473286678695e-05,4.0
sub-598,True,,paired,paired_lr_fooof_L2,0.0,0.0,0.07061864600451727,4.0
sub-601,True,,paired,paired_lr_fooof_L2,1.0,1.0,0.9405552771332631,4.0
sub-001,True,,paired,paired_lr_fooof_L2,1.0,1.0,0.999556831174838,5.0
sub-007,True,,paired,paired_lr_fooof_L2,0.0,0.0,0.0039465449532035315,5.0
sub-008,True,,paired,paired_lr_fooof_L2,0.0,0.0,0.005827372782018121,5.0
sub-009,False,,paired,paired_lr_fooof_L2,1.0,0.0,0.00374008727635526,5.0
sub-012,True,,paired,paired_lr_fooof_L2,0.0,0.0,0.09838426217257422,5.0
sub-020,True,,paired,paired_lr_fooof_L2,1.0,1.0,0.9000477467445102,5.0
sub-021,True,,paired,paired_lr_fooof_L2,1.0,1.0,0.9875965934267937,5.0
sub-029,True,,paired,paired_lr_fooof_L2,1.0,1.0,0.9906960638835028,5.0
sub-037,True,,paired,paired_lr_fooof_L2,0.0,0.0,0.044068806245304,5.0
sub-052,True,,paired,paired_lr_fooof_L2,0.0,0.0,0.00017253919998233192,5.0
sub-054,True,,paired,paired_lr_fooof_L2,1.0,1.0,0.9997835790196544,5.0
sub-055,True,,paired,paired_lr_fooof_L2,0.0,0.0,0.008880567296457404,5.0
sub-056,True,,paired,paired_lr_fooof_L2,1.0,1.0,0.9192199583719763,5.0
sub-071,True,,paired,paired_lr_fooof_L2,1.0,1.0,0.9995697195101432,5.0
sub-084,True,,paired,paired_lr_fooof_L2,0.0,0.0,0.4263375698766627,5.0
sub-095,False,,paired,paired_lr_fooof_L2,1.0,0.0,0.45496667104238653,5.0
sub-101,True,,paired,paired_lr_fooof_L2,0.0,0.0,0.012708630063629444,5.0
sub-104,True,,paired,paired_lr_fooof_L2,0.0,0.0,0.10594284604691602,5.0
sub-120,True,,paired,paired_lr_fooof_L2,1.0,1.0,0.5920110663678454,5.0
sub-124,True,,paired,paired_lr_fooof_L2,0.0,0.0,0.025842699341450514,5.0
sub-125,True,,paired,paired_lr_fooof_L2,0.0,0.0,0.021676285679595887,5.0
sub-128,True,,paired,paired_lr_fooof_L2,0.0,0.0,0.14746000711123272,5.0
sub-134,True,,paired,paired_lr_fooof_L2,0.0,0.0,0.01711327992279482,5.0
sub-149,True,,paired,paired_lr_fooof_L2,0.0,0.0,0.000802870885950864,5.0
sub-156,True,,paired,paired_lr_fooof_L2,1.0,1.0,0.9912928641702041,5.0
sub-160,True,,paired,paired_lr_fooof_L2,1.0,1.0,0.6743327015324625,5.0
sub-171,True,,paired,paired_lr_fooof_L2,1.0,1.0,0.9802364542718827,5.0
sub-175,True,,paired,paired_lr_fooof_L2,0.0,0.0,0.13820587012422308,5.0
sub-179,True,,paired,paired_lr_fooof_L2,0.0,0.0,0.006536911837051824,5.0
sub-183,True,,paired,paired_lr_fooof_L2,0.0,0.0,0.008043965304506687,5.0
sub-190,True,,paired,paired_lr_fooof_L2,1.0,1.0,0.9922913851078226,5.0
sub-195,True,,paired,paired_lr_fooof_L2,1.0,1.0,0.999603046745041,5.0
sub-200,False,,paired,paired_lr_fooof_L2,1.0,0.0,0.3951594184346101,5.0
sub-204,True,,paired,paired_lr_fooof_L2,0.0,0.0,0.002549407773318962,5.0
sub-206,True,,paired,paired_lr_fooof_L2,1.0,1.0,0.9982649062114778,5.0
sub-213,True,,paired,paired_lr_fooof_L2,0.0,0.0,0.07124731874688048,5.0
sub-214,True,,paired,paired_lr_fooof_L2,1.0,1.0,0.9668804372535451,5.0
sub-215,True,,paired,paired_lr_fooof_L2,0.0,0.0,3.2408597193119706e-06,5.0
sub-224,True,,paired,paired_lr_fooof_L2,1.0,1.0,0.9920505650272355,5.0
sub-234,True,,paired,paired_lr_fooof_L2,1.0,1.0,0.9806524441415754,5.0
sub-239,True,,paired,paired_lr_fooof_L2,0.0,0.0,0.0019046553135520798,5.0
sub-242,True,,paired,paired_lr_fooof_L2,0.0,0.0,0.0010645365498163615,5.0
sub-243,True,,paired,paired_lr_fooof_L2,1.0,1.0,0.6842293499556557,5.0
sub-244,True,,paired,paired_lr_fooof_L2,0.0,0.0,0.10028572210758553,5.0
sub-246,True,,paired,paired_lr_fooof_L2,1.0,1.0,0.9999810316210882,5.0
sub-250,True,,paired,paired_lr_fooof_L2,1.0,1.0,0.9998657863293519,5.0
sub-258,True,,paired,paired_lr_fooof_L2,0.0,0.0,0.001651684849010481,5.0
sub-259,True,,paired,paired_lr_fooof_L2,0.0,0.0,0.0008487915162773248,5.0
sub-267,True,,paired,paired_lr_fooof_L2,1.0,1.0,0.9999756295191519,5.0
sub-269,True,,paired,paired_lr_fooof_L2,0.0,0.0,0.008383024955363269,5.0
sub-283,True,,paired,paired_lr_fooof_L2,0.0,0.0,0.0009404909586224349,5.0
sub-285,True,,paired,paired_lr_fooof_L2,1.0,1.0,0.9567975568729373,5.0
sub-293,True,,paired,paired_lr_fooof_L2,1.0,1.0,0.9843449836264749,5.0
sub-307,True,,paired,paired_lr_fooof_L2,0.0,0.0,0.04519263918317232,5.0
sub-308,True,,paired,paired_lr_fooof_L2,1.0,1.0,0.979553357715798,5.0
sub-316,True,,paired,paired_lr_fooof_L2,1.0,1.0,0.8460670206928765,5.0
sub-327,True,,paired,paired_lr_fooof_L2,1.0,1.0,0.9908088585245682,5.0
sub-335,True,,paired,paired_lr_fooof_L2,1.0,1.0,0.9981604930361037,5.0
sub-337,True,,paired,paired_lr_fooof_L2,0.0,0.0,0.0014119866765528123,5.0
sub-339,True,,paired,paired_lr_fooof_L2,1.0,1.0,0.6090532182411595,5.0
sub-342,True,,paired,paired_lr_fooof_L2,0.0,0.0,0.0002412975490333608,5.0
sub-343,True,,paired,paired_lr_fooof_L2,1.0,1.0,0.9953591875613974,5.0
sub-344,True,,paired,paired_lr_fooof_L2,1.0,1.0,0.9996095307073146,5.0
sub-345,True,,paired,paired_lr_fooof_L2,0.0,0.0,0.06003189946243794,5.0
sub-346,True,,paired,paired_lr_fooof_L2,1.0,1.0,0.8837048622302248,5.0
sub-365,True,,paired,paired_lr_fooof_L2,1.0,1.0,0.9995343897201378,5.0
sub-367,True,,paired,paired_lr_fooof_L2,0.0,0.0,0.20121038563088578,5.0
sub-368,True,,paired,paired_lr_fooof_L2,0.0,0.0,0.35496008767207715,5.0
sub-371,True,,paired,paired_lr_fooof_L2,1.0,1.0,0.915870015769388,5.0
sub-372,True,,paired,paired_lr_fooof_L2,0.0,0.0,0.00011203885114474762,5.0
sub-374,True,,paired,paired_lr_fooof_L2,0.0,0.0,0.09846766960113666,5.0
sub-385,True,,paired,paired_lr_fooof_L2,0.0,0.0,0.0003785132662274914,5.0
sub-387,True,,paired,paired_lr_fooof_L2,1.0,1.0,0.90752150749342,5.0
sub-393,True,,paired,paired_lr_fooof_L2,0.0,0.0,0.00037653734811990755,5.0
sub-395,True,,paired,paired_lr_fooof_L2,0.0,0.0,0.005562339830535499,5.0
sub-402,True,,paired,paired_lr_fooof_L2,0.0,0.0,0.0536931990730413,5.0
sub-404,True,,paired,paired_lr_fooof_L2,1.0,1.0,0.9999023256054463,5.0
sub-406,True,,paired,paired_lr_fooof_L2,0.0,0.0,0.18787654151544111,5.0
sub-407,True,,paired,paired_lr_fooof_L2,0.0,0.0,0.046810493729852895,5.0
sub-411,True,,paired,paired_lr_fooof_L2,1.0,1.0,0.9451823248760011,5.0
sub-420,True,,paired,paired_lr_fooof_L2,1.0,1.0,0.6942341639206832,5.0
sub-422,True,,paired,paired_lr_fooof_L2,0.0,0.0,0.0010355974885986308,5.0
sub-426,True,,paired,paired_lr_fooof_L2,0.0,0.0,0.35484306177445585,5.0
sub-430,False,,paired,paired_lr_fooof_L2,1.0,0.0,0.36488566132370504,5.0
sub-431,True,,paired,paired_lr_fooof_L2,1.0,1.0,0.9663376852768891,5.0
sub-438,True,,paired,paired_lr_fooof_L2,0.0,0.0,0.35774117006647604,5.0
sub-439,True,,paired,paired_lr_fooof_L2,0.0,0.0,0.05211115880289721,5.0
sub-440,True,,paired,paired_lr_fooof_L2,0.0,0.0,0.015033507146862293,5.0
sub-443,True,,paired,paired_lr_fooof_L2,1.0,1.0,0.9987368628456846,5.0
sub-444,True,,paired,paired_lr_fooof_L2,0.0,0.0,0.0019654205376045315,5.0
sub-445,True,,paired,paired_lr_fooof_L2,1.0,1.0,0.7503199846415147,5.0
sub-454,True,,paired,paired_lr_fooof_L2,1.0,1.0,0.9531588915091774,5.0
sub-456,False,,paired,paired_lr_fooof_L2,1.0,0.0,0.3487404338470379,5.0
sub-475,True,,paired,paired_lr_fooof_L2,1.0,1.0,0.9998687485533813,5.0
sub-487,True,,paired,paired_lr_fooof_L2,0.0,0.0,0.0320912289719326,5.0
sub-498,True,,paired,paired_lr_fooof_L2,1.0,1.0,0.9989830811856927,5.0
sub-505,True,,paired,paired_lr_fooof_L2,0.0,0.0,0.02819884611234392,5.0
sub-506,True,,paired,paired_lr_fooof_L2,0.0,0.0,0.01844985431535548,5.0
sub-508,True,,paired,paired_lr_fooof_L2,1.0,1.0,0.9999661799818524,5.0
sub-510,True,,paired,paired_lr_fooof_L2,0.0,0.0,0.012609072995583748,5.0
sub-523,True,,paired,paired_lr_fooof_L2,1.0,1.0,0.9863652461898916,5.0
sub-529,True,,paired,paired_lr_fooof_L2,1.0,1.0,0.7620412219434168,5.0
sub-537,True,,paired,paired_lr_fooof_L2,1.0,1.0,0.9999001694135449,5.0
sub-539,False,,paired,paired_lr_fooof_L2,1.0,0.0,0.3067854006591992,5.0
sub-545,True,,paired,paired_lr_fooof_L2,1.0,1.0,0.80163540724281,5.0
sub-548,True,,paired,paired_lr_fooof_L2,0.0,0.0,4.52644336624449e-05,5.0
sub-551,False,,paired,paired_lr_fooof_L2,0.0,1.0,0.6013009224325572,5.0
sub-555,True,,paired,paired_lr_fooof_L2,0.0,0.0,0.0023611337911241697,5.0
sub-564,True,,paired,paired_lr_fooof_L2,1.0,1.0,0.9974563745779961,5.0
sub-570,True,,paired,paired_lr_fooof_L2,1.0,1.0,0.9800520647526286,5.0
sub-572,True,,paired,paired_lr_fooof_L2,1.0,1.0,0.9762539056105286,5.0
sub-573,True,,paired,paired_lr_fooof_L2,0.0,0.0,0.0005202032138674863,5.0
sub-589,True,,paired,paired_lr_fooof_L2,0.0,0.0,8.702287023284413e-05,5.0
sub-593,True,,paired,paired_lr_fooof_L2,1.0,1.0,0.9840046231223303,5.0
sub-594,True,,paired,paired_lr_fooof_L2,0.0,0.0,0.00011427854497120376,5.0
sub-596,True,,paired,paired_lr_fooof_L2,0.0,0.0,0.09162022397403043,5.0
sub-603,True,,paired,paired_lr_fooof_L2,0.0,0.0,0.00015553559772658895,5.0
sub-607,True,,paired,paired_lr_fooof_L2,1.0,1.0,0.8423083940267062,5.0
sub-014,True,,paired,paired_lr_combined_L2,0.0,0.0,2.891660832046608e-05,1.0
sub-015,True,,paired,paired_lr_combined_L2,0.0,0.0,0.0002741683070978224,1.0
sub-016,True,,paired,paired_lr_combined_L2,1.0,1.0,0.9999982354291794,1.0
sub-017,True,,paired,paired_lr_combined_L2,1.0,1.0,0.9999912129524795,1.0
sub-022,True,,paired,paired_lr_combined_L2,0.0,0.0,0.00026568408651852783,1.0
sub-031,True,,paired,paired_lr_combined_L2,1.0,1.0,0.9999074015707472,1.0
sub-032,True,,paired,paired_lr_combined_L2,1.0,1.0,0.990355575688171,1.0
sub-041,True,,paired,paired_lr_combined_L2,0.0,0.0,0.0038834321957957577,1.0
sub-048,True,,paired,paired_lr_combined_L2,0.0,0.0,2.695638026975556e-05,1.0
sub-051,True,,paired,paired_lr_combined_L2,1.0,1.0,0.9999998139482482,1.0
sub-061,True,,paired,paired_lr_combined_L2,1.0,1.0,0.9999922150164406,1.0
sub-070,True,,paired,paired_lr_combined_L2,0.0,0.0,1.3533398706560281e-05,1.0
sub-073,True,,paired,paired_lr_combined_L2,0.0,0.0,3.940425026827216e-07,1.0
sub-081,True,,paired,paired_lr_combined_L2,1.0,1.0,0.999998073149321,1.0
sub-085,True,,paired,paired_lr_combined_L2,1.0,1.0,0.9999664935388191,1.0
sub-087,True,,paired,paired_lr_combined_L2,1.0,1.0,0.993049917064213,1.0
sub-092,True,,paired,paired_lr_combined_L2,1.0,1.0,0.9999999660971233,1.0
sub-094,True,,paired,paired_lr_combined_L2,1.0,1.0,0.9999176465263987,1.0
sub-096,True,,paired,paired_lr_combined_L2,1.0,1.0,0.9841285554834343,1.0
sub-099,True,,paired,paired_lr_combined_L2,1.0,1.0,0.9976423035288575,1.0
sub-100,True,,paired,paired_lr_combined_L2,0.0,0.0,0.06076983394123168,1.0
sub-105,True,,paired,paired_lr_combined_L2,0.0,0.0,0.002684725372811372,1.0
sub-106,True,,paired,paired_lr_combined_L2,0.0,0.0,5.8490395654848935e-05,1.0
sub-108,True,,paired,paired_lr_combined_L2,0.0,0.0,5.711130769447695e-07,1.0
sub-110,True,,paired,paired_lr_combined_L2,0.0,0.0,1.5123652731172543e-07,1.0
sub-112,True,,paired,paired_lr_combined_L2,1.0,1.0,0.9999958014542731,1.0
sub-132,True,,paired,paired_lr_combined_L2,1.0,1.0,0.9994841951546258,1.0
sub-138,True,,paired,paired_lr_combined_L2,1.0,1.0,0.9999999704851255,1.0
sub-143,True,,paired,paired_lr_combined_L2,1.0,1.0,0.9937204521821179,1.0
sub-148,True,,paired,paired_lr_combined_L2,0.0,0.0,1.6856798970204467e-08,1.0
sub-152,True,,paired,paired_lr_combined_L2,1.0,1.0,0.9827731633415229,1.0
sub-154,True,,paired,paired_lr_combined_L2,1.0,1.0,0.9994241065520858,1.0
sub-155,True,,paired,paired_lr_combined_L2,0.0,0.0,0.0077552656827371115,1.0
sub-164,True,,paired,paired_lr_combined_L2,0.0,0.0,0.010682472595324316,1.0
sub-178,True,,paired,paired_lr_combined_L2,1.0,1.0,0.9768974838633834,1.0
sub-188,True,,paired,paired_lr_combined_L2,0.0,0.0,4.186364752742869e-07,1.0
sub-198,True,,paired,paired_lr_combined_L2,0.0,0.0,3.221078892686553e-06,1.0
sub-199,True,,paired,paired_lr_combined_L2,1.0,1.0,0.9963087226272603,1.0
sub-208,True,,paired,paired_lr_combined_L2,1.0,1.0,0.9987330375244825,1.0
sub-216,True,,paired,paired_lr_combined_L2,1.0,1.0,0.9999408182798761,1.0
sub-220,True,,paired,paired_lr_combined_L2,0.0,0.0,6.087849054827571e-05,1.0
sub-232,True,,paired,paired_lr_combined_L2,1.0,1.0,0.9999999810800896,1.0
sub-236,True,,paired,paired_lr_combined_L2,0.0,0.0,9.779905769010767e-05,1.0
sub-251,False,,paired,paired_lr_combined_L2,1.0,0.0,0.04883899022768585,1.0
sub-266,True,,paired,paired_lr_combined_L2,0.0,0.0,0.0009942382913985422,1.0
sub-275,True,,paired,paired_lr_combined_L2,1.0,1.0,0.847907779596863,1.0
sub-278,True,,paired,paired_lr_combined_L2,0.0,0.0,0.0008568794516017356,1.0
sub-296,True,,paired,paired_lr_combined_L2,0.0,0.0,3.099310850618227e-06,1.0
sub-298,True,,paired,paired_lr_combined_L2,1.0,1.0,0.730131571075148,1.0
sub-299,True,,paired,paired_lr_combined_L2,1.0,1.0,0.9999995619931221,1.0
sub-302,True,,paired,paired_lr_combined_L2,1.0,1.0,0.901294996756979,1.0
sub-310,True,,paired,paired_lr_combined_L2,0.0,0.0,6.616932576337635e-05,1.0
sub-314,True,,paired,paired_lr_combined_L2,1.0,1.0,0.9991758443116234,1.0
sub-320,True,,paired,paired_lr_combined_L2,0.0,0.0,0.008966080848119524,1.0
sub-321,True,,paired,paired_lr_combined_L2,1.0,1.0,0.9989650645845713,1.0
sub-325,True,,paired,paired_lr_combined_L2,1.0,1.0,0.9998220819725162,1.0
sub-330,True,,paired,paired_lr_combined_L2,0.0,0.0,5.2306202680545204e-08,1.0
sub-333,True,,paired,paired_lr_combined_L2,0.0,0.0,1.3009033400592098e-05,1.0
sub-336,True,,paired,paired_lr_combined_L2,1.0,1.0,0.9999717731302691,1.0
sub-348,True,,paired,paired_lr_combined_L2,1.0,1.0,0.9973538439764447,1.0
sub-351,True,,paired,paired_lr_combined_L2,0.0,0.0,3.01310217223002e-05,1.0
sub-359,True,,paired,paired_lr_combined_L2,0.0,0.0,3.0402677659675016e-09,1.0
sub-364,True,,paired,paired_lr_combined_L2,1.0,1.0,0.998901310011738,1.0
sub-373,True,,paired,paired_lr_combined_L2,1.0,1.0,0.999999992676077,1.0
sub-376,True,,paired,paired_lr_combined_L2,1.0,1.0,0.9980147020780601,1.0
sub-378,True,,paired,paired_lr_combined_L2,1.0,1.0,0.7765278242821241,1.0
sub-381,False,,paired,paired_lr_combined_L2,0.0,1.0,0.606108151172078,1.0
sub-384,True,,paired,paired_lr_combined_L2,0.0,0.0,1.1472352889070389e-05,1.0
sub-388,True,,paired,paired_lr_combined_L2,0.0,0.0,0.0013150956942521669,1.0
sub-397,True,,paired,paired_lr_combined_L2,0.0,0.0,4.213412688185363e-05,1.0
sub-401,True,,paired,paired_lr_combined_L2,0.0,0.0,0.2444358150508467,1.0
sub-405,True,,paired,paired_lr_combined_L2,1.0,1.0,0.9999995947052929,1.0
sub-408,True,,paired,paired_lr_combined_L2,0.0,0.0,5.70196508459599e-07,1.0
sub-414,True,,paired,paired_lr_combined_L2,1.0,1.0,0.9957269037727444,1.0
sub-418,True,,paired,paired_lr_combined_L2,1.0,1.0,0.9999837960685353,1.0
sub-424,True,,paired,paired_lr_combined_L2,1.0,1.0,0.9963795847271805,1.0
sub-441,True,,paired,paired_lr_combined_L2,1.0,1.0,0.9998161870130775,1.0
sub-449,True,,paired,paired_lr_combined_L2,1.0,1.0,0.9999986611326248,1.0
sub-451,True,,paired,paired_lr_combined_L2,1.0,1.0,0.9999905093000859,1.0
sub-463,True,,paired,paired_lr_combined_L2,0.0,0.0,0.0006966616819390221,1.0
sub-465,True,,paired,paired_lr_combined_L2,0.0,0.0,0.09926514333195534,1.0
sub-467,True,,paired,paired_lr_combined_L2,1.0,1.0,0.9999136383932089,1.0
sub-470,True,,paired,paired_lr_combined_L2,0.0,0.0,2.5108153504714213e-05,1.0
sub-471,True,,paired,paired_lr_combined_L2,0.0,0.0,8.753015867078059e-07,1.0
sub-476,True,,paired,paired_lr_combined_L2,1.0,1.0,0.999999998148345,1.0
sub-479,False,,paired,paired_lr_combined_L2,1.0,0.0,0.4828381090300107,1.0
sub-481,True,,paired,paired_lr_combined_L2,0.0,0.0,1.0412655495454335e-07,1.0
sub-485,True,,paired,paired_lr_combined_L2,1.0,1.0,0.9999998891365315,1.0
sub-486,True,,paired,paired_lr_combined_L2,0.0,0.0,0.08218282946522232,1.0
sub-490,True,,paired,paired_lr_combined_L2,1.0,1.0,0.9822942085654324,1.0
sub-491,True,,paired,paired_lr_combined_L2,0.0,0.0,0.0006090620778275482,1.0
sub-496,True,,paired,paired_lr_combined_L2,1.0,1.0,0.999999994205413,1.0
sub-499,True,,paired,paired_lr_combined_L2,0.0,0.0,7.703992236110231e-05,1.0
sub-501,True,,paired,paired_lr_combined_L2,1.0,1.0,0.9999920400140344,1.0
sub-502,True,,paired,paired_lr_combined_L2,0.0,0.0,3.521233998785711e-05,1.0
sub-521,True,,paired,paired_lr_combined_L2,1.0,1.0,0.9910711581116013,1.0
sub-524,True,,paired,paired_lr_combined_L2,0.0,0.0,0.0004206054117398336,1.0
sub-526,True,,paired,paired_lr_combined_L2,1.0,1.0,0.9983853463286413,1.0
sub-530,True,,paired,paired_lr_combined_L2,0.0,0.0,3.0654891929149956e-07,1.0
sub-535,True,,paired,paired_lr_combined_L2,0.0,0.0,1.8532228536532456e-10,1.0
sub-536,True,,paired,paired_lr_combined_L2,0.0,0.0,0.00019091698550068777,1.0
sub-540,True,,paired,paired_lr_combined_L2,1.0,1.0,0.9999825699677781,1.0
sub-541,True,,paired,paired_lr_combined_L2,1.0,1.0,0.9999999983452303,1.0
sub-543,True,,paired,paired_lr_combined_L2,0.0,0.0,0.011365622184527347,1.0
sub-556,True,,paired,paired_lr_combined_L2,1.0,1.0,0.9859535594853974,1.0
sub-557,True,,paired,paired_lr_combined_L2,1.0,1.0,0.9994577641844046,1.0
sub-561,True,,paired,paired_lr_combined_L2,0.0,0.0,0.010537906988356454,1.0
sub-565,True,,paired,paired_lr_combined_L2,1.0,1.0,0.9994687306101847,1.0
sub-567,True,,paired,paired_lr_combined_L2,0.0,0.0,0.003132383859791227,1.0
sub-568,True,,paired,paired_lr_combined_L2,0.0,0.0,0.1708294310916661,1.0
sub-578,True,,paired,paired_lr_combined_L2,0.0,0.0,2.3489593482257854e-07,1.0
sub-579,True,,paired,paired_lr_combined_L2,0.0,0.0,0.0002703641244530628,1.0
sub-582,True,,paired,paired_lr_combined_L2,0.0,0.0,0.0005536944140655691,1.0
sub-585,True,,paired,paired_lr_combined_L2,0.0,0.0,3.456155651216916e-06,1.0
sub-591,False,,paired,paired_lr_combined_L2,0.0,1.0,0.6416791003213314,1.0
sub-595,False,,paired,paired_lr_combined_L2,1.0,0.0,0.3642568031143851,1.0
sub-597,True,,paired,paired_lr_combined_L2,0.0,0.0,1.4942477269951852e-05,1.0
sub-599,True,,paired,paired_lr_combined_L2,0.0,0.0,0.03249374957158623,1.0
sub-605,True,,paired,paired_lr_combined_L2,0.0,0.0,5.893033466391165e-06,1.0
sub-003,True,,paired,paired_lr_combined_L2,1.0,1.0,0.999999748381383,2.0
sub-005,True,,paired,paired_lr_combined_L2,1.0,1.0,0.9999999857595454,2.0
sub-006,True,,paired,paired_lr_combined_L2,0.0,0.0,5.4046237261627145e-05,2.0
sub-010,True,,paired,paired_lr_combined_L2,0.0,0.0,0.0011000861326645529,2.0
sub-018,True,,paired,paired_lr_combined_L2,0.0,0.0,0.005298701358896018,2.0
sub-023,True,,paired,paired_lr_combined_L2,1.0,1.0,0.9999627958314552,2.0
sub-026,True,,paired,paired_lr_combined_L2,1.0,1.0,0.9999603947405823,2.0
sub-030,True,,paired,paired_lr_combined_L2,0.0,0.0,0.020318231858909012,2.0
sub-036,False,,paired,paired_lr_combined_L2,0.0,1.0,0.9089925156820822,2.0
sub-046,True,,paired,paired_lr_combined_L2,1.0,1.0,0.9999762911108185,2.0
sub-047,True,,paired,paired_lr_combined_L2,0.0,0.0,0.005539454172124482,2.0
sub-050,True,,paired,paired_lr_combined_L2,1.0,1.0,0.9730623720998614,2.0
sub-053,True,,paired,paired_lr_combined_L2,0.0,0.0,0.0005605240149720242,2.0
sub-057,True,,paired,paired_lr_combined_L2,0.0,0.0,0.011173733671135713,2.0
sub-064,True,,paired,paired_lr_combined_L2,0.0,0.0,7.818351758030774e-07,2.0
sub-066,True,,paired,paired_lr_combined_L2,1.0,1.0,0.9999999933107047,2.0
sub-077,True,,paired,paired_lr_combined_L2,0.0,0.0,3.2881011743647342e-06,2.0
sub-080,True,,paired,paired_lr_combined_L2,1.0,1.0,0.9999969051389669,2.0
sub-082,True,,paired,paired_lr_combined_L2,0.0,0.0,8.131249541709891e-06,2.0
sub-086,True,,paired,paired_lr_combined_L2,1.0,1.0,0.9999933117450845,2.0
sub-107,False,,paired,paired_lr_combined_L2,1.0,0.0,0.4647792674965032,2.0
sub-109,True,,paired,paired_lr_combined_L2,1.0,1.0,0.9672116803259763,2.0
sub-114,True,,paired,paired_lr_combined_L2,0.0,0.0,0.00046492389379595495,2.0
sub-116,True,,paired,paired_lr_combined_L2,0.0,0.0,3.672516611891288e-06,2.0
sub-118,True,,paired,paired_lr_combined_L2,1.0,1.0,0.9989834180937109,2.0
sub-119,True,,paired,paired_lr_combined_L2,1.0,1.0,0.9999995747610039,2.0
sub-121,True,,paired,paired_lr_combined_L2,0.0,0.0,4.306031845990874e-06,2.0
sub-123,True,,paired,paired_lr_combined_L2,1.0,1.0,0.9652071253591423,2.0
sub-126,True,,paired,paired_lr_combined_L2,0.0,0.0,0.0002001650669911699,2.0
sub-131,True,,paired,paired_lr_combined_L2,1.0,1.0,0.9999987397349026,2.0
sub-133,True,,paired,paired_lr_combined_L2,1.0,1.0,0.9935258509852569,2.0
sub-135,True,,paired,paired_lr_combined_L2,1.0,1.0,0.9985052613503074,2.0
sub-136,True,,paired,paired_lr_combined_L2,1.0,1.0,0.9999983710963837,2.0
sub-137,True,,paired,paired_lr_combined_L2,1.0,1.0,0.9998929430195348,2.0
sub-144,True,,paired,paired_lr_combined_L2,1.0,1.0,0.9999641892018957,2.0
sub-145,True,,paired,paired_lr_combined_L2,0.0,0.0,0.0010509820911190604,2.0
sub-147,True,,paired,paired_lr_combined_L2,1.0,1.0,0.9999997833552569,2.0
sub-153,True,,paired,paired_lr_combined_L2,0.0,0.0,0.012911102071028677,2.0
sub-158,True,,paired,paired_lr_combined_L2,0.0,0.0,0.21191622050285422,2.0
sub-161,True,,paired,paired_lr_combined_L2,0.0,0.0,4.203326762625456e-06,2.0
sub-162,True,,paired,paired_lr_combined_L2,0.0,0.0,1.5081270271423678e-05,2.0
sub-163,True,,paired,paired_lr_combined_L2,1.0,1.0,0.989885378454608,2.0
sub-165,True,,paired,paired_lr_combined_L2,1.0,1.0,0.9999616358416796,2.0
sub-169,True,,paired,paired_lr_combined_L2,1.0,1.0,0.999940438829918,2.0
sub-172,True,,paired,paired_lr_combined_L2,0.0,0.0,0.005128152275972373,2.0
sub-181,True,,paired,paired_lr_combined_L2,1.0,1.0,0.9999998569298767,2.0
sub-187,True,,paired,paired_lr_combined_L2,1.0,1.0,0.9999990929863813,2.0
sub-191,True,,paired,paired_lr_combined_L2,0.0,0.0,7.550304329446496e-07,2.0
sub-194,True,,paired,paired_lr_combined_L2,1.0,1.0,0.9427975090501448,2.0
sub-210,True,,paired,paired_lr_combined_L2,0.0,0.0,0.0001988351135549606,2.0
sub-217,True,,paired,paired_lr_combined_L2,1.0,1.0,0.9999983677632124,2.0
sub-221,True,,paired,paired_lr_combined_L2,1.0,1.0,0.9998303735771159,2.0
sub-223,True,,paired,paired_lr_combined_L2,0.0,0.0,0.00024502934980318345,2.0
sub-225,True,,paired,paired_lr_combined_L2,1.0,1.0,0.9999982047606665,2.0
sub-226,True,,paired,paired_lr_combined_L2,0.0,0.0,2.502147293910666e-08,2.0
sub-233,True,,paired,paired_lr_combined_L2,1.0,1.0,0.9936043063558894,2.0
sub-235,True,,paired,paired_lr_combined_L2,1.0,1.0,0.9999999568342667,2.0
sub-238,True,,paired,paired_lr_combined_L2,0.0,0.0,1.4968121516487757e-07,2.0
sub-255,True,,paired,paired_lr_combined_L2,1.0,1.0,0.9860776864873796,2.0
sub-273,True,,paired,paired_lr_combined_L2,1.0,1.0,0.9980360298308713,2.0
sub-276,True,,paired,paired_lr_combined_L2,1.0,1.0,0.999994313163774,2.0
sub-280,True,,paired,paired_lr_combined_L2,1.0,1.0,0.9999993607140237,2.0
sub-281,True,,paired,paired_lr_combined_L2,0.0,0.0,5.5061646792813746e-08,2.0
sub-286,True,,paired,paired_lr_combined_L2,0.0,0.0,0.0002862534162683542,2.0
sub-290,True,,paired,paired_lr_combined_L2,1.0,1.0,0.9999589873201404,2.0
sub-295,True,,paired,paired_lr_combined_L2,1.0,1.0,0.991106331134408,2.0
sub-301,True,,paired,paired_lr_combined_L2,0.0,0.0,3.1944803742852437e-06,2.0
sub-305,True,,paired,paired_lr_combined_L2,0.0,0.0,0.0012406490239810985,2.0
sub-309,True,,paired,paired_lr_combined_L2,0.0,0.0,0.46571417794414854,2.0
sub-315,True,,paired,paired_lr_combined_L2,1.0,1.0,0.9999491209896973,2.0
sub-317,True,,paired,paired_lr_combined_L2,0.0,0.0,3.0344629869280132e-05,2.0
sub-322,True,,paired,paired_lr_combined_L2,1.0,1.0,0.9999997626571383,2.0
sub-326,True,,paired,paired_lr_combined_L2,0.0,0.0,6.252205952822036e-05,2.0
sub-329,True,,paired,paired_lr_combined_L2,0.0,0.0,1.005000393248442e-05,2.0
sub-341,True,,paired,paired_lr_combined_L2,1.0,1.0,0.7587818540695471,2.0
sub-347,True,,paired,paired_lr_combined_L2,1.0,1.0,0.9978979886888629,2.0
sub-349,True,,paired,paired_lr_combined_L2,1.0,1.0,0.9790690302670897,2.0
sub-352,True,,paired,paired_lr_combined_L2,0.0,0.0,0.06617084924990306,2.0
sub-353,True,,paired,paired_lr_combined_L2,0.0,0.0,0.00011346412316341012,2.0
sub-355,True,,paired,paired_lr_combined_L2,0.0,0.0,7.4449421191015445e-06,2.0
sub-369,True,,paired,paired_lr_combined_L2,0.0,0.0,8.322412970849782e-07,2.0
sub-390,True,,paired,paired_lr_combined_L2,1.0,1.0,0.9999998589597802,2.0
sub-392,True,,paired,paired_lr_combined_L2,0.0,0.0,0.00043685233480692036,2.0
sub-394,True,,paired,paired_lr_combined_L2,0.0,0.0,1.2888339078831213e-05,2.0
sub-396,True,,paired,paired_lr_combined_L2,0.0,0.0,0.0029350799035344688,2.0
sub-399,True,,paired,paired_lr_combined_L2,0.0,0.0,0.028262310807997106,2.0
sub-403,True,,paired,paired_lr_combined_L2,0.0,0.0,3.147050899120333e-05,2.0
sub-409,True,,paired,paired_lr_combined_L2,1.0,1.0,0.9999999442345258,2.0
sub-410,True,,paired,paired_lr_combined_L2,0.0,0.0,0.0005945513917224766,2.0
sub-413,True,,paired,paired_lr_combined_L2,1.0,1.0,0.9999992862616298,2.0
sub-432,True,,paired,paired_lr_combined_L2,1.0,1.0,0.9854716021182952,2.0
sub-433,True,,paired,paired_lr_combined_L2,0.0,0.0,0.05116982084920495,2.0
sub-446,True,,paired,paired_lr_combined_L2,0.0,0.0,1.2370255747723794e-05,2.0
sub-447,True,,paired,paired_lr_combined_L2,0.0,0.0,1.4432997449581662e-05,2.0
sub-450,True,,paired,paired_lr_combined_L2,0.0,0.0,2.830524524643498e-05,2.0
sub-452,True,,paired,paired_lr_combined_L2,1.0,1.0,0.9976413905682455,2.0
sub-457,True,,paired,paired_lr_combined_L2,0.0,0.0,2.7021581140949037e-05,2.0
sub-464,True,,paired,paired_lr_combined_L2,0.0,0.0,2.2800157009772969e-10,2.0
sub-478,True,,paired,paired_lr_combined_L2,1.0,1.0,0.9999999981583876,2.0
sub-480,False,,paired,paired_lr_combined_L2,0.0,1.0,0.5802198361532074,2.0
sub-489,True,,paired,paired_lr_combined_L2,1.0,1.0,0.9999875823501461,2.0
sub-494,True,,paired,paired_lr_combined_L2,1.0,1.0,0.9999993902594683,2.0
sub-509,True,,paired,paired_lr_combined_L2,1.0,1.0,0.9999981082145176,2.0
sub-511,True,,paired,paired_lr_combined_L2,1.0,1.0,0.9999740263107616,2.0
sub-520,True,,paired,paired_lr_combined_L2,0.0,0.0,1.6223074470909766e-06,2.0
sub-525,True,,paired,paired_lr_combined_L2,0.0,0.0,1.04874729532958e-06,2.0
sub-527,True,,paired,paired_lr_combined_L2,1.0,1.0,0.9999990888465073,2.0
sub-532,True,,paired,paired_lr_combined_L2,0.0,0.0,0.0011281950714579234,2.0
sub-534,True,,paired,paired_lr_combined_L2,0.0,0.0,0.09207990692000707,2.0
sub-553,True,,paired,paired_lr_combined_L2,0.0,0.0,0.00075054463906286,2.0
sub-558,True,,paired,paired_lr_combined_L2,0.0,0.0,0.04467007613862064,2.0
sub-566,True,,paired,paired_lr_combined_L2,0.0,0.0,0.002206015862382398,2.0
sub-583,True,,paired,paired_lr_combined_L2,1.0,1.0,0.9999998827040317,2.0
sub-584,True,,paired,paired_lr_combined_L2,1.0,1.0,0.998507246536859,2.0
sub-588,True,,paired,paired_lr_combined_L2,0.0,0.0,8.10549061898195e-06,2.0
sub-602,True,,paired,paired_lr_combined_L2,1.0,1.0,0.9594441808908591,2.0
sub-606,True,,paired,paired_lr_combined_L2,1.0,1.0,0.9999973751719767,2.0
sub-608,True,,paired,paired_lr_combined_L2,1.0,1.0,0.9949907724033887,2.0
sub-002,True,,paired,paired_lr_combined_L2,1.0,1.0,0.9999999676351167,3.0
sub-024,True,,paired,paired_lr_combined_L2,1.0,1.0,0.9999989153215348,3.0
sub-028,True,,paired,paired_lr_combined_L2,0.0,0.0,0.09913146026625344,3.0
sub-035,True,,paired,paired_lr_combined_L2,1.0,1.0,0.9999723773396981,3.0
sub-039,True,,paired,paired_lr_combined_L2,1.0,1.0,0.9974160231421113,3.0
sub-040,True,,paired,paired_lr_combined_L2,1.0,1.0,0.9824134299257468,3.0
sub-044,True,,paired,paired_lr_combined_L2,1.0,1.0,0.9966372152783646,3.0
sub-058,True,,paired,paired_lr_combined_L2,1.0,1.0,0.7925389081362296,3.0
sub-068,True,,paired,paired_lr_combined_L2,0.0,0.0,1.662711042464037e-08,3.0
sub-069,False,,paired,paired_lr_combined_L2,1.0,0.0,0.11418126990852419,3.0
sub-076,True,,paired,paired_lr_combined_L2,1.0,1.0,0.9999999797572281,3.0
sub-078,True,,paired,paired_lr_combined_L2,0.0,0.0,0.00029966117238336214,3.0
sub-089,True,,paired,paired_lr_combined_L2,1.0,1.0,0.9999811706813333,3.0
sub-090,True,,paired,paired_lr_combined_L2,1.0,1.0,0.9999999342138964,3.0
sub-091,True,,paired,paired_lr_combined_L2,1.0,1.0,0.9999997029687157,3.0
sub-093,True,,paired,paired_lr_combined_L2,0.0,0.0,0.0003715133033866756,3.0
sub-097,True,,paired,paired_lr_combined_L2,0.0,0.0,2.3513842716392013e-05,3.0
sub-098,True,,paired,paired_lr_combined_L2,0.0,0.0,1.9231215924336265e-06,3.0
sub-102,True,,paired,paired_lr_combined_L2,1.0,1.0,0.9999999999480402,3.0
sub-103,True,,paired,paired_lr_combined_L2,1.0,1.0,0.9888269575088587,3.0
sub-129,True,,paired,paired_lr_combined_L2,1.0,1.0,0.9999992137419347,3.0
sub-140,True,,paired,paired_lr_combined_L2,0.0,0.0,0.03534995428621113,3.0
sub-141,True,,paired,paired_lr_combined_L2,0.0,0.0,0.002300724055155366,3.0
sub-146,True,,paired,paired_lr_combined_L2,0.0,0.0,1.2548267748030943e-07,3.0
sub-150,True,,paired,paired_lr_combined_L2,1.0,1.0,0.9583954323938106,3.0
sub-159,True,,paired,paired_lr_combined_L2,1.0,1.0,0.9913955940537362,3.0
sub-166,True,,paired,paired_lr_combined_L2,0.0,0.0,0.0018553212692802783,3.0
sub-167,True,,paired,paired_lr_combined_L2,0.0,0.0,4.873292670015518e-07,3.0
sub-173,True,,paired,paired_lr_combined_L2,1.0,1.0,0.9999999873903024,3.0
sub-174,True,,paired,paired_lr_combined_L2,1.0,1.0,0.999957523123569,3.0
sub-177,True,,paired,paired_lr_combined_L2,1.0,1.0,0.9999999994749362,3.0
sub-180,True,,paired,paired_lr_combined_L2,1.0,1.0,0.9999991083886215,3.0
sub-182,True,,paired,paired_lr_combined_L2,0.0,0.0,6.622223612721283e-06,3.0
sub-184,True,,paired,paired_lr_combined_L2,1.0,1.0,0.9999703657061435,3.0
sub-192,True,,paired,paired_lr_combined_L2,1.0,1.0,0.9999981701871499,3.0
sub-193,True,,paired,paired_lr_combined_L2,1.0,1.0,0.9999999340074784,3.0
sub-201,True,,paired,paired_lr_combined_L2,1.0,1.0,0.8582407610444024,3.0
sub-202,True,,paired,paired_lr_combined_L2,0.0,0.0,0.12227956851207655,3.0
sub-219,True,,paired,paired_lr_combined_L2,1.0,1.0,0.9998214973811234,3.0
sub-222,True,,paired,paired_lr_combined_L2,0.0,0.0,5.985205682692913e-06,3.0
sub-228,True,,paired,paired_lr_combined_L2,1.0,1.0,0.8775702374871103,3.0
sub-231,True,,paired,paired_lr_combined_L2,0.0,0.0,8.009665436351872e-07,3.0
sub-240,True,,paired,paired_lr_combined_L2,0.0,0.0,4.0717931165779405e-07,3.0
sub-245,True,,paired,paired_lr_combined_L2,0.0,0.0,0.12543265469581993,3.0
sub-248,True,,paired,paired_lr_combined_L2,0.0,0.0,1.3000523387533714e-05,3.0
sub-249,True,,paired,paired_lr_combined_L2,1.0,1.0,0.9938770110903984,3.0
sub-253,True,,paired,paired_lr_combined_L2,0.0,0.0,7.702648048563468e-08,3.0
sub-254,True,,paired,paired_lr_combined_L2,0.0,0.0,0.00017999248353532543,3.0
sub-257,True,,paired,paired_lr_combined_L2,1.0,1.0,0.996732425498454,3.0
sub-260,True,,paired,paired_lr_combined_L2,1.0,1.0,0.9109143983620123,3.0
sub-261,True,,paired,paired_lr_combined_L2,0.0,0.0,0.0012404060812766034,3.0
sub-263,True,,paired,paired_lr_combined_L2,0.0,0.0,0.051134892127171455,3.0
sub-265,True,,paired,paired_lr_combined_L2,0.0,0.0,2.32652602670666e-05,3.0
sub-268,False,,paired,paired_lr_combined_L2,1.0,0.0,0.1375527412366466,3.0
sub-271,True,,paired,paired_lr_combined_L2,0.0,0.0,4.453093280130522e-06,3.0
sub-274,True,,paired,paired_lr_combined_L2,0.0,0.0,0.21980761076765,3.0
sub-277,True,,paired,paired_lr_combined_L2,0.0,0.0,0.34095406711285886,3.0
sub-284,True,,paired,paired_lr_combined_L2,1.0,1.0,0.9999722524645759,3.0
sub-294,True,,paired,paired_lr_combined_L2,0.0,0.0,1.3159510610989836e-07,3.0
sub-303,True,,paired,paired_lr_combined_L2,1.0,1.0,0.9804012221098378,3.0
sub-312,True,,paired,paired_lr_combined_L2,0.0,0.0,0.000151444682422221,3.0
sub-324,True,,paired,paired_lr_combined_L2,1.0,1.0,0.9999665796486399,3.0
sub-328,True,,paired,paired_lr_combined_L2,0.0,0.0,7.187597541456648e-06,3.0
sub-331,True,,paired,paired_lr_combined_L2,1.0,1.0,0.9975128385498442,3.0
sub-334,True,,paired,paired_lr_combined_L2,0.0,0.0,0.0003007692911622866,3.0
sub-338,True,,paired,paired_lr_combined_L2,0.0,0.0,0.000193066743311873,3.0
sub-340,True,,paired,paired_lr_combined_L2,0.0,0.0,0.00395971905797143,3.0
sub-350,True,,paired,paired_lr_combined_L2,1.0,1.0,0.9998081635855258,3.0
sub-363,True,,paired,paired_lr_combined_L2,0.0,0.0,0.006543424675388904,3.0
sub-366,True,,paired,paired_lr_combined_L2,0.0,0.0,0.011953109130211203,3.0
sub-370,True,,paired,paired_lr_combined_L2,0.0,0.0,2.044381589663916e-06,3.0
sub-377,True,,paired,paired_lr_combined_L2,1.0,1.0,0.9992313103899192,3.0
sub-382,False,,paired,paired_lr_combined_L2,0.0,1.0,0.7109041563282507,3.0
sub-383,True,,paired,paired_lr_combined_L2,1.0,1.0,0.9999893935167927,3.0
sub-389,True,,paired,paired_lr_combined_L2,1.0,1.0,0.999359931569352,3.0
sub-391,True,,paired,paired_lr_combined_L2,1.0,1.0,0.999993663018104,3.0
sub-398,True,,paired,paired_lr_combined_L2,1.0,1.0,0.9999999933014045,3.0
sub-417,True,,paired,paired_lr_combined_L2,1.0,1.0,0.9998540886142984,3.0
sub-419,True,,paired,paired_lr_combined_L2,1.0,1.0,0.9999999974056735,3.0
sub-421,True,,paired,paired_lr_combined_L2,1.0,1.0,0.999999983416823,3.0
sub-427,True,,paired,paired_lr_combined_L2,0.0,0.0,0.010247013309994033,3.0
sub-428,True,,paired,paired_lr_combined_L2,0.0,0.0,0.0033802669238480448,3.0
sub-453,True,,paired,paired_lr_combined_L2,0.0,0.0,0.0006814055519970642,3.0
sub-459,True,,paired,paired_lr_combined_L2,0.0,0.0,0.0002665806337655134,3.0
sub-461,True,,paired,paired_lr_combined_L2,1.0,1.0,0.9999988728585919,3.0
sub-462,True,,paired,paired_lr_combined_L2,0.0,0.0,0.22874610029430734,3.0
sub-466,True,,paired,paired_lr_combined_L2,0.0,0.0,0.0008106271944796871,3.0
sub-469,True,,paired,paired_lr_combined_L2,1.0,1.0,0.9999979099132394,3.0
sub-477,True,,paired,paired_lr_combined_L2,0.0,0.0,2.3724806993418702e-05,3.0
sub-482,True,,paired,paired_lr_combined_L2,1.0,1.0,0.9861590431187176,3.0
sub-483,True,,paired,paired_lr_combined_L2,0.0,0.0,8.119580049461136e-05,3.0
sub-484,True,,paired,paired_lr_combined_L2,0.0,0.0,0.06604440321498052,3.0
sub-488,True,,paired,paired_lr_combined_L2,1.0,1.0,0.9907283559816874,3.0
sub-492,True,,paired,paired_lr_combined_L2,1.0,1.0,0.9865316978810149,3.0
sub-493,True,,paired,paired_lr_combined_L2,0.0,0.0,0.002208284366683556,3.0
sub-500,True,,paired,paired_lr_combined_L2,0.0,0.0,0.00012744212565759486,3.0
sub-503,True,,paired,paired_lr_combined_L2,0.0,0.0,0.0008823474517325131,3.0
sub-504,True,,paired,paired_lr_combined_L2,1.0,1.0,0.999936956942749,3.0
sub-514,True,,paired,paired_lr_combined_L2,0.0,0.0,0.002773924055629133,3.0
sub-516,True,,paired,paired_lr_combined_L2,0.0,0.0,5.065477276366506e-07,3.0
sub-517,True,,paired,paired_lr_combined_L2,0.0,0.0,1.5842993024088463e-05,3.0
sub-519,True,,paired,paired_lr_combined_L2,0.0,0.0,0.2888005382162675,3.0
sub-522,True,,paired,paired_lr_combined_L2,0.0,0.0,0.0003569615494228382,3.0
sub-528,True,,paired,paired_lr_combined_L2,1.0,1.0,0.999999970274728,3.0
sub-531,True,,paired,paired_lr_combined_L2,0.0,0.0,8.319942840153437e-05,3.0
sub-533,True,,paired,paired_lr_combined_L2,1.0,1.0,0.9975799980581112,3.0
sub-542,True,,paired,paired_lr_combined_L2,1.0,1.0,0.9999971584515266,3.0
sub-546,True,,paired,paired_lr_combined_L2,0.0,0.0,0.0339067370543695,3.0
sub-549,True,,paired,paired_lr_combined_L2,0.0,0.0,0.00860480424768432,3.0
sub-550,True,,paired,paired_lr_combined_L2,1.0,1.0,0.9999905842169793,3.0
sub-569,True,,paired,paired_lr_combined_L2,1.0,1.0,0.998552644265623,3.0
sub-575,True,,paired,paired_lr_combined_L2,1.0,1.0,0.9927882755315394,3.0
sub-576,True,,paired,paired_lr_combined_L2,1.0,1.0,0.9999990167464914,3.0
sub-577,True,,paired,paired_lr_combined_L2,0.0,0.0,5.338201921390266e-07,3.0
sub-580,True,,paired,paired_lr_combined_L2,1.0,1.0,0.999994935933333,3.0
sub-586,True,,paired,paired_lr_combined_L2,0.0,0.0,8.613142123993734e-07,3.0
sub-592,True,,paired,paired_lr_combined_L2,1.0,1.0,0.9999852604121771,3.0
sub-600,True,,paired,paired_lr_combined_L2,0.0,0.0,3.0269662474872694e-08,3.0
sub-011,True,,paired,paired_lr_combined_L2,0.0,0.0,2.1135122965318803e-06,4.0
sub-019,True,,paired,paired_lr_combined_L2,0.0,0.0,0.02389137935972037,4.0
sub-025,True,,paired,paired_lr_combined_L2,1.0,1.0,0.9998842837128055,4.0
sub-027,True,,paired,paired_lr_combined_L2,1.0,1.0,0.9999999964193456,4.0
sub-033,True,,paired,paired_lr_combined_L2,1.0,1.0,0.9999996311097443,4.0
sub-034,True,,paired,paired_lr_combined_L2,1.0,1.0,0.9973961642973255,4.0
sub-038,True,,paired,paired_lr_combined_L2,0.0,0.0,5.61838604031286e-05,4.0
sub-042,True,,paired,paired_lr_combined_L2,0.0,0.0,0.27319747644376147,4.0
sub-043,True,,paired,paired_lr_combined_L2,0.0,0.0,3.736832278871083e-05,4.0
sub-049,True,,paired,paired_lr_combined_L2,0.0,0.0,0.001463588050801768,4.0
sub-059,True,,paired,paired_lr_combined_L2,1.0,1.0,0.9999990294699783,4.0
sub-060,True,,paired,paired_lr_combined_L2,1.0,1.0,0.9980336040028626,4.0
sub-062,True,,paired,paired_lr_combined_L2,1.0,1.0,0.9896480114753511,4.0
sub-063,True,,paired,paired_lr_combined_L2,1.0,1.0,0.9996341293452792,4.0
sub-065,True,,paired,paired_lr_combined_L2,1.0,1.0,0.9999963653370317,4.0
sub-067,True,,paired,paired_lr_combined_L2,1.0,1.0,0.9999671182168807,4.0
sub-072,True,,paired,paired_lr_combined_L2,1.0,1.0,0.9999994165521864,4.0
sub-074,True,,paired,paired_lr_combined_L2,1.0,1.0,0.9926993005545736,4.0
sub-075,True,,paired,paired_lr_combined_L2,1.0,1.0,0.9957132573247567,4.0
sub-083,True,,paired,paired_lr_combined_L2,1.0,1.0,0.9999825107416558,4.0
sub-088,True,,paired,paired_lr_combined_L2,0.0,0.0,5.584402433090221e-06,4.0
sub-111,True,,paired,paired_lr_combined_L2,0.0,0.0,0.0002546125247629627,4.0
sub-113,True,,paired,paired_lr_combined_L2,1.0,1.0,0.9999825820864569,4.0
sub-115,True,,paired,paired_lr_combined_L2,1.0,1.0,0.9999830805682653,4.0
sub-117,True,,paired,paired_lr_combined_L2,1.0,1.0,0.9990758382888763,4.0
sub-122,False,,paired,paired_lr_combined_L2,0.0,1.0,0.5904377793121797,4.0
sub-127,True,,paired,paired_lr_combined_L2,1.0,1.0,0.5497581459586646,4.0
sub-130,True,,paired,paired_lr_combined_L2,0.0,0.0,0.00019453086885799393,4.0
sub-139,True,,paired,paired_lr_combined_L2,0.0,0.0,0.0017885346727046021,4.0
sub-142,True,,paired,paired_lr_combined_L2,0.0,0.0,0.012541642970324446,4.0
sub-151,True,,paired,paired_lr_combined_L2,0.0,0.0,2.3061330177846207e-05,4.0
sub-157,True,,paired,paired_lr_combined_L2,0.0,0.0,0.0006333469116486523,4.0
sub-168,True,,paired,paired_lr_combined_L2,0.0,0.0,7.039175011913855e-07,4.0
sub-170,True,,paired,paired_lr_combined_L2,0.0,0.0,3.7819420710438817e-07,4.0
sub-176,True,,paired,paired_lr_combined_L2,1.0,1.0,0.9999998016347085,4.0
sub-186,True,,paired,paired_lr_combined_L2,0.0,0.0,0.002706755995566309,4.0
sub-189,True,,paired,paired_lr_combined_L2,0.0,0.0,0.001378110385022102,4.0
sub-197,True,,paired,paired_lr_combined_L2,1.0,1.0,0.950273630244552,4.0
sub-203,True,,paired,paired_lr_combined_L2,0.0,0.0,0.0597029024136385,4.0
sub-205,True,,paired,paired_lr_combined_L2,0.0,0.0,2.785468373804907e-06,4.0
sub-207,True,,paired,paired_lr_combined_L2,0.0,0.0,0.00659134766848179,4.0
sub-209,True,,paired,paired_lr_combined_L2,0.0,0.0,0.3083861508896332,4.0
sub-211,True,,paired,paired_lr_combined_L2,0.0,0.0,6.2233723987841895e-06,4.0
sub-212,True,,paired,paired_lr_combined_L2,1.0,1.0,0.9999996651145395,4.0
sub-218,True,,paired,paired_lr_combined_L2,0.0,0.0,2.3449667517066634e-05,4.0
sub-227,True,,paired,paired_lr_combined_L2,1.0,1.0,0.9914623926323282,4.0
sub-229,True,,paired,paired_lr_combined_L2,0.0,0.0,2.3168016972822388e-05,4.0
sub-237,True,,paired,paired_lr_combined_L2,1.0,1.0,0.9999573920029353,4.0
sub-241,True,,paired,paired_lr_combined_L2,1.0,1.0,0.9997732041724536,4.0
sub-247,True,,paired,paired_lr_combined_L2,0.0,0.0,1.507309378296429e-08,4.0
sub-252,True,,paired,paired_lr_combined_L2,0.0,0.0,0.053069225904420515,4.0
sub-256,True,,paired,paired_lr_combined_L2,1.0,1.0,0.9843266461360638,4.0
sub-262,True,,paired,paired_lr_combined_L2,0.0,0.0,2.180014620310302e-06,4.0
sub-264,True,,paired,paired_lr_combined_L2,1.0,1.0,0.9835661080471063,4.0
sub-272,True,,paired,paired_lr_combined_L2,0.0,0.0,3.473671828149968e-05,4.0
sub-279,True,,paired,paired_lr_combined_L2,1.0,1.0,0.9999991349764581,4.0
sub-282,True,,paired,paired_lr_combined_L2,1.0,1.0,0.9995570849473663,4.0
sub-287,True,,paired,paired_lr_combined_L2,1.0,1.0,0.9751130146065852,4.0
sub-289,True,,paired,paired_lr_combined_L2,1.0,1.0,0.9999672120831147,4.0
sub-291,True,,paired,paired_lr_combined_L2,0.0,0.0,9.897327135444406e-05,4.0
sub-292,True,,paired,paired_lr_combined_L2,0.0,0.0,5.719054790928406e-06,4.0
sub-297,True,,paired,paired_lr_combined_L2,1.0,1.0,0.9949735349755519,4.0
sub-300,True,,paired,paired_lr_combined_L2,0.0,0.0,0.0002430429164589247,4.0
sub-304,True,,paired,paired_lr_combined_L2,1.0,1.0,0.8900938189715625,4.0
sub-311,True,,paired,paired_lr_combined_L2,0.0,0.0,0.030322928459792498,4.0
sub-313,False,,paired,paired_lr_combined_L2,1.0,0.0,0.48440939917981063,4.0
sub-318,True,,paired,paired_lr_combined_L2,1.0,1.0,0.9907161789966781,4.0
sub-323,True,,paired,paired_lr_combined_L2,1.0,1.0,0.9580343528695376,4.0
sub-354,True,,paired,paired_lr_combined_L2,1.0,1.0,0.986568916812656,4.0
sub-356,True,,paired,paired_lr_combined_L2,0.0,0.0,0.01013812919986354,4.0
sub-357,True,,paired,paired_lr_combined_L2,0.0,0.0,2.1726297231878326e-05,4.0
sub-358,True,,paired,paired_lr_combined_L2,1.0,1.0,0.9212643829062702,4.0
sub-361,True,,paired,paired_lr_combined_L2,0.0,0.0,2.95862620774251e-07,4.0
sub-362,True,,paired,paired_lr_combined_L2,1.0,1.0,0.9934321258722938,4.0
sub-375,True,,paired,paired_lr_combined_L2,1.0,1.0,0.999915738816922,4.0
sub-379,True,,paired,paired_lr_combined_L2,1.0,1.0,0.9999998466000839,4.0
sub-380,True,,paired,paired_lr_combined_L2,0.0,0.0,4.412670219487493e-06,4.0
sub-386,True,,paired,paired_lr_combined_L2,1.0,1.0,0.9971237047198925,4.0
sub-400,True,,paired,paired_lr_combined_L2,0.0,0.0,6.123853448028647e-06,4.0
sub-412,True,,paired,paired_lr_combined_L2,0.0,0.0,0.003044573441957893,4.0
sub-415,True,,paired,paired_lr_combined_L2,0.0,0.0,0.14047046495988236,4.0
sub-416,True,,paired,paired_lr_combined_L2,1.0,1.0,0.9946074032218287,4.0
sub-423,True,,paired,paired_lr_combined_L2,0.0,0.0,1.9998508081341452e-08,4.0
sub-425,True,,paired,paired_lr_combined_L2,0.0,0.0,0.17881403590122344,4.0
sub-429,True,,paired,paired_lr_combined_L2,0.0,0.0,0.053228969755449204,4.0
sub-434,True,,paired,paired_lr_combined_L2,1.0,1.0,0.9999627093828053,4.0
sub-435,True,,paired,paired_lr_combined_L2,0.0,0.0,4.2107237896341476e-05,4.0
sub-436,True,,paired,paired_lr_combined_L2,1.0,1.0,0.9999102294956362,4.0
sub-437,True,,paired,paired_lr_combined_L2,0.0,0.0,0.00014250128099540404,4.0
sub-442,True,,paired,paired_lr_combined_L2,1.0,1.0,0.99862329207434,4.0
sub-448,True,,paired,paired_lr_combined_L2,1.0,1.0,0.9999999580659116,4.0
sub-455,True,,paired,paired_lr_combined_L2,1.0,1.0,0.7613688935124806,4.0
sub-458,True,,paired,paired_lr_combined_L2,0.0,0.0,0.008209939762985535,4.0
sub-460,True,,paired,paired_lr_combined_L2,1.0,1.0,0.9999998360413171,4.0
sub-468,True,,paired,paired_lr_combined_L2,1.0,1.0,0.9798949496263445,4.0
sub-473,True,,paired,paired_lr_combined_L2,1.0,1.0,0.9993569851237574,4.0
sub-474,True,,paired,paired_lr_combined_L2,1.0,1.0,0.9999784361631392,4.0
sub-495,True,,paired,paired_lr_combined_L2,1.0,1.0,0.9999999963621578,4.0
sub-497,True,,paired,paired_lr_combined_L2,0.0,0.0,0.05783223276812177,4.0
sub-507,True,,paired,paired_lr_combined_L2,1.0,1.0,0.9982616216096002,4.0
sub-513,True,,paired,paired_lr_combined_L2,0.0,0.0,0.0002621871595978721,4.0
sub-515,True,,paired,paired_lr_combined_L2,0.0,0.0,1.0586788430158356e-06,4.0
sub-518,True,,paired,paired_lr_combined_L2,0.0,0.0,7.289209901777528e-06,4.0
sub-538,True,,paired,paired_lr_combined_L2,0.0,0.0,0.22428436695380696,4.0
sub-544,True,,paired,paired_lr_combined_L2,1.0,1.0,0.9971480895211456,4.0
sub-547,True,,paired,paired_lr_combined_L2,1.0,1.0,0.9998434996134011,4.0
sub-552,True,,paired,paired_lr_combined_L2,0.0,0.0,4.492062556814109e-05,4.0
sub-554,True,,paired,paired_lr_combined_L2,0.0,0.0,3.1098756093466337e-07,4.0
sub-559,True,,paired,paired_lr_combined_L2,0.0,0.0,0.016706057349663957,4.0
sub-562,False,,paired,paired_lr_combined_L2,0.0,1.0,0.6634389194475602,4.0
sub-563,True,,paired,paired_lr_combined_L2,1.0,1.0,0.9991325951054163,4.0
sub-571,True,,paired,paired_lr_combined_L2,1.0,1.0,0.9999665922357693,4.0
sub-574,True,,paired,paired_lr_combined_L2,0.0,0.0,1.0688209350042534e-06,4.0
sub-581,True,,paired,paired_lr_combined_L2,0.0,0.0,3.1013844434906944e-05,4.0
sub-587,True,,paired,paired_lr_combined_L2,1.0,1.0,0.8457628580283384,4.0
sub-590,True,,paired,paired_lr_combined_L2,0.0,0.0,1.2712436768585923e-07,4.0
sub-598,True,,paired,paired_lr_combined_L2,0.0,0.0,0.004531816976542374,4.0
sub-601,True,,paired,paired_lr_combined_L2,1.0,1.0,0.9787027240988581,4.0
sub-001,True,,paired,paired_lr_combined_L2,1.0,1.0,0.9999998080629735,5.0
sub-007,True,,paired,paired_lr_combined_L2,0.0,0.0,1.661520330643529e-06,5.0
sub-008,True,,paired,paired_lr_combined_L2,0.0,0.0,0.0001071071339929135,5.0
sub-009,False,,paired,paired_lr_combined_L2,1.0,0.0,0.0018928964713168712,5.0
sub-012,True,,paired,paired_lr_combined_L2,0.0,0.0,0.1495994071370392,5.0
sub-020,True,,paired,paired_lr_combined_L2,1.0,1.0,0.9307286289921152,5.0
sub-021,True,,paired,paired_lr_combined_L2,1.0,1.0,0.9999956331606286,5.0
sub-029,True,,paired,paired_lr_combined_L2,1.0,1.0,0.999863314388395,5.0
sub-037,True,,paired,paired_lr_combined_L2,0.0,0.0,0.00023380216482871496,5.0
sub-052,True,,paired,paired_lr_combined_L2,0.0,0.0,1.5777922672891367e-08,5.0
sub-054,True,,paired,paired_lr_combined_L2,1.0,1.0,0.9999999785320897,5.0
sub-055,True,,paired,paired_lr_combined_L2,0.0,0.0,2.4451853478522956e-05,5.0
sub-056,True,,paired,paired_lr_combined_L2,1.0,1.0,0.9796193935822902,5.0
sub-071,True,,paired,paired_lr_combined_L2,1.0,1.0,0.9999999773985463,5.0
sub-084,True,,paired,paired_lr_combined_L2,0.0,0.0,0.00485530061914756,5.0
sub-095,True,,paired,paired_lr_combined_L2,1.0,1.0,0.5921375865488927,5.0
sub-101,True,,paired,paired_lr_combined_L2,0.0,0.0,0.0002447786532938788,5.0
sub-104,True,,paired,paired_lr_combined_L2,0.0,0.0,0.01664394089404139,5.0
sub-120,False,,paired,paired_lr_combined_L2,1.0,0.0,0.43528952783533126,5.0
sub-124,True,,paired,paired_lr_combined_L2,0.0,0.0,0.010463098754001528,5.0
sub-125,True,,paired,paired_lr_combined_L2,0.0,0.0,0.0009315559675880132,5.0
sub-128,True,,paired,paired_lr_combined_L2,0.0,0.0,0.030595884034772675,5.0
sub-134,True,,paired,paired_lr_combined_L2,0.0,0.0,0.00019444326098511198,5.0
sub-149,True,,paired,paired_lr_combined_L2,0.0,0.0,4.2037250840050787e-07,5.0
sub-156,True,,paired,paired_lr_combined_L2,1.0,1.0,0.9992658160944721,5.0
sub-160,True,,paired,paired_lr_combined_L2,1.0,1.0,0.9990015995761258,5.0
sub-171,True,,paired,paired_lr_combined_L2,1.0,1.0,0.9999865260561627,5.0
sub-175,True,,paired,paired_lr_combined_L2,0.0,0.0,0.030053363081141676,5.0
sub-179,True,,paired,paired_lr_combined_L2,0.0,0.0,0.00032615599073064657,5.0
sub-183,True,,paired,paired_lr_combined_L2,0.0,0.0,7.754181906950697e-06,5.0
sub-190,True,,paired,paired_lr_combined_L2,1.0,1.0,0.9999621304902067,5.0
sub-195,True,,paired,paired_lr_combined_L2,1.0,1.0,0.99999910254199,5.0
sub-200,False,,paired,paired_lr_combined_L2,1.0,0.0,0.43641656127621004,5.0
sub-204,True,,paired,paired_lr_combined_L2,0.0,0.0,2.7224903739839382e-05,5.0
sub-206,True,,paired,paired_lr_combined_L2,1.0,1.0,0.9999986165424121,5.0
sub-213,True,,paired,paired_lr_combined_L2,0.0,0.0,0.013558738632671576,5.0
sub-214,True,,paired,paired_lr_combined_L2,1.0,1.0,0.8239969110184789,5.0
sub-215,True,,paired,paired_lr_combined_L2,0.0,0.0,5.947132763318932e-10,5.0
sub-224,True,,paired,paired_lr_combined_L2,1.0,1.0,0.9999774618972733,5.0
sub-234,True,,paired,paired_lr_combined_L2,1.0,1.0,0.9994034861933484,5.0
sub-239,True,,paired,paired_lr_combined_L2,0.0,0.0,1.274009010027988e-06,5.0
sub-242,True,,paired,paired_lr_combined_L2,0.0,0.0,1.4448654626448396e-07,5.0
sub-243,True,,paired,paired_lr_combined_L2,1.0,1.0,0.7863047320741375,5.0
sub-244,True,,paired,paired_lr_combined_L2,0.0,0.0,0.3058101794163016,5.0
sub-246,True,,paired,paired_lr_combined_L2,1.0,1.0,0.9999998575730601,5.0
sub-250,True,,paired,paired_lr_combined_L2,1.0,1.0,0.9999999880802536,5.0
sub-258,True,,paired,paired_lr_combined_L2,0.0,0.0,2.0770808763008142e-05,5.0
sub-259,True,,paired,paired_lr_combined_L2,0.0,0.0,7.634370717099132e-06,5.0
sub-267,True,,paired,paired_lr_combined_L2,1.0,1.0,0.9999999997192202,5.0
sub-269,True,,paired,paired_lr_combined_L2,0.0,0.0,0.0014860111482319113,5.0
sub-283,True,,paired,paired_lr_combined_L2,0.0,0.0,3.423841542060697e-08,5.0
sub-285,True,,paired,paired_lr_combined_L2,1.0,1.0,0.996950117500513,5.0
sub-293,True,,paired,paired_lr_combined_L2,1.0,1.0,0.9999963597925059,5.0
sub-307,True,,paired,paired_lr_combined_L2,0.0,0.0,0.021121611704528143,5.0
sub-308,True,,paired,paired_lr_combined_L2,1.0,1.0,0.9983772713235688,5.0
sub-316,True,,paired,paired_lr_combined_L2,1.0,1.0,0.9324802446735458,5.0
sub-327,True,,paired,paired_lr_combined_L2,1.0,1.0,0.9999935139926583,5.0
sub-335,True,,paired,paired_lr_combined_L2,1.0,1.0,0.9999059640302086,5.0
sub-337,True,,paired,paired_lr_combined_L2,0.0,0.0,1.6606563908699774e-06,5.0
sub-339,True,,paired,paired_lr_combined_L2,1.0,1.0,0.9856963039450896,5.0
sub-342,True,,paired,paired_lr_combined_L2,0.0,0.0,2.3100695228088537e-08,5.0
sub-343,True,,paired,paired_lr_combined_L2,1.0,1.0,0.9999890705315263,5.0
sub-344,True,,paired,paired_lr_combined_L2,1.0,1.0,0.9999969437284785,5.0
sub-345,True,,paired,paired_lr_combined_L2,0.0,0.0,0.06008900342387718,5.0
sub-346,True,,paired,paired_lr_combined_L2,1.0,1.0,0.9892359499997704,5.0
sub-365,True,,paired,paired_lr_combined_L2,1.0,1.0,0.9999999946742926,5.0
sub-367,True,,paired,paired_lr_combined_L2,0.0,0.0,0.003139510263980686,5.0
sub-368,True,,paired,paired_lr_combined_L2,0.0,0.0,0.45919860086465153,5.0
sub-371,True,,paired,paired_lr_combined_L2,1.0,1.0,0.992882523912441,5.0
sub-372,True,,paired,paired_lr_combined_L2,0.0,0.0,0.00010318836767562192,5.0
sub-374,True,,paired,paired_lr_combined_L2,0.0,0.0,0.0012071159908748534,5.0
sub-385,True,,paired,paired_lr_combined_L2,0.0,0.0,3.1624339713146656e-08,5.0
sub-387,True,,paired,paired_lr_combined_L2,1.0,1.0,0.993168258844484,5.0
sub-393,True,,paired,paired_lr_combined_L2,0.0,0.0,1.1724046819242063e-06,5.0
sub-395,True,,paired,paired_lr_combined_L2,0.0,0.0,1.7769247756201658e-05,5.0
sub-402,True,,paired,paired_lr_combined_L2,0.0,0.0,9.941724250722794e-05,5.0
sub-404,True,,paired,paired_lr_combined_L2,1.0,1.0,0.9999999973444726,5.0
sub-406,True,,paired,paired_lr_combined_L2,0.0,0.0,0.04269198157470522,5.0
sub-407,True,,paired,paired_lr_combined_L2,0.0,0.0,0.00013096339708665324,5.0
sub-411,True,,paired,paired_lr_combined_L2,1.0,1.0,0.9998664839621214,5.0
sub-420,True,,paired,paired_lr_combined_L2,1.0,1.0,0.7947689867316119,5.0
sub-422,True,,paired,paired_lr_combined_L2,0.0,0.0,2.434867044495416e-06,5.0
sub-426,True,,paired,paired_lr_combined_L2,0.0,0.0,0.44380494607569004,5.0
sub-430,False,,paired,paired_lr_combined_L2,1.0,0.0,0.332315271016029,5.0
sub-431,True,,paired,paired_lr_combined_L2,1.0,1.0,0.9957682022213215,5.0
sub-438,True,,paired,paired_lr_combined_L2,0.0,0.0,3.944983438252129e-05,5.0
sub-439,True,,paired,paired_lr_combined_L2,0.0,0.0,0.0003691334130729166,5.0
sub-440,True,,paired,paired_lr_combined_L2,0.0,0.0,0.0007205695284855568,5.0
sub-443,True,,paired,paired_lr_combined_L2,1.0,1.0,0.9999914309078668,5.0
sub-444,True,,paired,paired_lr_combined_L2,0.0,0.0,4.8441393138585675e-06,5.0
sub-445,True,,paired,paired_lr_combined_L2,1.0,1.0,0.9997118157013634,5.0
sub-454,True,,paired,paired_lr_combined_L2,1.0,1.0,0.9924785495909505,5.0
sub-456,True,,paired,paired_lr_combined_L2,1.0,1.0,0.9726064715743022,5.0
sub-475,True,,paired,paired_lr_combined_L2,1.0,1.0,0.9999999931983063,5.0
sub-487,True,,paired,paired_lr_combined_L2,0.0,0.0,0.031349065922503166,5.0
sub-498,True,,paired,paired_lr_combined_L2,1.0,1.0,0.99998734790252,5.0
sub-505,True,,paired,paired_lr_combined_L2,0.0,0.0,0.0027647323376351037,5.0
sub-506,True,,paired,paired_lr_combined_L2,0.0,0.0,0.0747455682443989,5.0
sub-508,True,,paired,paired_lr_combined_L2,1.0,1.0,0.999999935691872,5.0
sub-510,True,,paired,paired_lr_combined_L2,0.0,0.0,0.012121350937617568,5.0
sub-523,True,,paired,paired_lr_combined_L2,1.0,1.0,0.9959814355882209,5.0
sub-529,True,,paired,paired_lr_combined_L2,1.0,1.0,0.9974258845862398,5.0
sub-537,True,,paired,paired_lr_combined_L2,1.0,1.0,0.9999992960436859,5.0
sub-539,True,,paired,paired_lr_combined_L2,1.0,1.0,0.9596627971368443,5.0
sub-545,True,,paired,paired_lr_combined_L2,1.0,1.0,0.9475729064673214,5.0
sub-548,True,,paired,paired_lr_combined_L2,0.0,0.0,1.0249397113840661e-08,5.0
sub-551,False,,paired,paired_lr_combined_L2,0.0,1.0,0.819417053859749,5.0
sub-555,True,,paired,paired_lr_combined_L2,0.0,0.0,7.315368781685132e-06,5.0
sub-564,True,,paired,paired_lr_combined_L2,1.0,1.0,0.999999942393875,5.0
sub-570,True,,paired,paired_lr_combined_L2,1.0,1.0,0.9963616375323235,5.0
sub-572,True,,paired,paired_lr_combined_L2,1.0,1.0,0.9999227146037837,5.0
sub-573,True,,paired,paired_lr_combined_L2,0.0,0.0,9.800954685490965e-08,5.0
sub-589,True,,paired,paired_lr_combined_L2,0.0,0.0,2.6969980254041056e-08,5.0
sub-593,True,,paired,paired_lr_combined_L2,1.0,1.0,0.9999438276285499,5.0
sub-594,True,,paired,paired_lr_combined_L2,0.0,0.0,1.4678912382546643e-09,5.0
sub-596,True,,paired,paired_lr_combined_L2,0.0,0.0,0.012148388180499512,5.0
sub-603,True,,paired,paired_lr_combined_L2,0.0,0.0,2.421714550655884e-07,5.0
sub-607,True,,paired,paired_lr_combined_L2,1.0,1.0,0.8959885488318055,5.0
sub-014,True,,paired,paired_lr_posterior_channels_L1,0.0,0.0,0.008581171226996406,1.0
sub-015,True,,paired,paired_lr_posterior_channels_L1,0.0,0.0,0.0035502905905144422,1.0
sub-016,True,,paired,paired_lr_posterior_channels_L1,1.0,1.0,0.9999852534128003,1.0
sub-017,True,,paired,paired_lr_posterior_channels_L1,1.0,1.0,0.9841635379753795,1.0
sub-022,True,,paired,paired_lr_posterior_channels_L1,0.0,0.0,0.0006378881755728032,1.0
sub-031,True,,paired,paired_lr_posterior_channels_L1,1.0,1.0,0.9998749178439258,1.0
sub-032,True,,paired,paired_lr_posterior_channels_L1,1.0,1.0,0.9774637364443814,1.0
sub-041,True,,paired,paired_lr_posterior_channels_L1,0.0,0.0,0.10683868962306356,1.0
sub-048,True,,paired,paired_lr_posterior_channels_L1,0.0,0.0,0.00133795091478436,1.0
sub-051,True,,paired,paired_lr_posterior_channels_L1,1.0,1.0,0.9999921804503556,1.0
sub-061,True,,paired,paired_lr_posterior_channels_L1,1.0,1.0,0.9999863499451278,1.0
sub-070,True,,paired,paired_lr_posterior_channels_L1,0.0,0.0,0.00018389067054700912,1.0
sub-073,True,,paired,paired_lr_posterior_channels_L1,0.0,0.0,3.9444048705011294e-05,1.0
sub-081,True,,paired,paired_lr_posterior_channels_L1,1.0,1.0,0.999961622434919,1.0
sub-085,True,,paired,paired_lr_posterior_channels_L1,1.0,1.0,0.9989310484895628,1.0
sub-087,True,,paired,paired_lr_posterior_channels_L1,1.0,1.0,0.727099214509604,1.0
sub-092,True,,paired,paired_lr_posterior_channels_L1,1.0,1.0,0.9999862994427964,1.0
sub-094,True,,paired,paired_lr_posterior_channels_L1,1.0,1.0,0.9995019911525588,1.0
sub-096,True,,paired,paired_lr_posterior_channels_L1,1.0,1.0,0.9402190017297564,1.0
sub-099,True,,paired,paired_lr_posterior_channels_L1,1.0,1.0,0.9880974754955341,1.0
sub-100,True,,paired,paired_lr_posterior_channels_L1,0.0,0.0,0.1999065899681556,1.0
sub-105,True,,paired,paired_lr_posterior_channels_L1,0.0,0.0,0.003361201263128061,1.0
sub-106,True,,paired,paired_lr_posterior_channels_L1,0.0,0.0,0.00010207201489373363,1.0
sub-108,True,,paired,paired_lr_posterior_channels_L1,0.0,0.0,2.9687092011543355e-05,1.0
sub-110,True,,paired,paired_lr_posterior_channels_L1,0.0,0.0,5.537119648169622e-06,1.0
sub-112,True,,paired,paired_lr_posterior_channels_L1,1.0,1.0,0.9999694538247494,1.0
sub-132,True,,paired,paired_lr_posterior_channels_L1,1.0,1.0,0.9990433012833885,1.0
sub-138,True,,paired,paired_lr_posterior_channels_L1,1.0,1.0,0.9999936312412632,1.0
sub-143,True,,paired,paired_lr_posterior_channels_L1,1.0,1.0,0.9969454204949332,1.0
sub-148,True,,paired,paired_lr_posterior_channels_L1,0.0,0.0,8.306181808775613e-07,1.0
sub-152,False,,paired,paired_lr_posterior_channels_L1,1.0,0.0,0.27991928568197444,1.0
sub-154,True,,paired,paired_lr_posterior_channels_L1,1.0,1.0,0.9883653956731413,1.0
sub-155,True,,paired,paired_lr_posterior_channels_L1,0.0,0.0,0.018072506237973046,1.0
sub-164,True,,paired,paired_lr_posterior_channels_L1,0.0,0.0,0.07429718399338527,1.0
sub-178,True,,paired,paired_lr_posterior_channels_L1,1.0,1.0,0.9367008902226638,1.0
sub-188,True,,paired,paired_lr_posterior_channels_L1,0.0,0.0,1.0251368401480279e-05,1.0
sub-198,True,,paired,paired_lr_posterior_channels_L1,0.0,0.0,0.007395264558891449,1.0
sub-199,True,,paired,paired_lr_posterior_channels_L1,1.0,1.0,0.7906098138872223,1.0
sub-208,True,,paired,paired_lr_posterior_channels_L1,1.0,1.0,0.9782542957082013,1.0
sub-216,True,,paired,paired_lr_posterior_channels_L1,1.0,1.0,0.9987768365043678,1.0
sub-220,True,,paired,paired_lr_posterior_channels_L1,0.0,0.0,0.002124952094145392,1.0
sub-232,True,,paired,paired_lr_posterior_channels_L1,1.0,1.0,0.9999937221174451,1.0
sub-236,True,,paired,paired_lr_posterior_channels_L1,0.0,0.0,0.00020740659212492132,1.0
sub-251,True,,paired,paired_lr_posterior_channels_L1,1.0,1.0,0.8727252001091795,1.0
sub-266,True,,paired,paired_lr_posterior_channels_L1,0.0,0.0,0.010908647862294063,1.0
sub-275,True,,paired,paired_lr_posterior_channels_L1,1.0,1.0,0.8560823194111271,1.0
sub-278,True,,paired,paired_lr_posterior_channels_L1,0.0,0.0,0.0019167308842000077,1.0
sub-296,True,,paired,paired_lr_posterior_channels_L1,0.0,0.0,2.5610281122082207e-05,1.0
sub-298,True,,paired,paired_lr_posterior_channels_L1,1.0,1.0,0.757649616662632,1.0
sub-299,True,,paired,paired_lr_posterior_channels_L1,1.0,1.0,0.999963765963973,1.0
sub-302,True,,paired,paired_lr_posterior_channels_L1,1.0,1.0,0.9682511395612513,1.0
sub-310,True,,paired,paired_lr_posterior_channels_L1,0.0,0.0,0.0007083932773918982,1.0
sub-314,True,,paired,paired_lr_posterior_channels_L1,1.0,1.0,0.9589280831402905,1.0
sub-320,True,,paired,paired_lr_posterior_channels_L1,0.0,0.0,0.10917497806676546,1.0
sub-321,True,,paired,paired_lr_posterior_channels_L1,1.0,1.0,0.9995234368401759,1.0
sub-325,True,,paired,paired_lr_posterior_channels_L1,1.0,1.0,0.9984166021353832,1.0
sub-330,True,,paired,paired_lr_posterior_channels_L1,0.0,0.0,2.346525772622407e-06,1.0
sub-333,True,,paired,paired_lr_posterior_channels_L1,0.0,0.0,0.0020330072302244175,1.0
sub-336,True,,paired,paired_lr_posterior_channels_L1,1.0,1.0,0.9984270769362276,1.0
sub-348,True,,paired,paired_lr_posterior_channels_L1,1.0,1.0,0.8798349989662195,1.0
sub-351,True,,paired,paired_lr_posterior_channels_L1,0.0,0.0,0.0008379454081788043,1.0
sub-359,True,,paired,paired_lr_posterior_channels_L1,0.0,0.0,1.0448268598564565e-07,1.0
sub-364,True,,paired,paired_lr_posterior_channels_L1,1.0,1.0,0.9135978866209211,1.0
sub-373,True,,paired,paired_lr_posterior_channels_L1,1.0,1.0,0.9999999962653847,1.0
sub-376,True,,paired,paired_lr_posterior_channels_L1,1.0,1.0,0.9916028070464471,1.0
sub-378,True,,paired,paired_lr_posterior_channels_L1,1.0,1.0,0.9997307676846194,1.0
sub-381,True,,paired,paired_lr_posterior_channels_L1,0.0,0.0,0.13288919082568434,1.0
sub-384,True,,paired,paired_lr_posterior_channels_L1,0.0,0.0,0.0004853461085583478,1.0
sub-388,True,,paired,paired_lr_posterior_channels_L1,0.0,0.0,0.003177196962897202,1.0
sub-397,True,,paired,paired_lr_posterior_channels_L1,0.0,0.0,2.8146947714277e-05,1.0
sub-401,True,,paired,paired_lr_posterior_channels_L1,0.0,0.0,0.37507093080337056,1.0
sub-405,True,,paired,paired_lr_posterior_channels_L1,1.0,1.0,0.99975894517876,1.0
sub-408,True,,paired,paired_lr_posterior_channels_L1,0.0,0.0,2.8129276576505308e-05,1.0
sub-414,True,,paired,paired_lr_posterior_channels_L1,1.0,1.0,0.9423227108470957,1.0
sub-418,True,,paired,paired_lr_posterior_channels_L1,1.0,1.0,0.9990220201431878,1.0
sub-424,True,,paired,paired_lr_posterior_channels_L1,1.0,1.0,0.9903927118240787,1.0
sub-441,True,,paired,paired_lr_posterior_channels_L1,1.0,1.0,0.9998746225446196,1.0
sub-449,True,,paired,paired_lr_posterior_channels_L1,1.0,1.0,0.9999288447360983,1.0
sub-451,True,,paired,paired_lr_posterior_channels_L1,1.0,1.0,0.9999908544633017,1.0
sub-463,True,,paired,paired_lr_posterior_channels_L1,0.0,0.0,0.02110075363418482,1.0
sub-465,True,,paired,paired_lr_posterior_channels_L1,0.0,0.0,0.09796598723792155,1.0
sub-467,True,,paired,paired_lr_posterior_channels_L1,1.0,1.0,0.9988226054965075,1.0
sub-470,True,,paired,paired_lr_posterior_channels_L1,0.0,0.0,3.0213881578282932e-05,1.0
sub-471,True,,paired,paired_lr_posterior_channels_L1,0.0,0.0,1.719587030966929e-05,1.0
sub-476,True,,paired,paired_lr_posterior_channels_L1,1.0,1.0,0.9999797767259715,1.0
sub-479,False,,paired,paired_lr_posterior_channels_L1,1.0,0.0,0.12860515267624226,1.0
sub-481,True,,paired,paired_lr_posterior_channels_L1,0.0,0.0,3.062315528511152e-05,1.0
sub-485,True,,paired,paired_lr_posterior_channels_L1,1.0,1.0,0.9999906170258833,1.0
sub-486,True,,paired,paired_lr_posterior_channels_L1,0.0,0.0,0.11210375350457957,1.0
sub-490,True,,paired,paired_lr_posterior_channels_L1,1.0,1.0,0.6890726225278563,1.0
sub-491,True,,paired,paired_lr_posterior_channels_L1,0.0,0.0,0.0001729587171287952,1.0
sub-496,True,,paired,paired_lr_posterior_channels_L1,1.0,1.0,0.9999642028288611,1.0
sub-499,True,,paired,paired_lr_posterior_channels_L1,0.0,0.0,0.016864163305764842,1.0
sub-501,True,,paired,paired_lr_posterior_channels_L1,1.0,1.0,0.9999298612596362,1.0
sub-502,True,,paired,paired_lr_posterior_channels_L1,0.0,0.0,0.00027483794482942927,1.0
sub-521,True,,paired,paired_lr_posterior_channels_L1,1.0,1.0,0.9704261867506848,1.0
sub-524,True,,paired,paired_lr_posterior_channels_L1,0.0,0.0,0.006369454819280068,1.0
sub-526,True,,paired,paired_lr_posterior_channels_L1,1.0,1.0,0.9993965069698294,1.0
sub-530,True,,paired,paired_lr_posterior_channels_L1,0.0,0.0,3.344003215642845e-05,1.0
sub-535,True,,paired,paired_lr_posterior_channels_L1,0.0,0.0,1.1285442979962187e-07,1.0
sub-536,True,,paired,paired_lr_posterior_channels_L1,0.0,0.0,0.0046750424395947355,1.0
sub-540,True,,paired,paired_lr_posterior_channels_L1,1.0,1.0,0.9992268834466151,1.0
sub-541,True,,paired,paired_lr_posterior_channels_L1,1.0,1.0,0.9999960816519178,1.0
sub-543,True,,paired,paired_lr_posterior_channels_L1,0.0,0.0,0.014420581987486459,1.0
sub-556,True,,paired,paired_lr_posterior_channels_L1,1.0,1.0,0.9897102200865945,1.0
sub-557,True,,paired,paired_lr_posterior_channels_L1,1.0,1.0,0.9930748785970318,1.0
sub-561,True,,paired,paired_lr_posterior_channels_L1,0.0,0.0,0.01329695876773937,1.0
sub-565,True,,paired,paired_lr_posterior_channels_L1,1.0,1.0,0.9771055122830375,1.0
sub-567,True,,paired,paired_lr_posterior_channels_L1,0.0,0.0,0.20826983579739813,1.0
sub-568,True,,paired,paired_lr_posterior_channels_L1,0.0,0.0,0.4427936782508932,1.0
sub-578,True,,paired,paired_lr_posterior_channels_L1,0.0,0.0,1.1322620967746212e-05,1.0
sub-579,True,,paired,paired_lr_posterior_channels_L1,0.0,0.0,0.001429294231918664,1.0
sub-582,True,,paired,paired_lr_posterior_channels_L1,0.0,0.0,0.016871723721854602,1.0
sub-585,True,,paired,paired_lr_posterior_channels_L1,0.0,0.0,0.0017242610170124693,1.0
sub-591,True,,paired,paired_lr_posterior_channels_L1,0.0,0.0,0.16492373560068382,1.0
sub-595,True,,paired,paired_lr_posterior_channels_L1,1.0,1.0,0.8310668948771219,1.0
sub-597,True,,paired,paired_lr_posterior_channels_L1,0.0,0.0,0.0010699832775162828,1.0
sub-599,True,,paired,paired_lr_posterior_channels_L1,0.0,0.0,0.23594774299147103,1.0
sub-605,True,,paired,paired_lr_posterior_channels_L1,0.0,0.0,0.0004482974884227315,1.0
sub-003,True,,paired,paired_lr_posterior_channels_L1,1.0,1.0,0.9997420453408437,2.0
sub-005,True,,paired,paired_lr_posterior_channels_L1,1.0,1.0,0.9999319400125871,2.0
sub-006,True,,paired,paired_lr_posterior_channels_L1,0.0,0.0,0.009766896636774854,2.0
sub-010,True,,paired,paired_lr_posterior_channels_L1,0.0,0.0,0.0013799293193323223,2.0
sub-018,True,,paired,paired_lr_posterior_channels_L1,0.0,0.0,0.01654635532387292,2.0
sub-023,True,,paired,paired_lr_posterior_channels_L1,1.0,1.0,0.9991067946924345,2.0
sub-026,True,,paired,paired_lr_posterior_channels_L1,1.0,1.0,0.9999831706420736,2.0
sub-030,True,,paired,paired_lr_posterior_channels_L1,0.0,0.0,0.13954824177841105,2.0
sub-036,True,,paired,paired_lr_posterior_channels_L1,0.0,0.0,0.07626797926928129,2.0
sub-046,True,,paired,paired_lr_posterior_channels_L1,1.0,1.0,0.9992368427496939,2.0
sub-047,True,,paired,paired_lr_posterior_channels_L1,0.0,0.0,0.13878794406411113,2.0
sub-050,False,,paired,paired_lr_posterior_channels_L1,1.0,0.0,0.452439836857826,2.0
sub-053,True,,paired,paired_lr_posterior_channels_L1,0.0,0.0,0.03916513522974042,2.0
sub-057,True,,paired,paired_lr_posterior_channels_L1,0.0,0.0,0.10069130081999468,2.0
sub-064,True,,paired,paired_lr_posterior_channels_L1,0.0,0.0,7.862332453139127e-06,2.0
sub-066,True,,paired,paired_lr_posterior_channels_L1,1.0,1.0,0.9999980116582743,2.0
sub-077,True,,paired,paired_lr_posterior_channels_L1,0.0,0.0,2.3736413152129022e-05,2.0
sub-080,True,,paired,paired_lr_posterior_channels_L1,1.0,1.0,0.9999978803590059,2.0
sub-082,True,,paired,paired_lr_posterior_channels_L1,0.0,0.0,0.00013649250545159163,2.0
sub-086,True,,paired,paired_lr_posterior_channels_L1,1.0,1.0,0.996818138313522,2.0
sub-107,True,,paired,paired_lr_posterior_channels_L1,1.0,1.0,0.747518946855926,2.0
sub-109,True,,paired,paired_lr_posterior_channels_L1,1.0,1.0,0.8943501698281778,2.0
sub-114,True,,paired,paired_lr_posterior_channels_L1,0.0,0.0,0.006605724796639225,2.0
sub-116,True,,paired,paired_lr_posterior_channels_L1,0.0,0.0,0.0012116744045746813,2.0
sub-118,True,,paired,paired_lr_posterior_channels_L1,1.0,1.0,0.9964882899844371,2.0
sub-119,True,,paired,paired_lr_posterior_channels_L1,1.0,1.0,0.9999326621501828,2.0
sub-121,True,,paired,paired_lr_posterior_channels_L1,0.0,0.0,1.0168326014402814e-05,2.0
sub-123,True,,paired,paired_lr_posterior_channels_L1,1.0,1.0,0.9250343552355994,2.0
sub-126,True,,paired,paired_lr_posterior_channels_L1,0.0,0.0,0.0014175553386549954,2.0
sub-131,True,,paired,paired_lr_posterior_channels_L1,1.0,1.0,0.9999800231227235,2.0
sub-133,True,,paired,paired_lr_posterior_channels_L1,1.0,1.0,0.5847541254865418,2.0
sub-135,True,,paired,paired_lr_posterior_channels_L1,1.0,1.0,0.996578879633818,2.0
sub-136,True,,paired,paired_lr_posterior_channels_L1,1.0,1.0,0.9999943956834559,2.0
sub-137,True,,paired,paired_lr_posterior_channels_L1,1.0,1.0,0.9973740624839124,2.0
sub-144,True,,paired,paired_lr_posterior_channels_L1,1.0,1.0,0.9978106721940083,2.0
sub-145,True,,paired,paired_lr_posterior_channels_L1,0.0,0.0,0.013263309897374133,2.0
sub-147,True,,paired,paired_lr_posterior_channels_L1,1.0,1.0,0.9999869872366592,2.0
sub-153,True,,paired,paired_lr_posterior_channels_L1,0.0,0.0,0.10053993596645536,2.0
sub-158,False,,paired,paired_lr_posterior_channels_L1,0.0,1.0,0.5771668918273659,2.0
sub-161,True,,paired,paired_lr_posterior_channels_L1,0.0,0.0,4.4312694393741934e-05,2.0
sub-162,True,,paired,paired_lr_posterior_channels_L1,0.0,0.0,0.0009740402792094514,2.0
sub-163,True,,paired,paired_lr_posterior_channels_L1,1.0,1.0,0.9868914247059664,2.0
sub-165,True,,paired,paired_lr_posterior_channels_L1,1.0,1.0,0.9998138747184214,2.0
sub-169,True,,paired,paired_lr_posterior_channels_L1,1.0,1.0,0.9999726743650155,2.0
sub-172,True,,paired,paired_lr_posterior_channels_L1,0.0,0.0,0.12211748921773259,2.0
sub-181,True,,paired,paired_lr_posterior_channels_L1,1.0,1.0,0.9999925328835939,2.0
sub-187,True,,paired,paired_lr_posterior_channels_L1,1.0,1.0,0.9998122142562256,2.0
sub-191,True,,paired,paired_lr_posterior_channels_L1,0.0,0.0,4.4704993524703796e-05,2.0
sub-194,True,,paired,paired_lr_posterior_channels_L1,1.0,1.0,0.8871457014844514,2.0
sub-210,True,,paired,paired_lr_posterior_channels_L1,0.0,0.0,0.012468250400630447,2.0
sub-217,True,,paired,paired_lr_posterior_channels_L1,1.0,1.0,0.9989191994749488,2.0
sub-221,True,,paired,paired_lr_posterior_channels_L1,1.0,1.0,0.9987635976894094,2.0
sub-223,True,,paired,paired_lr_posterior_channels_L1,0.0,0.0,0.0011802387699351492,2.0
sub-225,True,,paired,paired_lr_posterior_channels_L1,1.0,1.0,0.9999657678032884,2.0
sub-226,True,,paired,paired_lr_posterior_channels_L1,0.0,0.0,1.2434954980542988e-06,2.0
sub-233,True,,paired,paired_lr_posterior_channels_L1,1.0,1.0,0.8990306427370217,2.0
sub-235,True,,paired,paired_lr_posterior_channels_L1,1.0,1.0,0.9999992094600291,2.0
sub-238,True,,paired,paired_lr_posterior_channels_L1,0.0,0.0,8.625411763090428e-06,2.0
sub-255,True,,paired,paired_lr_posterior_channels_L1,1.0,1.0,0.9774359218457797,2.0
sub-273,True,,paired,paired_lr_posterior_channels_L1,1.0,1.0,0.997930824331037,2.0
sub-276,True,,paired,paired_lr_posterior_channels_L1,1.0,1.0,0.9995097554222475,2.0
sub-280,True,,paired,paired_lr_posterior_channels_L1,1.0,1.0,0.9999278538218436,2.0
sub-281,True,,paired,paired_lr_posterior_channels_L1,0.0,0.0,4.34346027853982e-06,2.0
sub-286,True,,paired,paired_lr_posterior_channels_L1,0.0,0.0,0.018295997183483702,2.0
sub-290,True,,paired,paired_lr_posterior_channels_L1,1.0,1.0,0.9992434887030461,2.0
sub-295,True,,paired,paired_lr_posterior_channels_L1,1.0,1.0,0.9524413905546094,2.0
sub-301,True,,paired,paired_lr_posterior_channels_L1,0.0,0.0,7.354841049303421e-05,2.0
sub-305,True,,paired,paired_lr_posterior_channels_L1,0.0,0.0,0.0021150092663048243,2.0
sub-309,True,,paired,paired_lr_posterior_channels_L1,0.0,0.0,0.3636287377539445,2.0
sub-315,True,,paired,paired_lr_posterior_channels_L1,1.0,1.0,0.9994818054021486,2.0
sub-317,True,,paired,paired_lr_posterior_channels_L1,0.0,0.0,0.00032294677208696273,2.0
sub-322,True,,paired,paired_lr_posterior_channels_L1,1.0,1.0,0.9997333881699512,2.0
sub-326,True,,paired,paired_lr_posterior_channels_L1,0.0,0.0,0.0007899099478788245,2.0
sub-329,True,,paired,paired_lr_posterior_channels_L1,0.0,0.0,7.049770555198284e-05,2.0
sub-341,True,,paired,paired_lr_posterior_channels_L1,1.0,1.0,0.7167488818517584,2.0
sub-347,True,,paired,paired_lr_posterior_channels_L1,1.0,1.0,0.7903218269252806,2.0
sub-349,True,,paired,paired_lr_posterior_channels_L1,1.0,1.0,0.9476575888250849,2.0
sub-352,True,,paired,paired_lr_posterior_channels_L1,0.0,0.0,0.004977785698784884,2.0
sub-353,True,,paired,paired_lr_posterior_channels_L1,0.0,0.0,0.0001997072828440404,2.0
sub-355,True,,paired,paired_lr_posterior_channels_L1,0.0,0.0,1.244043739717681e-05,2.0
sub-369,True,,paired,paired_lr_posterior_channels_L1,0.0,0.0,8.943535300194124e-06,2.0
sub-390,True,,paired,paired_lr_posterior_channels_L1,1.0,1.0,0.9999991039566709,2.0
sub-392,True,,paired,paired_lr_posterior_channels_L1,0.0,0.0,0.003520551211266992,2.0
sub-394,True,,paired,paired_lr_posterior_channels_L1,0.0,0.0,1.0612481548255023e-05,2.0
sub-396,True,,paired,paired_lr_posterior_channels_L1,0.0,0.0,0.025581762195963205,2.0
sub-399,False,,paired,paired_lr_posterior_channels_L1,0.0,1.0,0.6387789028653168,2.0
sub-403,True,,paired,paired_lr_posterior_channels_L1,0.0,0.0,0.0011961508221561283,2.0
sub-409,True,,paired,paired_lr_posterior_channels_L1,1.0,1.0,0.9999962289985879,2.0
sub-410,True,,paired,paired_lr_posterior_channels_L1,0.0,0.0,0.0009824081986153732,2.0
sub-413,True,,paired,paired_lr_posterior_channels_L1,1.0,1.0,0.9999782122918274,2.0
sub-432,True,,paired,paired_lr_posterior_channels_L1,1.0,1.0,0.9711957003996642,2.0
sub-433,True,,paired,paired_lr_posterior_channels_L1,0.0,0.0,0.07673890011702815,2.0
sub-446,True,,paired,paired_lr_posterior_channels_L1,0.0,0.0,0.002896597260405572,2.0
sub-447,True,,paired,paired_lr_posterior_channels_L1,0.0,0.0,3.7609564158540405e-05,2.0
sub-450,True,,paired,paired_lr_posterior_channels_L1,0.0,0.0,0.009207538296034462,2.0
sub-452,True,,paired,paired_lr_posterior_channels_L1,1.0,1.0,0.9879795624532012,2.0
sub-457,True,,paired,paired_lr_posterior_channels_L1,0.0,0.0,0.0002897643731781443,2.0
sub-464,True,,paired,paired_lr_posterior_channels_L1,0.0,0.0,8.098482165716283e-08,2.0
sub-478,True,,paired,paired_lr_posterior_channels_L1,1.0,1.0,0.999999473623884,2.0
sub-480,False,,paired,paired_lr_posterior_channels_L1,0.0,1.0,0.5702278138054546,2.0
sub-489,True,,paired,paired_lr_posterior_channels_L1,1.0,1.0,0.9994257050241391,2.0
sub-494,True,,paired,paired_lr_posterior_channels_L1,1.0,1.0,0.9995909563914769,2.0
sub-509,True,,paired,paired_lr_posterior_channels_L1,1.0,1.0,0.9997932716465029,2.0
sub-511,True,,paired,paired_lr_posterior_channels_L1,1.0,1.0,0.9996543420220507,2.0
sub-520,True,,paired,paired_lr_posterior_channels_L1,0.0,0.0,0.0003087298454835654,2.0
sub-525,True,,paired,paired_lr_posterior_channels_L1,0.0,0.0,2.328531304036911e-06,2.0
sub-527,True,,paired,paired_lr_posterior_channels_L1,1.0,1.0,0.9996259562189095,2.0
sub-532,True,,paired,paired_lr_posterior_channels_L1,0.0,0.0,0.004495569797824991,2.0
sub-534,True,,paired,paired_lr_posterior_channels_L1,0.0,0.0,0.3475708296362417,2.0
sub-553,True,,paired,paired_lr_posterior_channels_L1,0.0,0.0,0.018811602323779073,2.0
sub-558,True,,paired,paired_lr_posterior_channels_L1,0.0,0.0,0.0366086155755141,2.0
sub-566,True,,paired,paired_lr_posterior_channels_L1,0.0,0.0,0.019867359695333757,2.0
sub-583,True,,paired,paired_lr_posterior_channels_L1,1.0,1.0,0.9974514700352872,2.0
sub-584,True,,paired,paired_lr_posterior_channels_L1,1.0,1.0,0.7662333311435496,2.0
sub-588,True,,paired,paired_lr_posterior_channels_L1,0.0,0.0,0.00019084805504953356,2.0
sub-602,True,,paired,paired_lr_posterior_channels_L1,1.0,1.0,0.6886281175486044,2.0
sub-606,True,,paired,paired_lr_posterior_channels_L1,1.0,1.0,0.996594157764315,2.0
sub-608,True,,paired,paired_lr_posterior_channels_L1,1.0,1.0,0.9385086484405466,2.0
sub-002,True,,paired,paired_lr_posterior_channels_L1,1.0,1.0,0.9999662740067046,3.0
sub-024,True,,paired,paired_lr_posterior_channels_L1,1.0,1.0,0.9999826312526,3.0
sub-028,False,,paired,paired_lr_posterior_channels_L1,0.0,1.0,0.5400241622008028,3.0
sub-035,True,,paired,paired_lr_posterior_channels_L1,1.0,1.0,0.9995624835500208,3.0
sub-039,True,,paired,paired_lr_posterior_channels_L1,1.0,1.0,0.9797161112327168,3.0
sub-040,True,,paired,paired_lr_posterior_channels_L1,1.0,1.0,0.7614264395297053,3.0
sub-044,True,,paired,paired_lr_posterior_channels_L1,1.0,1.0,0.9562946933933435,3.0
sub-058,True,,paired,paired_lr_posterior_channels_L1,1.0,1.0,0.814146246072312,3.0
sub-068,True,,paired,paired_lr_posterior_channels_L1,0.0,0.0,4.244750715227848e-07,3.0
sub-069,False,,paired,paired_lr_posterior_channels_L1,1.0,0.0,0.36405736896804586,3.0
sub-076,True,,paired,paired_lr_posterior_channels_L1,1.0,1.0,0.9999910187781529,3.0
sub-078,True,,paired,paired_lr_posterior_channels_L1,0.0,0.0,0.0009159979674002735,3.0
sub-089,True,,paired,paired_lr_posterior_channels_L1,1.0,1.0,0.9989235518008854,3.0
sub-090,True,,paired,paired_lr_posterior_channels_L1,1.0,1.0,0.9999226167698804,3.0
sub-091,True,,paired,paired_lr_posterior_channels_L1,1.0,1.0,0.9999968957501698,3.0
sub-093,True,,paired,paired_lr_posterior_channels_L1,0.0,0.0,0.007903229390634016,3.0
sub-097,True,,paired,paired_lr_posterior_channels_L1,0.0,0.0,2.7135623837936275e-05,3.0
sub-098,True,,paired,paired_lr_posterior_channels_L1,0.0,0.0,7.162282066889874e-05,3.0
sub-102,True,,paired,paired_lr_posterior_channels_L1,1.0,1.0,0.9999999898353565,3.0
sub-103,True,,paired,paired_lr_posterior_channels_L1,1.0,1.0,0.9600016791497352,3.0
sub-129,True,,paired,paired_lr_posterior_channels_L1,1.0,1.0,0.9999775894306278,3.0
sub-140,True,,paired,paired_lr_posterior_channels_L1,0.0,0.0,0.3632147932001694,3.0
sub-141,True,,paired,paired_lr_posterior_channels_L1,0.0,0.0,0.05940061160913033,3.0
sub-146,True,,paired,paired_lr_posterior_channels_L1,0.0,0.0,3.2497848834222443e-06,3.0
sub-150,False,,paired,paired_lr_posterior_channels_L1,1.0,0.0,0.49432046468408763,3.0
sub-159,True,,paired,paired_lr_posterior_channels_L1,1.0,1.0,0.989817492442812,3.0
sub-166,True,,paired,paired_lr_posterior_channels_L1,0.0,0.0,0.05170974660866095,3.0
sub-167,True,,paired,paired_lr_posterior_channels_L1,0.0,0.0,0.00042003516138580313,3.0
sub-173,True,,paired,paired_lr_posterior_channels_L1,1.0,1.0,0.9999903804624086,3.0
sub-174,True,,paired,paired_lr_posterior_channels_L1,1.0,1.0,0.9993822099582202,3.0
sub-177,True,,paired,paired_lr_posterior_channels_L1,1.0,1.0,0.9999995575332695,3.0
sub-180,True,,paired,paired_lr_posterior_channels_L1,1.0,1.0,0.9992249469848106,3.0
sub-182,True,,paired,paired_lr_posterior_channels_L1,0.0,0.0,6.45375522876504e-05,3.0
sub-184,True,,paired,paired_lr_posterior_channels_L1,1.0,1.0,0.9956538005943935,3.0
sub-192,True,,paired,paired_lr_posterior_channels_L1,1.0,1.0,0.9999820187054412,3.0
sub-193,True,,paired,paired_lr_posterior_channels_L1,1.0,1.0,0.9997702865856813,3.0
sub-201,False,,paired,paired_lr_posterior_channels_L1,1.0,0.0,0.41652887330122884,3.0
sub-202,True,,paired,paired_lr_posterior_channels_L1,0.0,0.0,0.08896974531769772,3.0
sub-219,True,,paired,paired_lr_posterior_channels_L1,1.0,1.0,0.9996197435041486,3.0
sub-222,True,,paired,paired_lr_posterior_channels_L1,0.0,0.0,2.773060706753194e-05,3.0
sub-228,False,,paired,paired_lr_posterior_channels_L1,1.0,0.0,0.3327614952235008,3.0
sub-231,True,,paired,paired_lr_posterior_channels_L1,0.0,0.0,9.262329658386049e-06,3.0
sub-240,True,,paired,paired_lr_posterior_channels_L1,0.0,0.0,1.309321919331144e-06,3.0
sub-245,True,,paired,paired_lr_posterior_channels_L1,0.0,0.0,0.1942038703936266,3.0
sub-248,True,,paired,paired_lr_posterior_channels_L1,0.0,0.0,0.0004776732573642781,3.0
sub-249,True,,paired,paired_lr_posterior_channels_L1,1.0,1.0,0.9460002521792521,3.0
sub-253,True,,paired,paired_lr_posterior_channels_L1,0.0,0.0,7.340476545509848e-06,3.0
sub-254,True,,paired,paired_lr_posterior_channels_L1,0.0,0.0,0.0014690724692829127,3.0
sub-257,True,,paired,paired_lr_posterior_channels_L1,1.0,1.0,0.7702628505701118,3.0
sub-260,True,,paired,paired_lr_posterior_channels_L1,1.0,1.0,0.8150989620122612,3.0
sub-261,True,,paired,paired_lr_posterior_channels_L1,0.0,0.0,0.0046125365280030505,3.0
sub-263,True,,paired,paired_lr_posterior_channels_L1,0.0,0.0,0.13258750560400934,3.0
sub-265,True,,paired,paired_lr_posterior_channels_L1,0.0,0.0,0.015546594993121757,3.0
sub-268,False,,paired,paired_lr_posterior_channels_L1,1.0,0.0,0.3186896694691054,3.0
sub-271,True,,paired,paired_lr_posterior_channels_L1,0.0,0.0,0.00014904530177419704,3.0
sub-274,True,,paired,paired_lr_posterior_channels_L1,0.0,0.0,0.46339867883634384,3.0
sub-277,False,,paired,paired_lr_posterior_channels_L1,0.0,1.0,0.5440796569169283,3.0
sub-284,True,,paired,paired_lr_posterior_channels_L1,1.0,1.0,0.9999589620014294,3.0
sub-294,True,,paired,paired_lr_posterior_channels_L1,0.0,0.0,1.200916774322706e-05,3.0
sub-303,True,,paired,paired_lr_posterior_channels_L1,1.0,1.0,0.8613013548641618,3.0
sub-312,True,,paired,paired_lr_posterior_channels_L1,0.0,0.0,0.0002464318107368639,3.0
sub-324,True,,paired,paired_lr_posterior_channels_L1,1.0,1.0,0.9987211303957393,3.0
sub-328,True,,paired,paired_lr_posterior_channels_L1,0.0,0.0,0.007480797666447387,3.0
sub-331,True,,paired,paired_lr_posterior_channels_L1,1.0,1.0,0.9933305715035711,3.0
sub-334,True,,paired,paired_lr_posterior_channels_L1,0.0,0.0,0.00118787833872851,3.0
sub-338,True,,paired,paired_lr_posterior_channels_L1,0.0,0.0,0.0063268449531366225,3.0
sub-340,True,,paired,paired_lr_posterior_channels_L1,0.0,0.0,0.009856364699909257,3.0
sub-350,True,,paired,paired_lr_posterior_channels_L1,1.0,1.0,0.9984593556883222,3.0
sub-363,True,,paired,paired_lr_posterior_channels_L1,0.0,0.0,0.1763235169706316,3.0
sub-366,True,,paired,paired_lr_posterior_channels_L1,0.0,0.0,0.3618992923552457,3.0
sub-370,True,,paired,paired_lr_posterior_channels_L1,0.0,0.0,4.76748908980143e-05,3.0
sub-377,True,,paired,paired_lr_posterior_channels_L1,1.0,1.0,0.8172057545798054,3.0
sub-382,False,,paired,paired_lr_posterior_channels_L1,0.0,1.0,0.7681081692233358,3.0
sub-383,True,,paired,paired_lr_posterior_channels_L1,1.0,1.0,0.9999820007221657,3.0
sub-389,True,,paired,paired_lr_posterior_channels_L1,1.0,1.0,0.9908951539434633,3.0
sub-391,True,,paired,paired_lr_posterior_channels_L1,1.0,1.0,0.9999547402111094,3.0
sub-398,True,,paired,paired_lr_posterior_channels_L1,1.0,1.0,0.999999690306862,3.0
sub-417,True,,paired,paired_lr_posterior_channels_L1,1.0,1.0,0.9989498898858644,3.0
sub-419,True,,paired,paired_lr_posterior_channels_L1,1.0,1.0,0.9999986647178498,3.0
sub-421,True,,paired,paired_lr_posterior_channels_L1,1.0,1.0,0.9999925963040585,3.0
sub-427,True,,paired,paired_lr_posterior_channels_L1,0.0,0.0,0.07226545756522812,3.0
sub-428,True,,paired,paired_lr_posterior_channels_L1,0.0,0.0,0.13857469381217888,3.0
sub-453,True,,paired,paired_lr_posterior_channels_L1,0.0,0.0,0.011450041425381885,3.0
sub-459,True,,paired,paired_lr_posterior_channels_L1,0.0,0.0,0.0005779412940444299,3.0
sub-461,True,,paired,paired_lr_posterior_channels_L1,1.0,1.0,0.9999479941755363,3.0
sub-462,True,,paired,paired_lr_posterior_channels_L1,0.0,0.0,0.15835493911717674,3.0
sub-466,True,,paired,paired_lr_posterior_channels_L1,0.0,0.0,0.0029164768296571246,3.0
sub-469,True,,paired,paired_lr_posterior_channels_L1,1.0,1.0,0.9996430558122723,3.0
sub-477,True,,paired,paired_lr_posterior_channels_L1,0.0,0.0,0.0004061438980304925,3.0
sub-482,True,,paired,paired_lr_posterior_channels_L1,1.0,1.0,0.9044339051096071,3.0
sub-483,True,,paired,paired_lr_posterior_channels_L1,0.0,0.0,0.0006794218855554672,3.0
sub-484,False,,paired,paired_lr_posterior_channels_L1,0.0,1.0,0.8437771535646788,3.0
sub-488,True,,paired,paired_lr_posterior_channels_L1,1.0,1.0,0.9666497467080684,3.0
sub-492,True,,paired,paired_lr_posterior_channels_L1,1.0,1.0,0.9439610960301452,3.0
sub-493,True,,paired,paired_lr_posterior_channels_L1,0.0,0.0,0.01273604469996064,3.0
sub-500,True,,paired,paired_lr_posterior_channels_L1,0.0,0.0,0.00028171782156037064,3.0
sub-503,True,,paired,paired_lr_posterior_channels_L1,0.0,0.0,0.0033608257474707992,3.0
sub-504,True,,paired,paired_lr_posterior_channels_L1,1.0,1.0,0.9931572813571822,3.0
sub-514,True,,paired,paired_lr_posterior_channels_L1,0.0,0.0,0.010321476519205825,3.0
sub-516,True,,paired,paired_lr_posterior_channels_L1,0.0,0.0,0.0009948385665182035,3.0
sub-517,True,,paired,paired_lr_posterior_channels_L1,0.0,0.0,0.00716474602431681,3.0
sub-519,False,,paired,paired_lr_posterior_channels_L1,0.0,1.0,0.6230890344911484,3.0
sub-522,True,,paired,paired_lr_posterior_channels_L1,0.0,0.0,0.0016143025290157283,3.0
sub-528,True,,paired,paired_lr_posterior_channels_L1,1.0,1.0,0.9999961776884236,3.0
sub-531,True,,paired,paired_lr_posterior_channels_L1,0.0,0.0,0.0031547090365163376,3.0
sub-533,True,,paired,paired_lr_posterior_channels_L1,1.0,1.0,0.818149844845288,3.0
sub-542,True,,paired,paired_lr_posterior_channels_L1,1.0,1.0,0.9997415513271815,3.0
sub-546,False,,paired,paired_lr_posterior_channels_L1,0.0,1.0,0.8783369846614009,3.0
sub-549,True,,paired,paired_lr_posterior_channels_L1,0.0,0.0,0.0496450446777186,3.0
sub-550,True,,paired,paired_lr_posterior_channels_L1,1.0,1.0,0.9997711474253537,3.0
sub-569,True,,paired,paired_lr_posterior_channels_L1,1.0,1.0,0.9941371908712748,3.0
sub-575,True,,paired,paired_lr_posterior_channels_L1,1.0,1.0,0.9720047190007549,3.0
sub-576,True,,paired,paired_lr_posterior_channels_L1,1.0,1.0,0.9998702062648499,3.0
sub-577,True,,paired,paired_lr_posterior_channels_L1,0.0,0.0,2.0470799311870054e-06,3.0
sub-580,True,,paired,paired_lr_posterior_channels_L1,1.0,1.0,0.9991252691124626,3.0
sub-586,True,,paired,paired_lr_posterior_channels_L1,0.0,0.0,3.502167948915953e-05,3.0
sub-592,True,,paired,paired_lr_posterior_channels_L1,1.0,1.0,0.9958742204227206,3.0
sub-600,True,,paired,paired_lr_posterior_channels_L1,0.0,0.0,1.4132674183675494e-07,3.0
sub-011,True,,paired,paired_lr_posterior_channels_L1,0.0,0.0,0.00016091419661860834,4.0
sub-019,True,,paired,paired_lr_posterior_channels_L1,0.0,0.0,0.4520653573443931,4.0
sub-025,True,,paired,paired_lr_posterior_channels_L1,1.0,1.0,0.9986700120928397,4.0
sub-027,True,,paired,paired_lr_posterior_channels_L1,1.0,1.0,0.9999995775055748,4.0
sub-033,True,,paired,paired_lr_posterior_channels_L1,1.0,1.0,0.9999752615211285,4.0
sub-034,True,,paired,paired_lr_posterior_channels_L1,1.0,1.0,0.9965182021888768,4.0
sub-038,True,,paired,paired_lr_posterior_channels_L1,0.0,0.0,0.0022283925287554965,4.0
sub-042,True,,paired,paired_lr_posterior_channels_L1,0.0,0.0,0.22733518242936956,4.0
sub-043,True,,paired,paired_lr_posterior_channels_L1,0.0,0.0,0.0009036676603001084,4.0
sub-049,True,,paired,paired_lr_posterior_channels_L1,0.0,0.0,0.00689914204199564,4.0
sub-059,True,,paired,paired_lr_posterior_channels_L1,1.0,1.0,0.999908599380785,4.0
sub-060,True,,paired,paired_lr_posterior_channels_L1,1.0,1.0,0.9801897211909811,4.0
sub-062,True,,paired,paired_lr_posterior_channels_L1,1.0,1.0,0.9629005538652972,4.0
sub-063,True,,paired,paired_lr_posterior_channels_L1,1.0,1.0,0.9950707019710261,4.0
sub-065,True,,paired,paired_lr_posterior_channels_L1,1.0,1.0,0.9998547578971898,4.0
sub-067,True,,paired,paired_lr_posterior_channels_L1,1.0,1.0,0.9994436543667438,4.0
sub-072,True,,paired,paired_lr_posterior_channels_L1,1.0,1.0,0.9999806033425508,4.0
sub-074,True,,paired,paired_lr_posterior_channels_L1,1.0,1.0,0.9859142134900807,4.0
sub-075,True,,paired,paired_lr_posterior_channels_L1,1.0,1.0,0.9656078467626393,4.0
sub-083,True,,paired,paired_lr_posterior_channels_L1,1.0,1.0,0.9988501476659719,4.0
sub-088,True,,paired,paired_lr_posterior_channels_L1,0.0,0.0,3.8191363731389816e-05,4.0
sub-111,True,,paired,paired_lr_posterior_channels_L1,0.0,0.0,0.000302461332885478,4.0
sub-113,True,,paired,paired_lr_posterior_channels_L1,1.0,1.0,0.9998628360264168,4.0
sub-115,True,,paired,paired_lr_posterior_channels_L1,1.0,1.0,0.9999846616693553,4.0
sub-117,True,,paired,paired_lr_posterior_channels_L1,1.0,1.0,0.5196918735401985,4.0
sub-122,False,,paired,paired_lr_posterior_channels_L1,0.0,1.0,0.5586123104531787,4.0
sub-127,True,,paired,paired_lr_posterior_channels_L1,1.0,1.0,0.5587792976145738,4.0
sub-130,True,,paired,paired_lr_posterior_channels_L1,0.0,0.0,0.00043466424528407,4.0
sub-139,True,,paired,paired_lr_posterior_channels_L1,0.0,0.0,0.03984339520875586,4.0
sub-142,True,,paired,paired_lr_posterior_channels_L1,0.0,0.0,0.07188783214335731,4.0
sub-151,True,,paired,paired_lr_posterior_channels_L1,0.0,0.0,0.0006646863578848037,4.0
sub-157,True,,paired,paired_lr_posterior_channels_L1,0.0,0.0,0.0002827715549282836,4.0
sub-168,True,,paired,paired_lr_posterior_channels_L1,0.0,0.0,2.338785688196249e-05,4.0
sub-170,True,,paired,paired_lr_posterior_channels_L1,0.0,0.0,7.860944689911917e-05,4.0
sub-176,True,,paired,paired_lr_posterior_channels_L1,1.0,1.0,0.9999969726422462,4.0
sub-186,True,,paired,paired_lr_posterior_channels_L1,0.0,0.0,0.04644419405539403,4.0
sub-189,True,,paired,paired_lr_posterior_channels_L1,0.0,0.0,0.007238158370707533,4.0
sub-197,True,,paired,paired_lr_posterior_channels_L1,1.0,1.0,0.8696865588367332,4.0
sub-203,False,,paired,paired_lr_posterior_channels_L1,0.0,1.0,0.7781334973692382,4.0
sub-205,True,,paired,paired_lr_posterior_channels_L1,0.0,0.0,4.854585431214993e-07,4.0
sub-207,True,,paired,paired_lr_posterior_channels_L1,0.0,0.0,0.0328647386354181,4.0
sub-209,True,,paired,paired_lr_posterior_channels_L1,0.0,0.0,0.3947627069203105,4.0
sub-211,True,,paired,paired_lr_posterior_channels_L1,0.0,0.0,0.0011133157668666337,4.0
sub-212,True,,paired,paired_lr_posterior_channels_L1,1.0,1.0,0.9999642827190807,4.0
sub-218,True,,paired,paired_lr_posterior_channels_L1,0.0,0.0,0.0002764427923430661,4.0
sub-227,True,,paired,paired_lr_posterior_channels_L1,1.0,1.0,0.9629543088858338,4.0
sub-229,True,,paired,paired_lr_posterior_channels_L1,0.0,0.0,0.00019606129641497593,4.0
sub-237,True,,paired,paired_lr_posterior_channels_L1,1.0,1.0,0.9992802071651661,4.0
sub-241,True,,paired,paired_lr_posterior_channels_L1,1.0,1.0,0.9971505903960152,4.0
sub-247,True,,paired,paired_lr_posterior_channels_L1,0.0,0.0,1.3252948612775774e-07,4.0
sub-252,True,,paired,paired_lr_posterior_channels_L1,0.0,0.0,0.02984298636736687,4.0
sub-256,True,,paired,paired_lr_posterior_channels_L1,1.0,1.0,0.9707499446386029,4.0
sub-262,True,,paired,paired_lr_posterior_channels_L1,0.0,0.0,8.562631536763784e-06,4.0
sub-264,True,,paired,paired_lr_posterior_channels_L1,1.0,1.0,0.7503781888375236,4.0
sub-272,True,,paired,paired_lr_posterior_channels_L1,0.0,0.0,0.00016694452984257547,4.0
sub-279,True,,paired,paired_lr_posterior_channels_L1,1.0,1.0,0.9999986165706262,4.0
sub-282,True,,paired,paired_lr_posterior_channels_L1,1.0,1.0,0.9636603870737427,4.0
sub-287,True,,paired,paired_lr_posterior_channels_L1,1.0,1.0,0.7824178698312649,4.0
sub-289,True,,paired,paired_lr_posterior_channels_L1,1.0,1.0,0.9997341557702101,4.0
sub-291,True,,paired,paired_lr_posterior_channels_L1,0.0,0.0,0.0075994155431026176,4.0
sub-292,True,,paired,paired_lr_posterior_channels_L1,0.0,0.0,2.9760818857893875e-05,4.0
sub-297,True,,paired,paired_lr_posterior_channels_L1,1.0,1.0,0.9875113797072881,4.0
sub-300,True,,paired,paired_lr_posterior_channels_L1,0.0,0.0,0.005471965013121242,4.0
sub-304,True,,paired,paired_lr_posterior_channels_L1,1.0,1.0,0.5623735495952902,4.0
sub-311,False,,paired,paired_lr_posterior_channels_L1,0.0,1.0,0.6077225477038845,4.0
sub-313,False,,paired,paired_lr_posterior_channels_L1,1.0,0.0,0.3954436796131245,4.0
sub-318,True,,paired,paired_lr_posterior_channels_L1,1.0,1.0,0.9832810980835694,4.0
sub-323,False,,paired,paired_lr_posterior_channels_L1,1.0,0.0,0.06853649385374491,4.0
sub-354,True,,paired,paired_lr_posterior_channels_L1,1.0,1.0,0.9296928575081188,4.0
sub-356,True,,paired,paired_lr_posterior_channels_L1,0.0,0.0,0.36582336886401073,4.0
sub-357,True,,paired,paired_lr_posterior_channels_L1,0.0,0.0,6.606088517610496e-05,4.0
sub-358,True,,paired,paired_lr_posterior_channels_L1,1.0,1.0,0.798486121743277,4.0
sub-361,True,,paired,paired_lr_posterior_channels_L1,0.0,0.0,2.24697923892147e-06,4.0
sub-362,True,,paired,paired_lr_posterior_channels_L1,1.0,1.0,0.9310754971005243,4.0
sub-375,True,,paired,paired_lr_posterior_channels_L1,1.0,1.0,0.9960021583298001,4.0
sub-379,True,,paired,paired_lr_posterior_channels_L1,1.0,1.0,0.9999913313049976,4.0
sub-380,True,,paired,paired_lr_posterior_channels_L1,0.0,0.0,5.885931696332192e-05,4.0
sub-386,True,,paired,paired_lr_posterior_channels_L1,1.0,1.0,0.9927891936028896,4.0
sub-400,True,,paired,paired_lr_posterior_channels_L1,0.0,0.0,0.0004042849213489387,4.0
sub-412,True,,paired,paired_lr_posterior_channels_L1,0.0,0.0,0.13342962669419114,4.0
sub-415,False,,paired,paired_lr_posterior_channels_L1,0.0,1.0,0.7456935188065358,4.0
sub-416,True,,paired,paired_lr_posterior_channels_L1,1.0,1.0,0.9945764653895729,4.0
sub-423,True,,paired,paired_lr_posterior_channels_L1,0.0,0.0,8.578741205785186e-06,4.0
sub-425,True,,paired,paired_lr_posterior_channels_L1,0.0,0.0,0.26121969340766354,4.0
sub-429,True,,paired,paired_lr_posterior_channels_L1,0.0,0.0,0.018041533509249006,4.0
sub-434,True,,paired,paired_lr_posterior_channels_L1,1.0,1.0,0.9992800161851484,4.0
sub-435,True,,paired,paired_lr_posterior_channels_L1,0.0,0.0,3.4148466444001844e-05,4.0
sub-436,True,,paired,paired_lr_posterior_channels_L1,1.0,1.0,0.9992332878019345,4.0
sub-437,True,,paired,paired_lr_posterior_channels_L1,0.0,0.0,9.43737164152396e-05,4.0
sub-442,True,,paired,paired_lr_posterior_channels_L1,1.0,1.0,0.9902080452431421,4.0
sub-448,True,,paired,paired_lr_posterior_channels_L1,1.0,1.0,0.9997419815004293,4.0
sub-455,False,,paired,paired_lr_posterior_channels_L1,1.0,0.0,0.39818927320549774,4.0
sub-458,True,,paired,paired_lr_posterior_channels_L1,0.0,0.0,0.027059885448285685,4.0
sub-460,True,,paired,paired_lr_posterior_channels_L1,1.0,1.0,0.999996216950911,4.0
sub-468,True,,paired,paired_lr_posterior_channels_L1,1.0,1.0,0.8800950843494676,4.0
sub-473,True,,paired,paired_lr_posterior_channels_L1,1.0,1.0,0.9901350301098639,4.0
sub-474,True,,paired,paired_lr_posterior_channels_L1,1.0,1.0,0.9999685789399877,4.0
sub-495,True,,paired,paired_lr_posterior_channels_L1,1.0,1.0,0.9999998455363454,4.0
sub-497,True,,paired,paired_lr_posterior_channels_L1,0.0,0.0,0.20948309327276085,4.0
sub-507,True,,paired,paired_lr_posterior_channels_L1,1.0,1.0,0.800497291105569,4.0
sub-513,True,,paired,paired_lr_posterior_channels_L1,0.0,0.0,0.00506629428789758,4.0
sub-515,True,,paired,paired_lr_posterior_channels_L1,0.0,0.0,2.0830240475725405e-05,4.0
sub-518,True,,paired,paired_lr_posterior_channels_L1,0.0,0.0,0.0007397511717338757,4.0
sub-538,True,,paired,paired_lr_posterior_channels_L1,0.0,0.0,0.21839331345777666,4.0
sub-544,True,,paired,paired_lr_posterior_channels_L1,1.0,1.0,0.9854510487860401,4.0
sub-547,True,,paired,paired_lr_posterior_channels_L1,1.0,1.0,0.9998447748074606,4.0
sub-552,True,,paired,paired_lr_posterior_channels_L1,0.0,0.0,0.006778940625263504,4.0
sub-554,True,,paired,paired_lr_posterior_channels_L1,0.0,0.0,3.6715042802987504e-06,4.0
sub-559,True,,paired,paired_lr_posterior_channels_L1,0.0,0.0,0.08853219446245496,4.0
sub-562,True,,paired,paired_lr_posterior_channels_L1,0.0,0.0,0.4935679990283932,4.0
sub-563,True,,paired,paired_lr_posterior_channels_L1,1.0,1.0,0.9846513968867525,4.0
sub-571,True,,paired,paired_lr_posterior_channels_L1,1.0,1.0,0.996991452666935,4.0
sub-574,True,,paired,paired_lr_posterior_channels_L1,0.0,0.0,6.0253221354845275e-06,4.0
sub-581,True,,paired,paired_lr_posterior_channels_L1,0.0,0.0,2.3564310019501868e-05,4.0
sub-587,True,,paired,paired_lr_posterior_channels_L1,1.0,1.0,0.858501722498938,4.0
sub-590,True,,paired,paired_lr_posterior_channels_L1,0.0,0.0,6.639867312320548e-06,4.0
sub-598,True,,paired,paired_lr_posterior_channels_L1,0.0,0.0,0.15549762762805833,4.0
sub-601,True,,paired,paired_lr_posterior_channels_L1,1.0,1.0,0.8752929866667322,4.0
sub-001,True,,paired,paired_lr_posterior_channels_L1,1.0,1.0,0.999984877602873,5.0
sub-007,True,,paired,paired_lr_posterior_channels_L1,0.0,0.0,1.3133732863933418e-05,5.0
sub-008,True,,paired,paired_lr_posterior_channels_L1,0.0,0.0,0.0014267375843802247,5.0
sub-009,False,,paired,paired_lr_posterior_channels_L1,1.0,0.0,0.010099619761303448,5.0
sub-012,False,,paired,paired_lr_posterior_channels_L1,0.0,1.0,0.5884293628728052,5.0
sub-020,False,,paired,paired_lr_posterior_channels_L1,1.0,0.0,0.18026016962926505,5.0
sub-021,True,,paired,paired_lr_posterior_channels_L1,1.0,1.0,0.997477082590661,5.0
sub-029,True,,paired,paired_lr_posterior_channels_L1,1.0,1.0,0.936538913604489,5.0
sub-037,True,,paired,paired_lr_posterior_channels_L1,0.0,0.0,0.0003996182892287372,5.0
sub-052,True,,paired,paired_lr_posterior_channels_L1,0.0,0.0,1.6581734098724307e-06,5.0
sub-054,True,,paired,paired_lr_posterior_channels_L1,1.0,1.0,0.9999985997938098,5.0
sub-055,True,,paired,paired_lr_posterior_channels_L1,0.0,0.0,0.0015663597250131585,5.0
sub-056,True,,paired,paired_lr_posterior_channels_L1,1.0,1.0,0.520910145492352,5.0
sub-071,True,,paired,paired_lr_posterior_channels_L1,1.0,1.0,0.9999979313874211,5.0
sub-084,True,,paired,paired_lr_posterior_channels_L1,0.0,0.0,0.019581024363627686,5.0
sub-095,True,,paired,paired_lr_posterior_channels_L1,1.0,1.0,0.6143193061253023,5.0
sub-101,True,,paired,paired_lr_posterior_channels_L1,0.0,0.0,0.22339060938862462,5.0
sub-104,True,,paired,paired_lr_posterior_channels_L1,0.0,0.0,0.043109195995650634,5.0
sub-120,False,,paired,paired_lr_posterior_channels_L1,1.0,0.0,0.1206769905044596,5.0
sub-124,True,,paired,paired_lr_posterior_channels_L1,0.0,0.0,0.1910359483900009,5.0
sub-125,True,,paired,paired_lr_posterior_channels_L1,0.0,0.0,0.05145865230448611,5.0
sub-128,True,,paired,paired_lr_posterior_channels_L1,0.0,0.0,0.06642196007747578,5.0
sub-134,True,,paired,paired_lr_posterior_channels_L1,0.0,0.0,0.0006091429312562846,5.0
sub-149,True,,paired,paired_lr_posterior_channels_L1,0.0,0.0,7.041167729341851e-05,5.0
sub-156,True,,paired,paired_lr_posterior_channels_L1,1.0,1.0,0.9742758522351462,5.0
sub-160,True,,paired,paired_lr_posterior_channels_L1,1.0,1.0,0.9989851447937552,5.0
sub-171,True,,paired,paired_lr_posterior_channels_L1,1.0,1.0,0.9998973666782344,5.0
sub-175,True,,paired,paired_lr_posterior_channels_L1,0.0,0.0,0.12591594627775296,5.0
sub-179,True,,paired,paired_lr_posterior_channels_L1,0.0,0.0,0.0009111840836701942,5.0
sub-183,True,,paired,paired_lr_posterior_channels_L1,0.0,0.0,4.4115730877754104e-05,5.0
sub-190,True,,paired,paired_lr_posterior_channels_L1,1.0,1.0,0.9998883374731421,5.0
sub-195,True,,paired,paired_lr_posterior_channels_L1,1.0,1.0,0.9999790168222985,5.0
sub-200,False,,paired,paired_lr_posterior_channels_L1,1.0,0.0,0.3241730533029534,5.0
sub-204,True,,paired,paired_lr_posterior_channels_L1,0.0,0.0,9.58894817062635e-05,5.0
sub-206,True,,paired,paired_lr_posterior_channels_L1,1.0,1.0,0.9999711654611284,5.0
sub-213,True,,paired,paired_lr_posterior_channels_L1,0.0,0.0,0.10191187685295403,5.0
sub-214,True,,paired,paired_lr_posterior_channels_L1,1.0,1.0,0.7073655542805108,5.0
sub-215,True,,paired,paired_lr_posterior_channels_L1,0.0,0.0,2.8159046124520905e-06,5.0
sub-224,True,,paired,paired_lr_posterior_channels_L1,1.0,1.0,0.9995553198675318,5.0
sub-234,True,,paired,paired_lr_posterior_channels_L1,1.0,1.0,0.9954724021854646,5.0
sub-239,True,,paired,paired_lr_posterior_channels_L1,0.0,0.0,2.6950293851723564e-05,5.0
sub-242,True,,paired,paired_lr_posterior_channels_L1,0.0,0.0,8.517367298672712e-06,5.0
sub-243,True,,paired,paired_lr_posterior_channels_L1,1.0,1.0,0.5752856800312612,5.0
sub-244,False,,paired,paired_lr_posterior_channels_L1,0.0,1.0,0.5831882075966561,5.0
sub-246,True,,paired,paired_lr_posterior_channels_L1,1.0,1.0,0.99972452912124,5.0
sub-250,True,,paired,paired_lr_posterior_channels_L1,1.0,1.0,0.9999994392756482,5.0
sub-258,True,,paired,paired_lr_posterior_channels_L1,0.0,0.0,0.00011454950115193769,5.0
sub-259,True,,paired,paired_lr_posterior_channels_L1,0.0,0.0,0.0012126565951786881,5.0
sub-267,True,,paired,paired_lr_posterior_channels_L1,1.0,1.0,0.9999989114969878,5.0
sub-269,True,,paired,paired_lr_posterior_channels_L1,0.0,0.0,0.01527880087073431,5.0
sub-283,True,,paired,paired_lr_posterior_channels_L1,0.0,0.0,5.008055534992987e-06,5.0
sub-285,True,,paired,paired_lr_posterior_channels_L1,1.0,1.0,0.9867183781487239,5.0
sub-293,True,,paired,paired_lr_posterior_channels_L1,1.0,1.0,0.9998966521139884,5.0
sub-307,True,,paired,paired_lr_posterior_channels_L1,0.0,0.0,0.06630507601645931,5.0
sub-308,True,,paired,paired_lr_posterior_channels_L1,1.0,1.0,0.9922171979261132,5.0
sub-316,True,,paired,paired_lr_posterior_channels_L1,1.0,1.0,0.9514070968878247,5.0
sub-327,True,,paired,paired_lr_posterior_channels_L1,1.0,1.0,0.9997481376745231,5.0
sub-335,True,,paired,paired_lr_posterior_channels_L1,1.0,1.0,0.9890182409741577,5.0
sub-337,True,,paired,paired_lr_posterior_channels_L1,0.0,0.0,0.00011291119697002813,5.0
sub-339,True,,paired,paired_lr_posterior_channels_L1,1.0,1.0,0.919028736070282,5.0
sub-342,True,,paired,paired_lr_posterior_channels_L1,0.0,0.0,1.492899970245669e-05,5.0
sub-343,True,,paired,paired_lr_posterior_channels_L1,1.0,1.0,0.9998644905142905,5.0
sub-344,True,,paired,paired_lr_posterior_channels_L1,1.0,1.0,0.9998220391466978,5.0
sub-345,False,,paired,paired_lr_posterior_channels_L1,0.0,1.0,0.5743558588645864,5.0
sub-346,True,,paired,paired_lr_posterior_channels_L1,1.0,1.0,0.8225086500310003,5.0
sub-365,True,,paired,paired_lr_posterior_channels_L1,1.0,1.0,0.9999997740329754,5.0
sub-367,True,,paired,paired_lr_posterior_channels_L1,0.0,0.0,0.0059422313292652315,5.0
sub-368,False,,paired,paired_lr_posterior_channels_L1,0.0,1.0,0.8788040547923697,5.0
sub-371,True,,paired,paired_lr_posterior_channels_L1,1.0,1.0,0.9841093492376009,5.0
sub-372,True,,paired,paired_lr_posterior_channels_L1,0.0,0.0,0.00010614136461900895,5.0
sub-374,True,,paired,paired_lr_posterior_channels_L1,0.0,0.0,0.005464702255986306,5.0
sub-385,True,,paired,paired_lr_posterior_channels_L1,0.0,0.0,3.4160657977636956e-06,5.0
sub-387,True,,paired,paired_lr_posterior_channels_L1,1.0,1.0,0.9730563180990621,5.0
sub-393,True,,paired,paired_lr_posterior_channels_L1,0.0,0.0,0.0003153725149014128,5.0
sub-395,True,,paired,paired_lr_posterior_channels_L1,0.0,0.0,0.0011180054910940658,5.0
sub-402,True,,paired,paired_lr_posterior_channels_L1,0.0,0.0,0.0013475856183291824,5.0
sub-404,True,,paired,paired_lr_posterior_channels_L1,1.0,1.0,0.999999923980549,5.0
sub-406,True,,paired,paired_lr_posterior_channels_L1,0.0,0.0,0.02473567726101316,5.0
sub-407,True,,paired,paired_lr_posterior_channels_L1,0.0,0.0,0.001080703248301599,5.0
sub-411,True,,paired,paired_lr_posterior_channels_L1,1.0,1.0,0.9994516619165177,5.0
sub-420,False,,paired,paired_lr_posterior_channels_L1,1.0,0.0,0.3796524646132129,5.0
sub-422,True,,paired,paired_lr_posterior_channels_L1,0.0,0.0,0.00028123132316142124,5.0
sub-426,True,,paired,paired_lr_posterior_channels_L1,0.0,0.0,0.4031991785065647,5.0
sub-430,False,,paired,paired_lr_posterior_channels_L1,1.0,0.0,0.11520032661994992,5.0
sub-431,True,,paired,paired_lr_posterior_channels_L1,1.0,1.0,0.9583111926123691,5.0
sub-438,True,,paired,paired_lr_posterior_channels_L1,0.0,0.0,7.742016290504087e-05,5.0
sub-439,True,,paired,paired_lr_posterior_channels_L1,0.0,0.0,0.0027126289119914536,5.0
sub-440,True,,paired,paired_lr_posterior_channels_L1,0.0,0.0,0.03937768270224229,5.0
sub-443,True,,paired,paired_lr_posterior_channels_L1,1.0,1.0,0.9999086901207188,5.0
sub-444,True,,paired,paired_lr_posterior_channels_L1,0.0,0.0,0.0003836299943471348,5.0
sub-445,True,,paired,paired_lr_posterior_channels_L1,1.0,1.0,0.9791269439752371,5.0
sub-454,True,,paired,paired_lr_posterior_channels_L1,1.0,1.0,0.8190329008314886,5.0
sub-456,True,,paired,paired_lr_posterior_channels_L1,1.0,1.0,0.9841276156599351,5.0
sub-475,True,,paired,paired_lr_posterior_channels_L1,1.0,1.0,0.9999934891151059,5.0
sub-487,True,,paired,paired_lr_posterior_channels_L1,0.0,0.0,0.06782876569987076,5.0
sub-498,True,,paired,paired_lr_posterior_channels_L1,1.0,1.0,0.9993526155862538,5.0
sub-505,True,,paired,paired_lr_posterior_channels_L1,0.0,0.0,0.004011037239285585,5.0
sub-506,False,,paired,paired_lr_posterior_channels_L1,0.0,1.0,0.8179576029426467,5.0
sub-508,True,,paired,paired_lr_posterior_channels_L1,1.0,1.0,0.999938818297164,5.0
sub-510,True,,paired,paired_lr_posterior_channels_L1,0.0,0.0,0.14824049693712124,5.0
sub-523,True,,paired,paired_lr_posterior_channels_L1,1.0,1.0,0.9205429526106311,5.0
sub-529,True,,paired,paired_lr_posterior_channels_L1,1.0,1.0,0.997205262946855,5.0
sub-537,True,,paired,paired_lr_posterior_channels_L1,1.0,1.0,0.9997441111787522,5.0
sub-539,True,,paired,paired_lr_posterior_channels_L1,1.0,1.0,0.9220587892736809,5.0
sub-545,True,,paired,paired_lr_posterior_channels_L1,1.0,1.0,0.9908698409881695,5.0
sub-548,True,,paired,paired_lr_posterior_channels_L1,0.0,0.0,9.110767453193307e-06,5.0
sub-551,False,,paired,paired_lr_posterior_channels_L1,0.0,1.0,0.7547513512287228,5.0
sub-555,True,,paired,paired_lr_posterior_channels_L1,0.0,0.0,3.525895179110736e-05,5.0
sub-564,True,,paired,paired_lr_posterior_channels_L1,1.0,1.0,0.9999955849032575,5.0
sub-570,True,,paired,paired_lr_posterior_channels_L1,1.0,1.0,0.990289828565976,5.0
sub-572,True,,paired,paired_lr_posterior_channels_L1,1.0,1.0,0.9997053942339383,5.0
sub-573,True,,paired,paired_lr_posterior_channels_L1,0.0,0.0,8.151174087643141e-07,5.0
sub-589,True,,paired,paired_lr_posterior_channels_L1,0.0,0.0,6.5134806412397255e-06,5.0
sub-593,True,,paired,paired_lr_posterior_channels_L1,1.0,1.0,0.9998351397602928,5.0
sub-594,True,,paired,paired_lr_posterior_channels_L1,0.0,0.0,2.3212023642211014e-06,5.0
sub-596,True,,paired,paired_lr_posterior_channels_L1,0.0,0.0,0.025767675580225725,5.0
sub-603,True,,paired,paired_lr_posterior_channels_L1,0.0,0.0,1.4335311250616166e-05,5.0
sub-607,True,,paired,paired_lr_posterior_channels_L1,1.0,1.0,0.9019584547677126,5.0
sub-014,True,,paired,paired_lr_welch_multiband_L1,0.0,0.0,0.0001327516457718311,1.0
sub-015,True,,paired,paired_lr_welch_multiband_L1,0.0,0.0,0.0006243280388920452,1.0
sub-016,True,,paired,paired_lr_welch_multiband_L1,1.0,1.0,0.9999974813270777,1.0
sub-017,True,,paired,paired_lr_welch_multiband_L1,1.0,1.0,0.9999872237547032,1.0
sub-022,True,,paired,paired_lr_welch_multiband_L1,0.0,0.0,0.0015022778762663611,1.0
sub-031,True,,paired,paired_lr_welch_multiband_L1,1.0,1.0,0.9998754634516667,1.0
sub-032,True,,paired,paired_lr_welch_multiband_L1,1.0,1.0,0.9846249925267118,1.0
sub-041,True,,paired,paired_lr_welch_multiband_L1,0.0,0.0,0.0034730939829143988,1.0
sub-048,True,,paired,paired_lr_welch_multiband_L1,0.0,0.0,0.00017624656676329032,1.0
sub-051,True,,paired,paired_lr_welch_multiband_L1,1.0,1.0,0.9999870629479024,1.0
sub-061,True,,paired,paired_lr_welch_multiband_L1,1.0,1.0,0.9999340393194407,1.0
sub-070,True,,paired,paired_lr_welch_multiband_L1,0.0,0.0,6.743144179936563e-05,1.0
sub-073,True,,paired,paired_lr_welch_multiband_L1,0.0,0.0,5.433508790147937e-06,1.0
sub-081,True,,paired,paired_lr_welch_multiband_L1,1.0,1.0,0.9999927466066099,1.0
sub-085,True,,paired,paired_lr_welch_multiband_L1,1.0,1.0,0.9998862261400776,1.0
sub-087,True,,paired,paired_lr_welch_multiband_L1,1.0,1.0,0.9869282098635029,1.0
sub-092,True,,paired,paired_lr_welch_multiband_L1,1.0,1.0,0.9999999513274817,1.0
sub-094,True,,paired,paired_lr_welch_multiband_L1,1.0,1.0,0.9997310289676893,1.0
sub-096,True,,paired,paired_lr_welch_multiband_L1,1.0,1.0,0.9896674577905142,1.0
sub-099,True,,paired,paired_lr_welch_multiband_L1,1.0,1.0,0.9957472872612175,1.0
sub-100,True,,paired,paired_lr_welch_multiband_L1,0.0,0.0,0.11821472568658069,1.0
sub-105,True,,paired,paired_lr_welch_multiband_L1,0.0,0.0,0.009357149388325109,1.0
sub-106,True,,paired,paired_lr_welch_multiband_L1,0.0,0.0,4.9088959435796356e-05,1.0
sub-108,True,,paired,paired_lr_welch_multiband_L1,0.0,0.0,7.050569005243192e-06,1.0
sub-110,True,,paired,paired_lr_welch_multiband_L1,0.0,0.0,9.781031844129259e-06,1.0
sub-112,True,,paired,paired_lr_welch_multiband_L1,1.0,1.0,0.9998299610773852,1.0
sub-132,True,,paired,paired_lr_welch_multiband_L1,1.0,1.0,0.9987719809765387,1.0
sub-138,True,,paired,paired_lr_welch_multiband_L1,1.0,1.0,0.9999997723726287,1.0
sub-143,True,,paired,paired_lr_welch_multiband_L1,1.0,1.0,0.9936751070541596,1.0
sub-148,True,,paired,paired_lr_welch_multiband_L1,0.0,0.0,1.464652661660246e-07,1.0
sub-152,True,,paired,paired_lr_welch_multiband_L1,1.0,1.0,0.8811671415320377,1.0
sub-154,True,,paired,paired_lr_welch_multiband_L1,1.0,1.0,0.9989565794683757,1.0
sub-155,True,,paired,paired_lr_welch_multiband_L1,0.0,0.0,0.03093324588292137,1.0
sub-164,True,,paired,paired_lr_welch_multiband_L1,0.0,0.0,0.008112305611759959,1.0
sub-178,True,,paired,paired_lr_welch_multiband_L1,1.0,1.0,0.9754636123914667,1.0
sub-188,True,,paired,paired_lr_welch_multiband_L1,0.0,0.0,3.9195121326900336e-06,1.0
sub-198,True,,paired,paired_lr_welch_multiband_L1,0.0,0.0,2.8934391081163518e-05,1.0
sub-199,True,,paired,paired_lr_welch_multiband_L1,1.0,1.0,0.999541270780227,1.0
sub-208,True,,paired,paired_lr_welch_multiband_L1,1.0,1.0,0.9993053514504237,1.0
sub-216,True,,paired,paired_lr_welch_multiband_L1,1.0,1.0,0.999919504993537,1.0
sub-220,True,,paired,paired_lr_welch_multiband_L1,0.0,0.0,4.937358586963924e-05,1.0
sub-232,True,,paired,paired_lr_welch_multiband_L1,1.0,1.0,0.9999999031173855,1.0
sub-236,True,,paired,paired_lr_welch_multiband_L1,0.0,0.0,0.00033430969732878676,1.0
sub-251,False,,paired,paired_lr_welch_multiband_L1,1.0,0.0,0.03079914385457226,1.0
sub-266,True,,paired,paired_lr_welch_multiband_L1,0.0,0.0,0.005133924613600258,1.0
sub-275,True,,paired,paired_lr_welch_multiband_L1,1.0,1.0,0.7964385162522878,1.0
sub-278,True,,paired,paired_lr_welch_multiband_L1,0.0,0.0,0.0029539241311173584,1.0
sub-296,True,,paired,paired_lr_welch_multiband_L1,0.0,0.0,1.0115366122424596e-05,1.0
sub-298,True,,paired,paired_lr_welch_multiband_L1,1.0,1.0,0.8800340247350558,1.0
sub-299,True,,paired,paired_lr_welch_multiband_L1,1.0,1.0,0.9999956268444129,1.0
sub-302,True,,paired,paired_lr_welch_multiband_L1,1.0,1.0,0.8766066358447262,1.0
sub-310,True,,paired,paired_lr_welch_multiband_L1,0.0,0.0,0.0003286763516303065,1.0
sub-314,True,,paired,paired_lr_welch_multiband_L1,1.0,1.0,0.9975797919511379,1.0
sub-320,True,,paired,paired_lr_welch_multiband_L1,0.0,0.0,0.007356618527802197,1.0
sub-321,True,,paired,paired_lr_welch_multiband_L1,1.0,1.0,0.9991068520079843,1.0
sub-325,True,,paired,paired_lr_welch_multiband_L1,1.0,1.0,0.9992372144337376,1.0
sub-330,True,,paired,paired_lr_welch_multiband_L1,0.0,0.0,1.804682401173695e-07,1.0
sub-333,True,,paired,paired_lr_welch_multiband_L1,0.0,0.0,2.0940243611529325e-05,1.0
sub-336,True,,paired,paired_lr_welch_multiband_L1,1.0,1.0,0.9998686554591206,1.0
sub-348,True,,paired,paired_lr_welch_multiband_L1,1.0,1.0,0.9958059212752783,1.0
sub-351,True,,paired,paired_lr_welch_multiband_L1,0.0,0.0,2.716162110032281e-05,1.0
sub-359,True,,paired,paired_lr_welch_multiband_L1,0.0,0.0,6.333487953083501e-08,1.0
sub-364,True,,paired,paired_lr_welch_multiband_L1,1.0,1.0,0.9979597625904301,1.0
sub-373,True,,paired,paired_lr_welch_multiband_L1,1.0,1.0,0.9999999122285338,1.0
sub-376,True,,paired,paired_lr_welch_multiband_L1,1.0,1.0,0.9936663299406547,1.0
sub-378,False,,paired,paired_lr_welch_multiband_L1,1.0,0.0,0.24770038289340704,1.0
sub-381,False,,paired,paired_lr_welch_multiband_L1,0.0,1.0,0.622896117553987,1.0
sub-384,True,,paired,paired_lr_welch_multiband_L1,0.0,0.0,0.00013016509237607888,1.0
sub-388,True,,paired,paired_lr_welch_multiband_L1,0.0,0.0,0.001565500159273407,1.0
sub-397,True,,paired,paired_lr_welch_multiband_L1,0.0,0.0,0.0003295144076149812,1.0
sub-401,True,,paired,paired_lr_welch_multiband_L1,0.0,0.0,0.3021391586146212,1.0
sub-405,True,,paired,paired_lr_welch_multiband_L1,1.0,1.0,0.9999991333971787,1.0
sub-408,True,,paired,paired_lr_welch_multiband_L1,0.0,0.0,3.840867601469563e-06,1.0
sub-414,True,,paired,paired_lr_welch_multiband_L1,1.0,1.0,0.9850966933610762,1.0
sub-418,True,,paired,paired_lr_welch_multiband_L1,1.0,1.0,0.9999747438323455,1.0
sub-424,True,,paired,paired_lr_welch_multiband_L1,1.0,1.0,0.9971419479125414,1.0
sub-441,True,,paired,paired_lr_welch_multiband_L1,1.0,1.0,0.9996572747295684,1.0
sub-449,True,,paired,paired_lr_welch_multiband_L1,1.0,1.0,0.9999871877602726,1.0
sub-451,True,,paired,paired_lr_welch_multiband_L1,1.0,1.0,0.9998414655950728,1.0
sub-463,True,,paired,paired_lr_welch_multiband_L1,0.0,0.0,0.002225769886328323,1.0
sub-465,True,,paired,paired_lr_welch_multiband_L1,0.0,0.0,0.09863975047123512,1.0
sub-467,True,,paired,paired_lr_welch_multiband_L1,1.0,1.0,0.999470979078149,1.0
sub-470,True,,paired,paired_lr_welch_multiband_L1,0.0,0.0,0.0001486220881838993,1.0
sub-471,True,,paired,paired_lr_welch_multiband_L1,0.0,0.0,1.0873921150880097e-05,1.0
sub-476,True,,paired,paired_lr_welch_multiband_L1,1.0,1.0,0.9999999312173286,1.0
sub-479,True,,paired,paired_lr_welch_multiband_L1,1.0,1.0,0.6809668928124166,1.0
sub-481,True,,paired,paired_lr_welch_multiband_L1,0.0,0.0,2.3152628863156853e-06,1.0
sub-485,True,,paired,paired_lr_welch_multiband_L1,1.0,1.0,0.9999970564819715,1.0
sub-486,True,,paired,paired_lr_welch_multiband_L1,0.0,0.0,0.12381821643434697,1.0
sub-490,True,,paired,paired_lr_welch_multiband_L1,1.0,1.0,0.9734381083159057,1.0
sub-491,True,,paired,paired_lr_welch_multiband_L1,0.0,0.0,0.0015688781141842507,1.0
sub-496,True,,paired,paired_lr_welch_multiband_L1,1.0,1.0,0.9999999765602473,1.0
sub-499,True,,paired,paired_lr_welch_multiband_L1,0.0,0.0,0.0003428638734738743,1.0
sub-501,True,,paired,paired_lr_welch_multiband_L1,1.0,1.0,0.9995970270608308,1.0
sub-502,True,,paired,paired_lr_welch_multiband_L1,0.0,0.0,0.0006981465705513132,1.0
sub-521,True,,paired,paired_lr_welch_multiband_L1,1.0,1.0,0.9560125546553385,1.0
sub-524,True,,paired,paired_lr_welch_multiband_L1,0.0,0.0,0.003796598437152135,1.0
sub-526,True,,paired,paired_lr_welch_multiband_L1,1.0,1.0,0.9931068022277683,1.0
sub-530,True,,paired,paired_lr_welch_multiband_L1,0.0,0.0,4.7306763263040096e-07,1.0
sub-535,True,,paired,paired_lr_welch_multiband_L1,0.0,0.0,2.855079820281681e-09,1.0
sub-536,True,,paired,paired_lr_welch_multiband_L1,0.0,0.0,0.00018219074186817956,1.0
sub-540,True,,paired,paired_lr_welch_multiband_L1,1.0,1.0,0.999885483043726,1.0
sub-541,True,,paired,paired_lr_welch_multiband_L1,1.0,1.0,0.9999999956199028,1.0
sub-543,True,,paired,paired_lr_welch_multiband_L1,0.0,0.0,0.004662409027500938,1.0
sub-556,True,,paired,paired_lr_welch_multiband_L1,1.0,1.0,0.9639845314407968,1.0
sub-557,True,,paired,paired_lr_welch_multiband_L1,1.0,1.0,0.9994121045465326,1.0
sub-561,True,,paired,paired_lr_welch_multiband_L1,0.0,0.0,0.021361640255213938,1.0
sub-565,True,,paired,paired_lr_welch_multiband_L1,1.0,1.0,0.9996548876438758,1.0
sub-567,True,,paired,paired_lr_welch_multiband_L1,0.0,0.0,0.001277381804154092,1.0
sub-568,True,,paired,paired_lr_welch_multiband_L1,0.0,0.0,0.09591695274911309,1.0
sub-578,True,,paired,paired_lr_welch_multiband_L1,0.0,0.0,3.4556684501135248e-06,1.0
sub-579,True,,paired,paired_lr_welch_multiband_L1,0.0,0.0,0.00046293595298584495,1.0
sub-582,True,,paired,paired_lr_welch_multiband_L1,0.0,0.0,0.00015489151357319308,1.0
sub-585,True,,paired,paired_lr_welch_multiband_L1,0.0,0.0,7.178849383944604e-06,1.0
sub-591,False,,paired,paired_lr_welch_multiband_L1,0.0,1.0,0.5536332784598641,1.0
sub-595,False,,paired,paired_lr_welch_multiband_L1,1.0,0.0,0.14538492483127183,1.0
sub-597,True,,paired,paired_lr_welch_multiband_L1,0.0,0.0,1.5514861094065343e-05,1.0
sub-599,True,,paired,paired_lr_welch_multiband_L1,0.0,0.0,0.06206852094669629,1.0
sub-605,True,,paired,paired_lr_welch_multiband_L1,0.0,0.0,1.569850581196084e-05,1.0
sub-003,True,,paired,paired_lr_welch_multiband_L1,1.0,1.0,0.9999945310160226,2.0
sub-005,True,,paired,paired_lr_welch_multiband_L1,1.0,1.0,0.9999994684389409,2.0
sub-006,True,,paired,paired_lr_welch_multiband_L1,0.0,0.0,8.744781411459238e-05,2.0
sub-010,True,,paired,paired_lr_welch_multiband_L1,0.0,0.0,0.0009568794001373083,2.0
sub-018,True,,paired,paired_lr_welch_multiband_L1,0.0,0.0,0.009744175334079,2.0
sub-023,True,,paired,paired_lr_welch_multiband_L1,1.0,1.0,0.9999623925572211,2.0
sub-026,True,,paired,paired_lr_welch_multiband_L1,1.0,1.0,0.9999023113130779,2.0
sub-030,True,,paired,paired_lr_welch_multiband_L1,0.0,0.0,0.08173803344141405,2.0
sub-036,False,,paired,paired_lr_welch_multiband_L1,0.0,1.0,0.9168098566330269,2.0
sub-046,True,,paired,paired_lr_welch_multiband_L1,1.0,1.0,0.9999270990853902,2.0
sub-047,True,,paired,paired_lr_welch_multiband_L1,0.0,0.0,0.006553884260666533,2.0
sub-050,True,,paired,paired_lr_welch_multiband_L1,1.0,1.0,0.976249581590619,2.0
sub-053,True,,paired,paired_lr_welch_multiband_L1,0.0,0.0,0.0005796734481575717,2.0
sub-057,True,,paired,paired_lr_welch_multiband_L1,0.0,0.0,0.019496497452632468,2.0
sub-064,True,,paired,paired_lr_welch_multiband_L1,0.0,0.0,2.6979186266210184e-06,2.0
sub-066,True,,paired,paired_lr_welch_multiband_L1,1.0,1.0,0.9999998910374227,2.0
sub-077,True,,paired,paired_lr_welch_multiband_L1,0.0,0.0,1.2278228199768748e-05,2.0
sub-080,True,,paired,paired_lr_welch_multiband_L1,1.0,1.0,0.9999321410067904,2.0
sub-082,True,,paired,paired_lr_welch_multiband_L1,0.0,0.0,5.216186089960219e-05,2.0
sub-086,True,,paired,paired_lr_welch_multiband_L1,1.0,1.0,0.9999077002991852,2.0
sub-107,True,,paired,paired_lr_welch_multiband_L1,1.0,1.0,0.6354926795231062,2.0
sub-109,True,,paired,paired_lr_welch_multiband_L1,1.0,1.0,0.9504562140112417,2.0
sub-114,True,,paired,paired_lr_welch_multiband_L1,0.0,0.0,0.001185661715101777,2.0
sub-116,True,,paired,paired_lr_welch_multiband_L1,0.0,0.0,3.148426891528251e-06,2.0
sub-118,True,,paired,paired_lr_welch_multiband_L1,1.0,1.0,0.9988020538161043,2.0
sub-119,True,,paired,paired_lr_welch_multiband_L1,1.0,1.0,0.9999963189120447,2.0
sub-121,True,,paired,paired_lr_welch_multiband_L1,0.0,0.0,1.0142969109600176e-05,2.0
sub-123,True,,paired,paired_lr_welch_multiband_L1,1.0,1.0,0.9870983536745439,2.0
sub-126,True,,paired,paired_lr_welch_multiband_L1,0.0,0.0,0.0027368250142092818,2.0
sub-131,True,,paired,paired_lr_welch_multiband_L1,1.0,1.0,0.9999939598527955,2.0
sub-133,True,,paired,paired_lr_welch_multiband_L1,1.0,1.0,0.9902293408319328,2.0
sub-135,True,,paired,paired_lr_welch_multiband_L1,1.0,1.0,0.9920015642984256,2.0
sub-136,True,,paired,paired_lr_welch_multiband_L1,1.0,1.0,0.9999972661762395,2.0
sub-137,True,,paired,paired_lr_welch_multiband_L1,1.0,1.0,0.9992108114416662,2.0
sub-144,True,,paired,paired_lr_welch_multiband_L1,1.0,1.0,0.9998307198178297,2.0
sub-145,True,,paired,paired_lr_welch_multiband_L1,0.0,0.0,0.0007518125309066556,2.0
sub-147,True,,paired,paired_lr_welch_multiband_L1,1.0,1.0,0.9999973421071585,2.0
sub-153,True,,paired,paired_lr_welch_multiband_L1,0.0,0.0,0.010846505711797207,2.0
sub-158,True,,paired,paired_lr_welch_multiband_L1,0.0,0.0,0.12833876157209598,2.0
sub-161,True,,paired,paired_lr_welch_multiband_L1,0.0,0.0,1.6287551466690826e-05,2.0
sub-162,True,,paired,paired_lr_welch_multiband_L1,0.0,0.0,0.0003736342889867363,2.0
sub-163,True,,paired,paired_lr_welch_multiband_L1,1.0,1.0,0.990551146875016,2.0
sub-165,True,,paired,paired_lr_welch_multiband_L1,1.0,1.0,0.9998688660193232,2.0
sub-169,True,,paired,paired_lr_welch_multiband_L1,1.0,1.0,0.9998276410424226,2.0
sub-172,True,,paired,paired_lr_welch_multiband_L1,0.0,0.0,0.018553304988226504,2.0
sub-181,True,,paired,paired_lr_welch_multiband_L1,1.0,1.0,0.9999974020550672,2.0
sub-187,True,,paired,paired_lr_welch_multiband_L1,1.0,1.0,0.9999866746145533,2.0
sub-191,True,,paired,paired_lr_welch_multiband_L1,0.0,0.0,1.528311259261976e-05,2.0
sub-194,True,,paired,paired_lr_welch_multiband_L1,1.0,1.0,0.8922653695332509,2.0
sub-210,True,,paired,paired_lr_welch_multiband_L1,0.0,0.0,0.000651764891779223,2.0
sub-217,True,,paired,paired_lr_welch_multiband_L1,1.0,1.0,0.9999867461791687,2.0
sub-221,True,,paired,paired_lr_welch_multiband_L1,1.0,1.0,0.9997002515561509,2.0
sub-223,True,,paired,paired_lr_welch_multiband_L1,0.0,0.0,0.00016516017490209573,2.0
sub-225,True,,paired,paired_lr_welch_multiband_L1,1.0,1.0,0.9999923121903854,2.0
sub-226,True,,paired,paired_lr_welch_multiband_L1,0.0,0.0,6.933410598791402e-08,2.0
sub-233,True,,paired,paired_lr_welch_multiband_L1,1.0,1.0,0.989430508140078,2.0
sub-235,True,,paired,paired_lr_welch_multiband_L1,1.0,1.0,0.9999993127781481,2.0
sub-238,True,,paired,paired_lr_welch_multiband_L1,0.0,0.0,7.413361770510738e-07,2.0
sub-255,True,,paired,paired_lr_welch_multiband_L1,1.0,1.0,0.9746557936984038,2.0
sub-273,True,,paired,paired_lr_welch_multiband_L1,1.0,1.0,0.9978705076441179,2.0
sub-276,True,,paired,paired_lr_welch_multiband_L1,1.0,1.0,0.9999725664836858,2.0
sub-280,True,,paired,paired_lr_welch_multiband_L1,1.0,1.0,0.9999984360507307,2.0
sub-281,True,,paired,paired_lr_welch_multiband_L1,0.0,0.0,1.0036559563606865e-06,2.0
sub-286,True,,paired,paired_lr_welch_multiband_L1,0.0,0.0,0.0004730483231833238,2.0
sub-290,True,,paired,paired_lr_welch_multiband_L1,1.0,1.0,0.9998678137880018,2.0
sub-295,True,,paired,paired_lr_welch_multiband_L1,1.0,1.0,0.9848421032062551,2.0
sub-301,True,,paired,paired_lr_welch_multiband_L1,0.0,0.0,8.210813629418357e-06,2.0
sub-305,True,,paired,paired_lr_welch_multiband_L1,0.0,0.0,0.003752506215442113,2.0
sub-309,True,,paired,paired_lr_welch_multiband_L1,0.0,0.0,0.45175908516485436,2.0
sub-315,True,,paired,paired_lr_welch_multiband_L1,1.0,1.0,0.9999374556362953,2.0
sub-317,True,,paired,paired_lr_welch_multiband_L1,0.0,0.0,0.000316934967544316,2.0
sub-322,True,,paired,paired_lr_welch_multiband_L1,1.0,1.0,0.9999991101872172,2.0
sub-326,True,,paired,paired_lr_welch_multiband_L1,0.0,0.0,0.00010602237823750685,2.0
sub-329,True,,paired,paired_lr_welch_multiband_L1,0.0,0.0,2.979508760479433e-05,2.0
sub-341,True,,paired,paired_lr_welch_multiband_L1,1.0,1.0,0.7641147521481982,2.0
sub-347,True,,paired,paired_lr_welch_multiband_L1,1.0,1.0,0.9973985427797328,2.0
sub-349,True,,paired,paired_lr_welch_multiband_L1,1.0,1.0,0.9644019345246391,2.0
sub-352,True,,paired,paired_lr_welch_multiband_L1,0.0,0.0,0.023105665704482626,2.0
sub-353,True,,paired,paired_lr_welch_multiband_L1,0.0,0.0,0.0003070416495113919,2.0
sub-355,True,,paired,paired_lr_welch_multiband_L1,0.0,0.0,1.9778182572304306e-05,2.0
sub-369,True,,paired,paired_lr_welch_multiband_L1,0.0,0.0,6.3065767873434995e-06,2.0
sub-390,True,,paired,paired_lr_welch_multiband_L1,1.0,1.0,0.9999984246404239,2.0
sub-392,True,,paired,paired_lr_welch_multiband_L1,0.0,0.0,0.0015129927462124084,2.0
sub-394,True,,paired,paired_lr_welch_multiband_L1,0.0,0.0,4.707116367045084e-05,2.0
sub-396,True,,paired,paired_lr_welch_multiband_L1,0.0,0.0,0.0013426678307570032,2.0
sub-399,True,,paired,paired_lr_welch_multiband_L1,0.0,0.0,0.029723170038576996,2.0
sub-403,True,,paired,paired_lr_welch_multiband_L1,0.0,0.0,8.430170052855113e-05,2.0
sub-409,True,,paired,paired_lr_welch_multiband_L1,1.0,1.0,0.9999997582667817,2.0
sub-410,True,,paired,paired_lr_welch_multiband_L1,0.0,0.0,0.0008310406287702436,2.0
sub-413,True,,paired,paired_lr_welch_multiband_L1,1.0,1.0,0.9999932879974127,2.0
sub-432,True,,paired,paired_lr_welch_multiband_L1,1.0,1.0,0.9729238290442852,2.0
sub-433,True,,paired,paired_lr_welch_multiband_L1,0.0,0.0,0.06852219238904274,2.0
sub-446,True,,paired,paired_lr_welch_multiband_L1,0.0,0.0,1.6710999178407338e-05,2.0
sub-447,True,,paired,paired_lr_welch_multiband_L1,0.0,0.0,8.81442741468052e-05,2.0
sub-450,True,,paired,paired_lr_welch_multiband_L1,0.0,0.0,0.00032441589327001686,2.0
sub-452,True,,paired,paired_lr_welch_multiband_L1,1.0,1.0,0.996370136076284,2.0
sub-457,True,,paired,paired_lr_welch_multiband_L1,0.0,0.0,0.00012612942970033488,2.0
sub-464,True,,paired,paired_lr_welch_multiband_L1,0.0,0.0,1.5666379035926878e-09,2.0
sub-478,True,,paired,paired_lr_welch_multiband_L1,1.0,1.0,0.9999999813597517,2.0
sub-480,True,,paired,paired_lr_welch_multiband_L1,0.0,0.0,0.49327462506450337,2.0
sub-489,True,,paired,paired_lr_welch_multiband_L1,1.0,1.0,0.9999422668541655,2.0
sub-494,True,,paired,paired_lr_welch_multiband_L1,1.0,1.0,0.9999949953627217,2.0
sub-509,True,,paired,paired_lr_welch_multiband_L1,1.0,1.0,0.9999909698415368,2.0
sub-511,True,,paired,paired_lr_welch_multiband_L1,1.0,1.0,0.999632626068369,2.0
sub-520,True,,paired,paired_lr_welch_multiband_L1,0.0,0.0,1.402466538166787e-05,2.0
sub-525,True,,paired,paired_lr_welch_multiband_L1,0.0,0.0,1.3151565719216996e-05,2.0
sub-527,True,,paired,paired_lr_welch_multiband_L1,1.0,1.0,0.9999671635565648,2.0
sub-532,True,,paired,paired_lr_welch_multiband_L1,0.0,0.0,0.0021077161849607385,2.0
sub-534,True,,paired,paired_lr_welch_multiband_L1,0.0,0.0,0.11623518663235656,2.0
sub-553,True,,paired,paired_lr_welch_multiband_L1,0.0,0.0,0.00062582288907696,2.0
sub-558,True,,paired,paired_lr_welch_multiband_L1,0.0,0.0,0.07851513440882339,2.0
sub-566,True,,paired,paired_lr_welch_multiband_L1,0.0,0.0,0.003427081196808027,2.0
sub-583,True,,paired,paired_lr_welch_multiband_L1,1.0,1.0,0.9999985778256357,2.0
sub-584,True,,paired,paired_lr_welch_multiband_L1,1.0,1.0,0.9988719471670587,2.0
sub-588,True,,paired,paired_lr_welch_multiband_L1,0.0,0.0,1.5650822504742664e-05,2.0
sub-602,True,,paired,paired_lr_welch_multiband_L1,1.0,1.0,0.9279025272126271,2.0
sub-606,True,,paired,paired_lr_welch_multiband_L1,1.0,1.0,0.9999908172907223,2.0
sub-608,True,,paired,paired_lr_welch_multiband_L1,1.0,1.0,0.9931458356922687,2.0
sub-002,True,,paired,paired_lr_welch_multiband_L1,1.0,1.0,0.99999919307388,3.0
sub-024,True,,paired,paired_lr_welch_multiband_L1,1.0,1.0,0.9999781720649571,3.0
sub-028,True,,paired,paired_lr_welch_multiband_L1,0.0,0.0,0.07413909757775307,3.0
sub-035,True,,paired,paired_lr_welch_multiband_L1,1.0,1.0,0.9999217837530575,3.0
sub-039,True,,paired,paired_lr_welch_multiband_L1,1.0,1.0,0.983809979321972,3.0
sub-040,True,,paired,paired_lr_welch_multiband_L1,1.0,1.0,0.9617885759932315,3.0
sub-044,True,,paired,paired_lr_welch_multiband_L1,1.0,1.0,0.9965846108270564,3.0
sub-058,True,,paired,paired_lr_welch_multiband_L1,1.0,1.0,0.6684297227127194,3.0
sub-068,True,,paired,paired_lr_welch_multiband_L1,0.0,0.0,3.5573228968681943e-07,3.0
sub-069,False,,paired,paired_lr_welch_multiband_L1,1.0,0.0,0.46071949150423824,3.0
sub-076,True,,paired,paired_lr_welch_multiband_L1,1.0,1.0,0.9999995179471296,3.0
sub-078,True,,paired,paired_lr_welch_multiband_L1,0.0,0.0,0.00033811330347004946,3.0
sub-089,True,,paired,paired_lr_welch_multiband_L1,1.0,1.0,0.9998173192965352,3.0
sub-090,True,,paired,paired_lr_welch_multiband_L1,1.0,1.0,0.9999995901730824,3.0
sub-091,True,,paired,paired_lr_welch_multiband_L1,1.0,1.0,0.9999982868464955,3.0
sub-093,True,,paired,paired_lr_welch_multiband_L1,0.0,0.0,0.00014036125128113455,3.0
sub-097,True,,paired,paired_lr_welch_multiband_L1,0.0,0.0,0.00011336695046999302,3.0
sub-098,True,,paired,paired_lr_welch_multiband_L1,0.0,0.0,1.6234995701561482e-05,3.0
sub-102,True,,paired,paired_lr_welch_multiband_L1,1.0,1.0,0.9999999964433501,3.0
sub-103,True,,paired,paired_lr_welch_multiband_L1,1.0,1.0,0.9888800500186431,3.0
sub-129,True,,paired,paired_lr_welch_multiband_L1,1.0,1.0,0.9999930785478397,3.0
sub-140,True,,paired,paired_lr_welch_multiband_L1,0.0,0.0,0.011130653615778629,3.0
sub-141,True,,paired,paired_lr_welch_multiband_L1,0.0,0.0,0.005218215720243173,3.0
sub-146,True,,paired,paired_lr_welch_multiband_L1,0.0,0.0,6.577711278878837e-06,3.0
sub-150,True,,paired,paired_lr_welch_multiband_L1,1.0,1.0,0.9626126095842575,3.0
sub-159,True,,paired,paired_lr_welch_multiband_L1,1.0,1.0,0.9862199368856274,3.0
sub-166,True,,paired,paired_lr_welch_multiband_L1,0.0,0.0,0.002718121389689803,3.0
sub-167,True,,paired,paired_lr_welch_multiband_L1,0.0,0.0,1.340669457789624e-05,3.0
sub-173,True,,paired,paired_lr_welch_multiband_L1,1.0,1.0,0.9999997541345722,3.0
sub-174,True,,paired,paired_lr_welch_multiband_L1,1.0,1.0,0.9999708692607658,3.0
sub-177,True,,paired,paired_lr_welch_multiband_L1,1.0,1.0,0.9999999770312241,3.0
sub-180,True,,paired,paired_lr_welch_multiband_L1,1.0,1.0,0.9999960336664613,3.0
sub-182,True,,paired,paired_lr_welch_multiband_L1,0.0,0.0,5.8199465612471847e-05,3.0
sub-184,True,,paired,paired_lr_welch_multiband_L1,1.0,1.0,0.9999212408410134,3.0
sub-192,True,,paired,paired_lr_welch_multiband_L1,1.0,1.0,0.999992888820424,3.0
sub-193,True,,paired,paired_lr_welch_multiband_L1,1.0,1.0,0.9999997191680878,3.0
sub-201,True,,paired,paired_lr_welch_multiband_L1,1.0,1.0,0.6316234617486197,3.0
sub-202,True,,paired,paired_lr_welch_multiband_L1,0.0,0.0,0.09111088007768926,3.0
sub-219,True,,paired,paired_lr_welch_multiband_L1,1.0,1.0,0.9992027524237476,3.0
sub-222,True,,paired,paired_lr_welch_multiband_L1,0.0,0.0,2.3214257862842615e-05,3.0
sub-228,True,,paired,paired_lr_welch_multiband_L1,1.0,1.0,0.7258958857676344,3.0
sub-231,True,,paired,paired_lr_welch_multiband_L1,0.0,0.0,1.2279349501765186e-05,3.0
sub-240,True,,paired,paired_lr_welch_multiband_L1,0.0,0.0,2.0812108373606526e-06,3.0
sub-245,True,,paired,paired_lr_welch_multiband_L1,0.0,0.0,0.08897016649021557,3.0
sub-248,True,,paired,paired_lr_welch_multiband_L1,0.0,0.0,0.00018916305095080836,3.0
sub-249,True,,paired,paired_lr_welch_multiband_L1,1.0,1.0,0.9934634615156873,3.0
sub-253,True,,paired,paired_lr_welch_multiband_L1,0.0,0.0,4.4515518107830156e-07,3.0
sub-254,True,,paired,paired_lr_welch_multiband_L1,0.0,0.0,0.0011891307657442942,3.0
sub-257,True,,paired,paired_lr_welch_multiband_L1,1.0,1.0,0.9989899674541147,3.0
sub-260,True,,paired,paired_lr_welch_multiband_L1,1.0,1.0,0.8669178464133994,3.0
sub-261,True,,paired,paired_lr_welch_multiband_L1,0.0,0.0,0.001712875118356613,3.0
sub-263,True,,paired,paired_lr_welch_multiband_L1,0.0,0.0,0.07659866599547237,3.0
sub-265,True,,paired,paired_lr_welch_multiband_L1,0.0,0.0,0.00017793114051096358,3.0
sub-268,False,,paired,paired_lr_welch_multiband_L1,1.0,0.0,0.14741060785229337,3.0
sub-271,True,,paired,paired_lr_welch_multiband_L1,0.0,0.0,6.861433673667089e-05,3.0
sub-274,True,,paired,paired_lr_welch_multiband_L1,0.0,0.0,0.3208519970197255,3.0
sub-277,True,,paired,paired_lr_welch_multiband_L1,0.0,0.0,0.3113266638006607,3.0
sub-284,True,,paired,paired_lr_welch_multiband_L1,1.0,1.0,0.999952776127751,3.0
sub-294,True,,paired,paired_lr_welch_multiband_L1,0.0,0.0,3.222947271056602e-06,3.0
sub-303,True,,paired,paired_lr_welch_multiband_L1,1.0,1.0,0.9727079000216379,3.0
sub-312,True,,paired,paired_lr_welch_multiband_L1,0.0,0.0,0.00020221984050523907,3.0
sub-324,True,,paired,paired_lr_welch_multiband_L1,1.0,1.0,0.999680134409735,3.0
sub-328,True,,paired,paired_lr_welch_multiband_L1,0.0,0.0,3.056845853072266e-05,3.0
sub-331,True,,paired,paired_lr_welch_multiband_L1,1.0,1.0,0.9870957944194808,3.0
sub-334,True,,paired,paired_lr_welch_multiband_L1,0.0,0.0,0.0016737311827784386,3.0
sub-338,True,,paired,paired_lr_welch_multiband_L1,0.0,0.0,0.0005123600232487588,3.0
sub-340,True,,paired,paired_lr_welch_multiband_L1,0.0,0.0,0.03639809247170159,3.0
sub-350,True,,paired,paired_lr_welch_multiband_L1,1.0,1.0,0.9997320342815325,3.0
sub-363,True,,paired,paired_lr_welch_multiband_L1,0.0,0.0,0.00774656951450561,3.0
sub-366,True,,paired,paired_lr_welch_multiband_L1,0.0,0.0,0.019298438769119335,3.0
sub-370,True,,paired,paired_lr_welch_multiband_L1,0.0,0.0,1.801210199542922e-05,3.0
sub-377,True,,paired,paired_lr_welch_multiband_L1,1.0,1.0,0.9995631721529407,3.0
sub-382,True,,paired,paired_lr_welch_multiband_L1,0.0,0.0,0.4560265433490097,3.0
sub-383,True,,paired,paired_lr_welch_multiband_L1,1.0,1.0,0.9999510024458023,3.0
sub-389,True,,paired,paired_lr_welch_multiband_L1,1.0,1.0,0.9938399917287828,3.0
sub-391,True,,paired,paired_lr_welch_multiband_L1,1.0,1.0,0.9999523829187746,3.0
sub-398,True,,paired,paired_lr_welch_multiband_L1,1.0,1.0,0.9999999080353532,3.0
sub-417,True,,paired,paired_lr_welch_multiband_L1,1.0,1.0,0.9994117031048392,3.0
sub-419,True,,paired,paired_lr_welch_multiband_L1,1.0,1.0,0.9999998489141526,3.0
sub-421,True,,paired,paired_lr_welch_multiband_L1,1.0,1.0,0.9999997182504622,3.0
sub-427,True,,paired,paired_lr_welch_multiband_L1,0.0,0.0,0.01294741560562046,3.0
sub-428,True,,paired,paired_lr_welch_multiband_L1,0.0,0.0,0.011289184838028207,3.0
sub-453,True,,paired,paired_lr_welch_multiband_L1,0.0,0.0,0.0016821872822849208,3.0
sub-459,True,,paired,paired_lr_welch_multiband_L1,0.0,0.0,0.0009489298943745435,3.0
sub-461,True,,paired,paired_lr_welch_multiband_L1,1.0,1.0,0.9999917948067294,3.0
sub-462,True,,paired,paired_lr_welch_multiband_L1,0.0,0.0,0.3399072764284234,3.0
sub-466,True,,paired,paired_lr_welch_multiband_L1,0.0,0.0,0.0027859041087619097,3.0
sub-469,True,,paired,paired_lr_welch_multiband_L1,1.0,1.0,0.9999959572966518,3.0
sub-477,True,,paired,paired_lr_welch_multiband_L1,0.0,0.0,0.0002296689727328952,3.0
sub-482,True,,paired,paired_lr_welch_multiband_L1,1.0,1.0,0.9767241697654238,3.0
sub-483,True,,paired,paired_lr_welch_multiband_L1,0.0,0.0,6.909626204881755e-05,3.0
sub-484,True,,paired,paired_lr_welch_multiband_L1,0.0,0.0,0.025860064494427498,3.0
sub-488,True,,paired,paired_lr_welch_multiband_L1,1.0,1.0,0.9737561044798667,3.0
sub-492,True,,paired,paired_lr_welch_multiband_L1,1.0,1.0,0.9927008920317331,3.0
sub-493,True,,paired,paired_lr_welch_multiband_L1,0.0,0.0,0.003310872860470067,3.0
sub-500,True,,paired,paired_lr_welch_multiband_L1,0.0,0.0,0.0004363419953756714,3.0
sub-503,True,,paired,paired_lr_welch_multiband_L1,0.0,0.0,0.001762934306797224,3.0
sub-504,True,,paired,paired_lr_welch_multiband_L1,1.0,1.0,0.9996858044580849,3.0
sub-514,True,,paired,paired_lr_welch_multiband_L1,0.0,0.0,0.004614366757185834,3.0
sub-516,True,,paired,paired_lr_welch_multiband_L1,0.0,0.0,3.9671774649604865e-06,3.0
sub-517,True,,paired,paired_lr_welch_multiband_L1,0.0,0.0,9.371620217426451e-05,3.0
sub-519,True,,paired,paired_lr_welch_multiband_L1,0.0,0.0,0.2329161402679053,3.0
sub-522,True,,paired,paired_lr_welch_multiband_L1,0.0,0.0,0.0016820541420342894,3.0
sub-528,True,,paired,paired_lr_welch_multiband_L1,1.0,1.0,0.9999977502492342,3.0
sub-531,True,,paired,paired_lr_welch_multiband_L1,0.0,0.0,0.00014430295939894995,3.0
sub-533,True,,paired,paired_lr_welch_multiband_L1,1.0,1.0,0.9986976732697193,3.0
sub-542,True,,paired,paired_lr_welch_multiband_L1,1.0,1.0,0.9999888536932022,3.0
sub-546,True,,paired,paired_lr_welch_multiband_L1,0.0,0.0,0.07759720388020067,3.0
sub-549,True,,paired,paired_lr_welch_multiband_L1,0.0,0.0,0.016319584463224356,3.0
sub-550,True,,paired,paired_lr_welch_multiband_L1,1.0,1.0,0.9999584014171016,3.0
sub-569,True,,paired,paired_lr_welch_multiband_L1,1.0,1.0,0.9956926026742732,3.0
sub-575,True,,paired,paired_lr_welch_multiband_L1,1.0,1.0,0.9777394476522451,3.0
sub-576,True,,paired,paired_lr_welch_multiband_L1,1.0,1.0,0.9999840658824374,3.0
sub-577,True,,paired,paired_lr_welch_multiband_L1,0.0,0.0,4.780689654395006e-06,3.0
sub-580,True,,paired,paired_lr_welch_multiband_L1,1.0,1.0,0.9999801605721743,3.0
sub-586,True,,paired,paired_lr_welch_multiband_L1,0.0,0.0,1.231637053296081e-05,3.0
sub-592,True,,paired,paired_lr_welch_multiband_L1,1.0,1.0,0.9998549835073796,3.0
sub-600,True,,paired,paired_lr_welch_multiband_L1,0.0,0.0,1.99833695011446e-07,3.0
sub-011,True,,paired,paired_lr_welch_multiband_L1,0.0,0.0,7.653297777209781e-07,4.0
sub-019,True,,paired,paired_lr_welch_multiband_L1,0.0,0.0,0.04438646868027732,4.0
sub-025,True,,paired,paired_lr_welch_multiband_L1,1.0,1.0,0.9997071039395902,4.0
sub-027,True,,paired,paired_lr_welch_multiband_L1,1.0,1.0,0.9999999509891873,4.0
sub-033,True,,paired,paired_lr_welch_multiband_L1,1.0,1.0,0.9999963169549438,4.0
sub-034,True,,paired,paired_lr_welch_multiband_L1,1.0,1.0,0.9980769610370811,4.0
sub-038,True,,paired,paired_lr_welch_multiband_L1,0.0,0.0,4.311945877060245e-05,4.0
sub-042,True,,paired,paired_lr_welch_multiband_L1,0.0,0.0,0.1417910207075467,4.0
sub-043,True,,paired,paired_lr_welch_multiband_L1,0.0,0.0,0.00010354516348066527,4.0
sub-049,True,,paired,paired_lr_welch_multiband_L1,0.0,0.0,0.0016388296236185406,4.0
sub-059,True,,paired,paired_lr_welch_multiband_L1,1.0,1.0,0.9999812096835086,4.0
sub-060,True,,paired,paired_lr_welch_multiband_L1,1.0,1.0,0.995161373183975,4.0
sub-062,True,,paired,paired_lr_welch_multiband_L1,1.0,1.0,0.9720958192825188,4.0
sub-063,True,,paired,paired_lr_welch_multiband_L1,1.0,1.0,0.9997091651961303,4.0
sub-065,True,,paired,paired_lr_welch_multiband_L1,1.0,1.0,0.9999840811348654,4.0
sub-067,True,,paired,paired_lr_welch_multiband_L1,1.0,1.0,0.9996771589468267,4.0
sub-072,True,,paired,paired_lr_welch_multiband_L1,1.0,1.0,0.9999930860895968,4.0
sub-074,True,,paired,paired_lr_welch_multiband_L1,1.0,1.0,0.9802760675908029,4.0
sub-075,True,,paired,paired_lr_welch_multiband_L1,1.0,1.0,0.9505813261699794,4.0
sub-083,True,,paired,paired_lr_welch_multiband_L1,1.0,1.0,0.9997772527677155,4.0
sub-088,True,,paired,paired_lr_welch_multiband_L1,0.0,0.0,1.945418972552489e-05,4.0
sub-111,True,,paired,paired_lr_welch_multiband_L1,0.0,0.0,0.0013539379538638108,4.0
sub-113,True,,paired,paired_lr_welch_multiband_L1,1.0,1.0,0.9999525231818538,4.0
sub-115,True,,paired,paired_lr_welch_multiband_L1,1.0,1.0,0.9995041989852652,4.0
sub-117,True,,paired,paired_lr_welch_multiband_L1,1.0,1.0,0.9989705260945527,4.0
sub-122,False,,paired,paired_lr_welch_multiband_L1,0.0,1.0,0.584360722536134,4.0
sub-127,True,,paired,paired_lr_welch_multiband_L1,1.0,1.0,0.7543591824656055,4.0
sub-130,True,,paired,paired_lr_welch_multiband_L1,0.0,0.0,0.0003708260304030271,4.0
sub-139,True,,paired,paired_lr_welch_multiband_L1,0.0,0.0,0.014940286740555819,4.0
sub-142,True,,paired,paired_lr_welch_multiband_L1,0.0,0.0,0.011772588315196668,4.0
sub-151,True,,paired,paired_lr_welch_multiband_L1,0.0,0.0,4.747420141695496e-05,4.0
sub-157,True,,paired,paired_lr_welch_multiband_L1,0.0,0.0,0.0034270660181132703,4.0
sub-168,True,,paired,paired_lr_welch_multiband_L1,0.0,0.0,1.0730522188261169e-05,4.0
sub-170,True,,paired,paired_lr_welch_multiband_L1,0.0,0.0,2.9558264132288536e-06,4.0
sub-176,True,,paired,paired_lr_welch_multiband_L1,1.0,1.0,0.9999980049605222,4.0
sub-186,True,,paired,paired_lr_welch_multiband_L1,0.0,0.0,0.0070888803583795505,4.0
sub-189,True,,paired,paired_lr_welch_multiband_L1,0.0,0.0,0.007070031023069197,4.0
sub-197,True,,paired,paired_lr_welch_multiband_L1,1.0,1.0,0.9500120171399021,4.0
sub-203,True,,paired,paired_lr_welch_multiband_L1,0.0,0.0,0.06976637433142253,4.0
sub-205,True,,paired,paired_lr_welch_multiband_L1,0.0,0.0,1.9338502520968685e-05,4.0
sub-207,True,,paired,paired_lr_welch_multiband_L1,0.0,0.0,0.006182728445984805,4.0
sub-209,True,,paired,paired_lr_welch_multiband_L1,0.0,0.0,0.20579212767554367,4.0
sub-211,True,,paired,paired_lr_welch_multiband_L1,0.0,0.0,4.5721947493732505e-05,4.0
sub-212,True,,paired,paired_lr_welch_multiband_L1,1.0,1.0,0.9999987067234918,4.0
sub-218,True,,paired,paired_lr_welch_multiband_L1,0.0,0.0,2.1272550493433782e-05,4.0
sub-227,True,,paired,paired_lr_welch_multiband_L1,1.0,1.0,0.9701797307741813,4.0
sub-229,True,,paired,paired_lr_welch_multiband_L1,0.0,0.0,3.16691440795748e-05,4.0
sub-237,True,,paired,paired_lr_welch_multiband_L1,1.0,1.0,0.9996365004691846,4.0
sub-241,True,,paired,paired_lr_welch_multiband_L1,1.0,1.0,0.9998350648915331,4.0
sub-247,True,,paired,paired_lr_welch_multiband_L1,0.0,0.0,8.391102566859537e-07,4.0
sub-252,True,,paired,paired_lr_welch_multiband_L1,0.0,0.0,0.028431052183936368,4.0
sub-256,True,,paired,paired_lr_welch_multiband_L1,1.0,1.0,0.9935449233043274,4.0
sub-262,True,,paired,paired_lr_welch_multiband_L1,0.0,0.0,1.7481916167667478e-05,4.0
sub-264,True,,paired,paired_lr_welch_multiband_L1,1.0,1.0,0.9802868754049685,4.0
sub-272,True,,paired,paired_lr_welch_multiband_L1,0.0,0.0,0.0001662851960391205,4.0
sub-279,True,,paired,paired_lr_welch_multiband_L1,1.0,1.0,0.9999976850481658,4.0
sub-282,True,,paired,paired_lr_welch_multiband_L1,1.0,1.0,0.9985001324665053,4.0
sub-287,True,,paired,paired_lr_welch_multiband_L1,1.0,1.0,0.9477787782472746,4.0
sub-289,True,,paired,paired_lr_welch_multiband_L1,1.0,1.0,0.9999410398432604,4.0
sub-291,True,,paired,paired_lr_welch_multiband_L1,0.0,0.0,0.00018614959052705326,4.0
sub-292,True,,paired,paired_lr_welch_multiband_L1,0.0,0.0,4.019862696544529e-05,4.0
sub-297,True,,paired,paired_lr_welch_multiband_L1,1.0,1.0,0.9657472521338791,4.0
sub-300,True,,paired,paired_lr_welch_multiband_L1,0.0,0.0,0.0014114284211813747,4.0
sub-304,True,,paired,paired_lr_welch_multiband_L1,1.0,1.0,0.882552498281551,4.0
sub-311,True,,paired,paired_lr_welch_multiband_L1,0.0,0.0,0.02991355223232559,4.0
sub-313,False,,paired,paired_lr_welch_multiband_L1,1.0,0.0,0.4182881920401945,4.0
sub-318,True,,paired,paired_lr_welch_multiband_L1,1.0,1.0,0.9823050592842721,4.0
sub-323,True,,paired,paired_lr_welch_multiband_L1,1.0,1.0,0.9707964898018687,4.0
sub-354,True,,paired,paired_lr_welch_multiband_L1,1.0,1.0,0.9949079828173822,4.0
sub-356,True,,paired,paired_lr_welch_multiband_L1,0.0,0.0,0.016231290126091945,4.0
sub-357,True,,paired,paired_lr_welch_multiband_L1,0.0,0.0,3.781775798307198e-05,4.0
sub-358,True,,paired,paired_lr_welch_multiband_L1,1.0,1.0,0.9519731779286754,4.0
sub-361,True,,paired,paired_lr_welch_multiband_L1,0.0,0.0,5.005090910529483e-06,4.0
sub-362,True,,paired,paired_lr_welch_multiband_L1,1.0,1.0,0.9939499722128795,4.0
sub-375,True,,paired,paired_lr_welch_multiband_L1,1.0,1.0,0.9994109783474019,4.0
sub-379,True,,paired,paired_lr_welch_multiband_L1,1.0,1.0,0.9999988461583715,4.0
sub-380,True,,paired,paired_lr_welch_multiband_L1,0.0,0.0,4.438768685909044e-05,4.0
sub-386,True,,paired,paired_lr_welch_multiband_L1,1.0,1.0,0.9743506088781313,4.0
sub-400,True,,paired,paired_lr_welch_multiband_L1,0.0,0.0,2.612313808855966e-05,4.0
sub-412,True,,paired,paired_lr_welch_multiband_L1,0.0,0.0,0.007537223281917417,4.0
sub-415,True,,paired,paired_lr_welch_multiband_L1,0.0,0.0,0.33137500843227463,4.0
sub-416,True,,paired,paired_lr_welch_multiband_L1,1.0,1.0,0.9938631335628497,4.0
sub-423,True,,paired,paired_lr_welch_multiband_L1,0.0,0.0,9.548619512435446e-08,4.0
sub-425,True,,paired,paired_lr_welch_multiband_L1,0.0,0.0,0.1842236103620873,4.0
sub-429,True,,paired,paired_lr_welch_multiband_L1,0.0,0.0,0.05984601400809231,4.0
sub-434,True,,paired,paired_lr_welch_multiband_L1,1.0,1.0,0.9997828247100418,4.0
sub-435,True,,paired,paired_lr_welch_multiband_L1,0.0,0.0,0.000514666196929502,4.0
sub-436,True,,paired,paired_lr_welch_multiband_L1,1.0,1.0,0.9991845225351758,4.0
sub-437,True,,paired,paired_lr_welch_multiband_L1,0.0,0.0,0.000851622525396532,4.0
sub-442,True,,paired,paired_lr_welch_multiband_L1,1.0,1.0,0.99627653946734,4.0
sub-448,True,,paired,paired_lr_welch_multiband_L1,1.0,1.0,0.9999999199183871,4.0
sub-455,True,,paired,paired_lr_welch_multiband_L1,1.0,1.0,0.7959929138968626,4.0
sub-458,True,,paired,paired_lr_welch_multiband_L1,0.0,0.0,0.016346047860715026,4.0
sub-460,True,,paired,paired_lr_welch_multiband_L1,1.0,1.0,0.9999971328432523,4.0
sub-468,True,,paired,paired_lr_welch_multiband_L1,1.0,1.0,0.9611612242934724,4.0
sub-473,True,,paired,paired_lr_welch_multiband_L1,1.0,1.0,0.9956961669383182,4.0
sub-474,True,,paired,paired_lr_welch_multiband_L1,1.0,1.0,0.9999148701655679,4.0
sub-495,True,,paired,paired_lr_welch_multiband_L1,1.0,1.0,0.9999998449779466,4.0
sub-497,True,,paired,paired_lr_welch_multiband_L1,0.0,0.0,0.07443436366053381,4.0
sub-507,True,,paired,paired_lr_welch_multiband_L1,1.0,1.0,0.996998109553094,4.0
sub-513,True,,paired,paired_lr_welch_multiband_L1,0.0,0.0,0.0006942558879441173,4.0
sub-515,True,,paired,paired_lr_welch_multiband_L1,0.0,0.0,3.1863584396494945e-06,4.0
sub-518,True,,paired,paired_lr_welch_multiband_L1,0.0,0.0,0.00012316108818155255,4.0
sub-538,True,,paired,paired_lr_welch_multiband_L1,0.0,0.0,0.20199109476969393,4.0
sub-544,True,,paired,paired_lr_welch_multiband_L1,1.0,1.0,0.9921755301620895,4.0
sub-547,True,,paired,paired_lr_welch_multiband_L1,1.0,1.0,0.9988741308996852,4.0
sub-552,True,,paired,paired_lr_welch_multiband_L1,0.0,0.0,0.0003438629437659872,4.0
sub-554,True,,paired,paired_lr_welch_multiband_L1,0.0,0.0,2.4663460042417847e-06,4.0
sub-559,True,,paired,paired_lr_welch_multiband_L1,0.0,0.0,0.01625827087044053,4.0
sub-562,False,,paired,paired_lr_welch_multiband_L1,0.0,1.0,0.6937478971030263,4.0
sub-563,True,,paired,paired_lr_welch_multiband_L1,1.0,1.0,0.9986541434244106,4.0
sub-571,True,,paired,paired_lr_welch_multiband_L1,1.0,1.0,0.9996914993180384,4.0
sub-574,True,,paired,paired_lr_welch_multiband_L1,0.0,0.0,1.528677718836365e-05,4.0
sub-581,True,,paired,paired_lr_welch_multiband_L1,0.0,0.0,0.0004966778203463861,4.0
sub-587,True,,paired,paired_lr_welch_multiband_L1,1.0,1.0,0.6623465417977443,4.0
sub-590,True,,paired,paired_lr_welch_multiband_L1,0.0,0.0,3.03082811420675e-06,4.0
sub-598,True,,paired,paired_lr_welch_multiband_L1,0.0,0.0,0.005804385217042926,4.0
sub-601,True,,paired,paired_lr_welch_multiband_L1,1.0,1.0,0.9693562144439786,4.0
sub-001,True,,paired,paired_lr_welch_multiband_L1,1.0,1.0,0.9999975866330205,5.0
sub-007,True,,paired,paired_lr_welch_multiband_L1,0.0,0.0,1.3579327500726006e-05,5.0
sub-008,True,,paired,paired_lr_welch_multiband_L1,0.0,0.0,0.0005128452475562713,5.0
sub-009,False,,paired,paired_lr_welch_multiband_L1,1.0,0.0,0.0054248367940650305,5.0
sub-012,True,,paired,paired_lr_welch_multiband_L1,0.0,0.0,0.1636292761662083,5.0
sub-020,True,,paired,paired_lr_welch_multiband_L1,1.0,1.0,0.886831104773493,5.0
sub-021,True,,paired,paired_lr_welch_multiband_L1,1.0,1.0,0.9999758771316644,5.0
sub-029,True,,paired,paired_lr_welch_multiband_L1,1.0,1.0,0.9989255067418374,5.0
sub-037,True,,paired,paired_lr_welch_multiband_L1,0.0,0.0,0.0005769418355575554,5.0
sub-052,True,,paired,paired_lr_welch_multiband_L1,0.0,0.0,1.0451086751120878e-06,5.0
sub-054,True,,paired,paired_lr_welch_multiband_L1,1.0,1.0,0.9999989546106428,5.0
sub-055,True,,paired,paired_lr_welch_multiband_L1,0.0,0.0,5.4653836034985476e-05,5.0
sub-056,True,,paired,paired_lr_welch_multiband_L1,1.0,1.0,0.9700256712767441,5.0
sub-071,True,,paired,paired_lr_welch_multiband_L1,1.0,1.0,0.9999989201871384,5.0
sub-084,True,,paired,paired_lr_welch_multiband_L1,0.0,0.0,0.003627240377022572,5.0
sub-095,True,,paired,paired_lr_welch_multiband_L1,1.0,1.0,0.6523234173164221,5.0
sub-101,True,,paired,paired_lr_welch_multiband_L1,0.0,0.0,0.0002903374660144678,5.0
sub-104,True,,paired,paired_lr_welch_multiband_L1,0.0,0.0,0.04136916663409249,5.0
sub-120,True,,paired,paired_lr_welch_multiband_L1,1.0,1.0,0.5156349343282063,5.0
sub-124,True,,paired,paired_lr_welch_multiband_L1,0.0,0.0,0.01979803677714499,5.0
sub-125,True,,paired,paired_lr_welch_multiband_L1,0.0,0.0,0.0020971724568321025,5.0
sub-128,True,,paired,paired_lr_welch_multiband_L1,0.0,0.0,0.0343158940859713,5.0
sub-134,True,,paired,paired_lr_welch_multiband_L1,0.0,0.0,0.0006082622891378904,5.0
sub-149,True,,paired,paired_lr_welch_multiband_L1,0.0,0.0,7.842429330887924e-06,5.0
sub-156,True,,paired,paired_lr_welch_multiband_L1,1.0,1.0,0.9974863470741571,5.0
sub-160,True,,paired,paired_lr_welch_multiband_L1,1.0,1.0,0.9955959640839575,5.0
sub-171,True,,paired,paired_lr_welch_multiband_L1,1.0,1.0,0.999947434786163,5.0
sub-175,True,,paired,paired_lr_welch_multiband_L1,0.0,0.0,0.04147958139687732,5.0
sub-179,True,,paired,paired_lr_welch_multiband_L1,0.0,0.0,0.0014800157217139246,5.0
sub-183,True,,paired,paired_lr_welch_multiband_L1,0.0,0.0,7.070264600872983e-05,5.0
sub-190,True,,paired,paired_lr_welch_multiband_L1,1.0,1.0,0.9996536802085529,5.0
sub-195,True,,paired,paired_lr_welch_multiband_L1,1.0,1.0,0.9999905312206857,5.0
sub-200,False,,paired,paired_lr_welch_multiband_L1,1.0,0.0,0.47848753845790887,5.0
sub-204,True,,paired,paired_lr_welch_multiband_L1,0.0,0.0,0.00025838468734330517,5.0
sub-206,True,,paired,paired_lr_welch_multiband_L1,1.0,1.0,0.9999805093461944,5.0
sub-213,True,,paired,paired_lr_welch_multiband_L1,0.0,0.0,0.018817359631097076,5.0
sub-214,True,,paired,paired_lr_welch_multiband_L1,1.0,1.0,0.7882605364468699,5.0
sub-215,True,,paired,paired_lr_welch_multiband_L1,0.0,0.0,3.090959781145557e-08,5.0
sub-224,True,,paired,paired_lr_welch_multiband_L1,1.0,1.0,0.999867515179009,5.0
sub-234,True,,paired,paired_lr_welch_multiband_L1,1.0,1.0,0.9984113495541128,5.0
sub-239,True,,paired,paired_lr_welch_multiband_L1,0.0,0.0,1.742548429200956e-05,5.0
sub-242,True,,paired,paired_lr_welch_multiband_L1,0.0,0.0,2.5261377918109843e-06,5.0
sub-243,True,,paired,paired_lr_welch_multiband_L1,1.0,1.0,0.7110895639990737,5.0
sub-244,True,,paired,paired_lr_welch_multiband_L1,0.0,0.0,0.31064446429878845,5.0
sub-246,True,,paired,paired_lr_welch_multiband_L1,1.0,1.0,0.9999950903131023,5.0
sub-250,True,,paired,paired_lr_welch_multiband_L1,1.0,1.0,0.9999996755460623,5.0
sub-258,True,,paired,paired_lr_welch_multiband_L1,0.0,0.0,0.00023391138937606243,5.0
sub-259,True,,paired,paired_lr_welch_multiband_L1,0.0,0.0,4.08898035375188e-05,5.0
sub-267,True,,paired,paired_lr_welch_multiband_L1,1.0,1.0,0.9999999830743848,5.0
sub-269,True,,paired,paired_lr_welch_multiband_L1,0.0,0.0,0.003579497484574844,5.0
sub-283,True,,paired,paired_lr_welch_multiband_L1,0.0,0.0,2.621663132708508e-07,5.0
sub-285,True,,paired,paired_lr_welch_multiband_L1,1.0,1.0,0.9935085128956334,5.0
sub-293,True,,paired,paired_lr_welch_multiband_L1,1.0,1.0,0.9999707766834643,5.0
sub-307,True,,paired,paired_lr_welch_multiband_L1,0.0,0.0,0.01717832325359362,5.0
sub-308,True,,paired,paired_lr_welch_multiband_L1,1.0,1.0,0.9951486282529598,5.0
sub-316,True,,paired,paired_lr_welch_multiband_L1,1.0,1.0,0.8556429398958724,5.0
sub-327,True,,paired,paired_lr_welch_multiband_L1,1.0,1.0,0.9999566738356146,5.0
sub-335,True,,paired,paired_lr_welch_multiband_L1,1.0,1.0,0.9995237507645923,5.0
sub-337,True,,paired,paired_lr_welch_multiband_L1,0.0,0.0,2.505815248362246e-05,5.0
sub-339,True,,paired,paired_lr_welch_multiband_L1,1.0,1.0,0.9832831714314131,5.0
sub-342,True,,paired,paired_lr_welch_multiband_L1,0.0,0.0,2.7355538391830866e-07,5.0
sub-343,True,,paired,paired_lr_welch_multiband_L1,1.0,1.0,0.9998988540287986,5.0
sub-344,True,,paired,paired_lr_welch_multiband_L1,1.0,1.0,0.9999637959600445,5.0
sub-345,True,,paired,paired_lr_welch_multiband_L1,0.0,0.0,0.041206918119749227,5.0
sub-346,True,,paired,paired_lr_welch_multiband_L1,1.0,1.0,0.9743091671900436,5.0
sub-365,True,,paired,paired_lr_welch_multiband_L1,1.0,1.0,0.9999998544439547,5.0
sub-367,True,,paired,paired_lr_welch_multiband_L1,0.0,0.0,0.004393698363356026,5.0
sub-368,True,,paired,paired_lr_welch_multiband_L1,0.0,0.0,0.36487917930916525,5.0
sub-371,True,,paired,paired_lr_welch_multiband_L1,1.0,1.0,0.9862620305581858,5.0
sub-372,True,,paired,paired_lr_welch_multiband_L1,0.0,0.0,0.0003138708729083469,5.0
sub-374,True,,paired,paired_lr_welch_multiband_L1,0.0,0.0,0.002401875631772634,5.0
sub-385,True,,paired,paired_lr_welch_multiband_L1,0.0,0.0,1.8735404625643542e-07,5.0
sub-387,True,,paired,paired_lr_welch_multiband_L1,1.0,1.0,0.9764803690855492,5.0
sub-393,True,,paired,paired_lr_welch_multiband_L1,0.0,0.0,9.353323491241088e-06,5.0
sub-395,True,,paired,paired_lr_welch_multiband_L1,0.0,0.0,0.0001580280624686642,5.0
sub-402,True,,paired,paired_lr_welch_multiband_L1,0.0,0.0,0.000300550156264483,5.0
sub-404,True,,paired,paired_lr_welch_multiband_L1,1.0,1.0,0.9999999166002905,5.0
sub-406,True,,paired,paired_lr_welch_multiband_L1,0.0,0.0,0.08278137835456194,5.0
sub-407,True,,paired,paired_lr_welch_multiband_L1,0.0,0.0,0.0004747862895470543,5.0
sub-411,True,,paired,paired_lr_welch_multiband_L1,1.0,1.0,0.9996948800248531,5.0
sub-420,True,,paired,paired_lr_welch_multiband_L1,1.0,1.0,0.7301152357635475,5.0
sub-422,True,,paired,paired_lr_welch_multiband_L1,0.0,0.0,1.4194996697774262e-05,5.0
sub-426,True,,paired,paired_lr_welch_multiband_L1,0.0,0.0,0.39327552073879624,5.0
sub-430,False,,paired,paired_lr_welch_multiband_L1,1.0,0.0,0.4262570408567233,5.0
sub-431,True,,paired,paired_lr_welch_multiband_L1,1.0,1.0,0.9916441842910736,5.0
sub-438,True,,paired,paired_lr_welch_multiband_L1,0.0,0.0,7.155591455731924e-05,5.0
sub-439,True,,paired,paired_lr_welch_multiband_L1,0.0,0.0,0.0007278356422014858,5.0
sub-440,True,,paired,paired_lr_welch_multiband_L1,0.0,0.0,0.0019692044844550637,5.0
sub-443,True,,paired,paired_lr_welch_multiband_L1,1.0,1.0,0.999943985827236,5.0
sub-444,True,,paired,paired_lr_welch_multiband_L1,0.0,0.0,3.3015555439091254e-05,5.0
sub-445,True,,paired,paired_lr_welch_multiband_L1,1.0,1.0,0.9996550877245548,5.0
sub-454,True,,paired,paired_lr_welch_multiband_L1,1.0,1.0,0.9887808310762735,5.0
sub-456,True,,paired,paired_lr_welch_multiband_L1,1.0,1.0,0.9734699062392586,5.0
sub-475,True,,paired,paired_lr_welch_multiband_L1,1.0,1.0,0.999999924663944,5.0
sub-487,True,,paired,paired_lr_welch_multiband_L1,0.0,0.0,0.06264653188087517,5.0
sub-498,True,,paired,paired_lr_welch_multiband_L1,1.0,1.0,0.9998648677151764,5.0
sub-505,True,,paired,paired_lr_welch_multiband_L1,0.0,0.0,0.010141104746546904,5.0
sub-506,True,,paired,paired_lr_welch_multiband_L1,0.0,0.0,0.20061926457171725,5.0
sub-508,True,,paired,paired_lr_welch_multiband_L1,1.0,1.0,0.9999990267925015,5.0
sub-510,True,,paired,paired_lr_welch_multiband_L1,0.0,0.0,0.03919433759965965,5.0
sub-523,True,,paired,paired_lr_welch_multiband_L1,1.0,1.0,0.9891644948266026,5.0
sub-529,True,,paired,paired_lr_welch_multiband_L1,1.0,1.0,0.9927272381473123,5.0
sub-537,True,,paired,paired_lr_welch_multiband_L1,1.0,1.0,0.999980508216828,5.0
sub-539,True,,paired,paired_lr_welch_multiband_L1,1.0,1.0,0.9539345864494072,5.0
sub-545,True,,paired,paired_lr_welch_multiband_L1,1.0,1.0,0.9483123873248633,5.0
sub-548,True,,paired,paired_lr_welch_multiband_L1,0.0,0.0,2.3848632734266123e-07,5.0
sub-551,False,,paired,paired_lr_welch_multiband_L1,0.0,1.0,0.7243008056901138,5.0
sub-555,True,,paired,paired_lr_welch_multiband_L1,0.0,0.0,8.041470302533254e-05,5.0
sub-564,True,,paired,paired_lr_welch_multiband_L1,1.0,1.0,0.9999992752271253,5.0
sub-570,True,,paired,paired_lr_welch_multiband_L1,1.0,1.0,0.9823257460117583,5.0
sub-572,True,,paired,paired_lr_welch_multiband_L1,1.0,1.0,0.9998030613927282,5.0
sub-573,True,,paired,paired_lr_welch_multiband_L1,0.0,0.0,2.89295650207257e-06,5.0
sub-589,True,,paired,paired_lr_welch_multiband_L1,0.0,0.0,3.0839703461912277e-07,5.0
sub-593,True,,paired,paired_lr_welch_multiband_L1,1.0,1.0,0.9998362443800627,5.0
sub-594,True,,paired,paired_lr_welch_multiband_L1,0.0,0.0,2.281368267182723e-08,5.0
sub-596,True,,paired,paired_lr_welch_multiband_L1,0.0,0.0,0.029271197391276736,5.0
sub-603,True,,paired,paired_lr_welch_multiband_L1,0.0,0.0,1.9867939155444366e-06,5.0
sub-607,True,,paired,paired_lr_welch_multiband_L1,1.0,1.0,0.8339098455610566,5.0
sub-014,True,,paired,paired_lr_combined_L1,0.0,0.0,7.678045452840408e-05,1.0
sub-015,True,,paired,paired_lr_combined_L1,0.0,0.0,0.0005299632149875421,1.0
sub-016,True,,paired,paired_lr_combined_L1,1.0,1.0,0.9999966434940294,1.0
sub-017,True,,paired,paired_lr_combined_L1,1.0,1.0,0.9999923706546133,1.0
sub-022,True,,paired,paired_lr_combined_L1,0.0,0.0,0.0008962946991334567,1.0
sub-031,True,,paired,paired_lr_combined_L1,1.0,1.0,0.9998458409745299,1.0
sub-032,True,,paired,paired_lr_combined_L1,1.0,1.0,0.9791847629496739,1.0
sub-041,True,,paired,paired_lr_combined_L1,0.0,0.0,0.0036857905883664207,1.0
sub-048,True,,paired,paired_lr_combined_L1,0.0,0.0,0.0001354066057158052,1.0
sub-051,True,,paired,paired_lr_combined_L1,1.0,1.0,0.999992644788411,1.0
sub-061,True,,paired,paired_lr_combined_L1,1.0,1.0,0.9999643966235432,1.0
sub-070,True,,paired,paired_lr_combined_L1,0.0,0.0,4.47855965345219e-05,1.0
sub-073,True,,paired,paired_lr_combined_L1,0.0,0.0,3.617025771100129e-06,1.0
sub-081,True,,paired,paired_lr_combined_L1,1.0,1.0,0.999994296513051,1.0
sub-085,True,,paired,paired_lr_combined_L1,1.0,1.0,0.9999214280867921,1.0
sub-087,True,,paired,paired_lr_combined_L1,1.0,1.0,0.9882047063574376,1.0
sub-092,True,,paired,paired_lr_combined_L1,1.0,1.0,0.9999999640310602,1.0
sub-094,True,,paired,paired_lr_combined_L1,1.0,1.0,0.9998032095234415,1.0
sub-096,True,,paired,paired_lr_combined_L1,1.0,1.0,0.98157885979788,1.0
sub-099,True,,paired,paired_lr_combined_L1,1.0,1.0,0.9903277526308724,1.0
sub-100,True,,paired,paired_lr_combined_L1,0.0,0.0,0.062229574412244595,1.0
sub-105,True,,paired,paired_lr_combined_L1,0.0,0.0,0.00955582394861197,1.0
sub-106,True,,paired,paired_lr_combined_L1,0.0,0.0,4.659935571574408e-05,1.0
sub-108,True,,paired,paired_lr_combined_L1,0.0,0.0,2.2827531763045638e-06,1.0
sub-110,True,,paired,paired_lr_combined_L1,0.0,0.0,3.970895395300138e-06,1.0
sub-112,True,,paired,paired_lr_combined_L1,1.0,1.0,0.9999145896280873,1.0
sub-132,True,,paired,paired_lr_combined_L1,1.0,1.0,0.9987668981153183,1.0
sub-138,True,,paired,paired_lr_combined_L1,1.0,1.0,0.9999998962671063,1.0
sub-143,True,,paired,paired_lr_combined_L1,1.0,1.0,0.9887951136155433,1.0
sub-148,True,,paired,paired_lr_combined_L1,0.0,0.0,6.031380794135398e-08,1.0
sub-152,True,,paired,paired_lr_combined_L1,1.0,1.0,0.9686215827327529,1.0
sub-154,True,,paired,paired_lr_combined_L1,1.0,1.0,0.9989357429581358,1.0
sub-155,True,,paired,paired_lr_combined_L1,0.0,0.0,0.023078406637949682,1.0
sub-164,True,,paired,paired_lr_combined_L1,0.0,0.0,0.012779963207629832,1.0
sub-178,True,,paired,paired_lr_combined_L1,1.0,1.0,0.9739276553219212,1.0
sub-188,True,,paired,paired_lr_combined_L1,0.0,0.0,9.383393517152559e-06,1.0
sub-198,True,,paired,paired_lr_combined_L1,0.0,0.0,4.245808652253777e-06,1.0
sub-199,True,,paired,paired_lr_combined_L1,1.0,1.0,0.9986354825297639,1.0
sub-208,True,,paired,paired_lr_combined_L1,1.0,1.0,0.9986288909120232,1.0
sub-216,True,,paired,paired_lr_combined_L1,1.0,1.0,0.9999544845355904,1.0
sub-220,True,,paired,paired_lr_combined_L1,0.0,0.0,7.21691736162364e-05,1.0
sub-232,True,,paired,paired_lr_combined_L1,1.0,1.0,0.999999839671921,1.0
sub-236,True,,paired,paired_lr_combined_L1,0.0,0.0,0.00021899961006443814,1.0
sub-251,False,,paired,paired_lr_combined_L1,1.0,0.0,0.033070934574603555,1.0
sub-266,True,,paired,paired_lr_combined_L1,0.0,0.0,0.002635480043513361,1.0
sub-275,True,,paired,paired_lr_combined_L1,1.0,1.0,0.8322031586690943,1.0
sub-278,True,,paired,paired_lr_combined_L1,0.0,0.0,0.0018665700517982967,1.0
sub-296,True,,paired,paired_lr_combined_L1,0.0,0.0,1.563522470184505e-05,1.0
sub-298,True,,paired,paired_lr_combined_L1,1.0,1.0,0.8141539426196316,1.0
sub-299,True,,paired,paired_lr_combined_L1,1.0,1.0,0.9999987823522537,1.0
sub-302,True,,paired,paired_lr_combined_L1,1.0,1.0,0.7931848396915023,1.0
sub-310,True,,paired,paired_lr_combined_L1,0.0,0.0,0.00020385451012069824,1.0
sub-314,True,,paired,paired_lr_combined_L1,1.0,1.0,0.9981323160714142,1.0
sub-320,True,,paired,paired_lr_combined_L1,0.0,0.0,0.0073650738586416315,1.0
sub-321,True,,paired,paired_lr_combined_L1,1.0,1.0,0.9988737708662021,1.0
sub-325,True,,paired,paired_lr_combined_L1,1.0,1.0,0.9995690604528484,1.0
sub-330,True,,paired,paired_lr_combined_L1,0.0,0.0,1.6786180245878885e-07,1.0
sub-333,True,,paired,paired_lr_combined_L1,0.0,0.0,7.903915450223872e-05,1.0
sub-336,True,,paired,paired_lr_combined_L1,1.0,1.0,0.9998838398934317,1.0
sub-348,True,,paired,paired_lr_combined_L1,1.0,1.0,0.9984590061348291,1.0
sub-351,True,,paired,paired_lr_combined_L1,0.0,0.0,3.759269194105968e-05,1.0
sub-359,True,,paired,paired_lr_combined_L1,0.0,0.0,4.933119535429145e-08,1.0
sub-364,True,,paired,paired_lr_combined_L1,1.0,1.0,0.9991420448697851,1.0
sub-373,True,,paired,paired_lr_combined_L1,1.0,1.0,0.9999999009810048,1.0
sub-376,True,,paired,paired_lr_combined_L1,1.0,1.0,0.9969270144377113,1.0
sub-378,False,,paired,paired_lr_combined_L1,1.0,0.0,0.4169282878729992,1.0
sub-381,False,,paired,paired_lr_combined_L1,0.0,1.0,0.6394803625894387,1.0
sub-384,True,,paired,paired_lr_combined_L1,0.0,0.0,5.5405717981972015e-05,1.0
sub-388,True,,paired,paired_lr_combined_L1,0.0,0.0,0.002162595855275213,1.0
sub-397,True,,paired,paired_lr_combined_L1,0.0,0.0,0.00012933214829831432,1.0
sub-401,True,,paired,paired_lr_combined_L1,0.0,0.0,0.2983473485807436,1.0
sub-405,True,,paired,paired_lr_combined_L1,1.0,1.0,0.999999610869537,1.0
sub-408,True,,paired,paired_lr_combined_L1,0.0,0.0,5.172766124958502e-06,1.0
sub-414,True,,paired,paired_lr_combined_L1,1.0,1.0,0.9925383541423999,1.0
sub-418,True,,paired,paired_lr_combined_L1,1.0,1.0,0.9999784899052853,1.0
sub-424,True,,paired,paired_lr_combined_L1,1.0,1.0,0.9963347719574999,1.0
sub-441,True,,paired,paired_lr_combined_L1,1.0,1.0,0.9996688455718492,1.0
sub-449,True,,paired,paired_lr_combined_L1,1.0,1.0,0.9999928733656126,1.0
sub-451,True,,paired,paired_lr_combined_L1,1.0,1.0,0.999960975787243,1.0
sub-463,True,,paired,paired_lr_combined_L1,0.0,0.0,0.001597907611279443,1.0
sub-465,True,,paired,paired_lr_combined_L1,0.0,0.0,0.13885326679331228,1.0
sub-467,True,,paired,paired_lr_combined_L1,1.0,1.0,0.9994758634650038,1.0
sub-470,True,,paired,paired_lr_combined_L1,0.0,0.0,8.98809923416129e-05,1.0
sub-471,True,,paired,paired_lr_combined_L1,0.0,0.0,4.7927510502832565e-06,1.0
sub-476,True,,paired,paired_lr_combined_L1,1.0,1.0,0.9999999923263984,1.0
sub-479,True,,paired,paired_lr_combined_L1,1.0,1.0,0.6192730836160734,1.0
sub-481,True,,paired,paired_lr_combined_L1,0.0,0.0,9.872542289025164e-07,1.0
sub-485,True,,paired,paired_lr_combined_L1,1.0,1.0,0.9999986475848057,1.0
sub-486,True,,paired,paired_lr_combined_L1,0.0,0.0,0.12864883099089625,1.0
sub-490,True,,paired,paired_lr_combined_L1,1.0,1.0,0.9806667717741896,1.0
sub-491,True,,paired,paired_lr_combined_L1,0.0,0.0,0.0013027837955378637,1.0
sub-496,True,,paired,paired_lr_combined_L1,1.0,1.0,0.9999999575645249,1.0
sub-499,True,,paired,paired_lr_combined_L1,0.0,0.0,0.0004352221969996436,1.0
sub-501,True,,paired,paired_lr_combined_L1,1.0,1.0,0.9998403105764345,1.0
sub-502,True,,paired,paired_lr_combined_L1,0.0,0.0,0.00020882599707094278,1.0
sub-521,True,,paired,paired_lr_combined_L1,1.0,1.0,0.9880623419186026,1.0
sub-524,True,,paired,paired_lr_combined_L1,0.0,0.0,0.0023417614781961553,1.0
sub-526,True,,paired,paired_lr_combined_L1,1.0,1.0,0.9932038151327254,1.0
sub-530,True,,paired,paired_lr_combined_L1,0.0,0.0,3.832161162899748e-07,1.0
sub-535,True,,paired,paired_lr_combined_L1,0.0,0.0,3.514453382720364e-09,1.0
sub-536,True,,paired,paired_lr_combined_L1,0.0,0.0,0.000288109976339511,1.0
sub-540,True,,paired,paired_lr_combined_L1,1.0,1.0,0.999928076886978,1.0
sub-541,True,,paired,paired_lr_combined_L1,1.0,1.0,0.9999999979088663,1.0
sub-543,True,,paired,paired_lr_combined_L1,0.0,0.0,0.006504193680605968,1.0
sub-556,True,,paired,paired_lr_combined_L1,1.0,1.0,0.9743133595082106,1.0
sub-557,True,,paired,paired_lr_combined_L1,1.0,1.0,0.9998240714252495,1.0
sub-561,True,,paired,paired_lr_combined_L1,0.0,0.0,0.02621612853404954,1.0
sub-565,True,,paired,paired_lr_combined_L1,1.0,1.0,0.9997939895712252,1.0
sub-567,True,,paired,paired_lr_combined_L1,0.0,0.0,0.0006502008098943731,1.0
sub-568,True,,paired,paired_lr_combined_L1,0.0,0.0,0.10337669853281976,1.0
sub-578,True,,paired,paired_lr_combined_L1,0.0,0.0,2.584103040462993e-06,1.0
sub-579,True,,paired,paired_lr_combined_L1,0.0,0.0,0.00044103050589692437,1.0
sub-582,True,,paired,paired_lr_combined_L1,0.0,0.0,0.00017866289578765906,1.0
sub-585,True,,paired,paired_lr_combined_L1,0.0,0.0,4.940555836484182e-06,1.0
sub-591,False,,paired,paired_lr_combined_L1,0.0,1.0,0.6863662391329015,1.0
sub-595,False,,paired,paired_lr_combined_L1,1.0,0.0,0.17484221945191203,1.0
sub-597,True,,paired,paired_lr_combined_L1,0.0,0.0,2.496370827655796e-05,1.0
sub-599,True,,paired,paired_lr_combined_L1,0.0,0.0,0.02868764808050062,1.0
sub-605,True,,paired,paired_lr_combined_L1,0.0,0.0,8.261276461305611e-06,1.0
sub-003,True,,paired,paired_lr_combined_L1,1.0,1.0,0.9999991719501375,2.0
sub-005,True,,paired,paired_lr_combined_L1,1.0,1.0,0.9999999485039901,2.0
sub-006,True,,paired,paired_lr_combined_L1,0.0,0.0,6.537811933556864e-05,2.0
sub-010,True,,paired,paired_lr_combined_L1,0.0,0.0,0.0010076599386547854,2.0
sub-018,True,,paired,paired_lr_combined_L1,0.0,0.0,0.006982405767159265,2.0
sub-023,True,,paired,paired_lr_combined_L1,1.0,1.0,0.9999607181635112,2.0
sub-026,True,,paired,paired_lr_combined_L1,1.0,1.0,0.9998664487469473,2.0
sub-030,True,,paired,paired_lr_combined_L1,0.0,0.0,0.028045355370856763,2.0
sub-036,False,,paired,paired_lr_combined_L1,0.0,1.0,0.9187707130146117,2.0
sub-046,True,,paired,paired_lr_combined_L1,1.0,1.0,0.9999626480327136,2.0
sub-047,True,,paired,paired_lr_combined_L1,0.0,0.0,0.004602646850446535,2.0
sub-050,True,,paired,paired_lr_combined_L1,1.0,1.0,0.9649879124461198,2.0
sub-053,True,,paired,paired_lr_combined_L1,0.0,0.0,0.00031164452689582685,2.0
sub-057,True,,paired,paired_lr_combined_L1,0.0,0.0,0.008221683145899402,2.0
sub-064,True,,paired,paired_lr_combined_L1,0.0,0.0,1.086111473738615e-06,2.0
sub-066,True,,paired,paired_lr_combined_L1,1.0,1.0,0.9999999885233707,2.0
sub-077,True,,paired,paired_lr_combined_L1,0.0,0.0,1.8378977999253428e-06,2.0
sub-080,True,,paired,paired_lr_combined_L1,1.0,1.0,0.9999923095598302,2.0
sub-082,True,,paired,paired_lr_combined_L1,0.0,0.0,8.05225443898919e-06,2.0
sub-086,True,,paired,paired_lr_combined_L1,1.0,1.0,0.9999875502687385,2.0
sub-107,True,,paired,paired_lr_combined_L1,1.0,1.0,0.5166947596475786,2.0
sub-109,True,,paired,paired_lr_combined_L1,1.0,1.0,0.9387235656320494,2.0
sub-114,True,,paired,paired_lr_combined_L1,0.0,0.0,0.00043530431900420995,2.0
sub-116,True,,paired,paired_lr_combined_L1,0.0,0.0,5.5230886430036525e-06,2.0
sub-118,True,,paired,paired_lr_combined_L1,1.0,1.0,0.9986334245554052,2.0
sub-119,True,,paired,paired_lr_combined_L1,1.0,1.0,0.9999996016306624,2.0
sub-121,True,,paired,paired_lr_combined_L1,0.0,0.0,5.518878198020879e-06,2.0
sub-123,True,,paired,paired_lr_combined_L1,1.0,1.0,0.9608490565387872,2.0
sub-126,True,,paired,paired_lr_combined_L1,0.0,0.0,0.0003179833153781785,2.0
sub-131,True,,paired,paired_lr_combined_L1,1.0,1.0,0.999996134303447,2.0
sub-133,True,,paired,paired_lr_combined_L1,1.0,1.0,0.9928761791757419,2.0
sub-135,True,,paired,paired_lr_combined_L1,1.0,1.0,0.9980606600527941,2.0
sub-136,True,,paired,paired_lr_combined_L1,1.0,1.0,0.9999980939446933,2.0
sub-137,True,,paired,paired_lr_combined_L1,1.0,1.0,0.9997803620453923,2.0
sub-144,True,,paired,paired_lr_combined_L1,1.0,1.0,0.9999458326906236,2.0
sub-145,True,,paired,paired_lr_combined_L1,0.0,0.0,0.0005582588146161664,2.0
sub-147,True,,paired,paired_lr_combined_L1,1.0,1.0,0.9999993305739021,2.0
sub-153,True,,paired,paired_lr_combined_L1,0.0,0.0,0.015319836633518925,2.0
sub-158,True,,paired,paired_lr_combined_L1,0.0,0.0,0.1472623197153046,2.0
sub-161,True,,paired,paired_lr_combined_L1,0.0,0.0,2.349463086354471e-06,2.0
sub-162,True,,paired,paired_lr_combined_L1,0.0,0.0,2.379954005417756e-05,2.0
sub-163,True,,paired,paired_lr_combined_L1,1.0,1.0,0.9883868556496991,2.0
sub-165,True,,paired,paired_lr_combined_L1,1.0,1.0,0.9999832853901073,2.0
sub-169,True,,paired,paired_lr_combined_L1,1.0,1.0,0.9999781453450327,2.0
sub-172,True,,paired,paired_lr_combined_L1,0.0,0.0,0.0057764382781524334,2.0
sub-181,True,,paired,paired_lr_combined_L1,1.0,1.0,0.9999994271177273,2.0
sub-187,True,,paired,paired_lr_combined_L1,1.0,1.0,0.9999961207579209,2.0
sub-191,True,,paired,paired_lr_combined_L1,0.0,0.0,1.2548364748898892e-06,2.0
sub-194,True,,paired,paired_lr_combined_L1,1.0,1.0,0.9323617032226188,2.0
sub-210,True,,paired,paired_lr_combined_L1,0.0,0.0,0.00029619065679250715,2.0
sub-217,True,,paired,paired_lr_combined_L1,1.0,1.0,0.9999988032885246,2.0
sub-221,True,,paired,paired_lr_combined_L1,1.0,1.0,0.9997782245873218,2.0
sub-223,True,,paired,paired_lr_combined_L1,0.0,0.0,0.00012762705981175253,2.0
sub-225,True,,paired,paired_lr_combined_L1,1.0,1.0,0.9999978110326279,2.0
sub-226,True,,paired,paired_lr_combined_L1,0.0,0.0,3.698715615248493e-08,2.0
sub-233,True,,paired,paired_lr_combined_L1,1.0,1.0,0.9909778010252911,2.0
sub-235,True,,paired,paired_lr_combined_L1,1.0,1.0,0.999999862179343,2.0
sub-238,True,,paired,paired_lr_combined_L1,0.0,0.0,2.3523757935202868e-07,2.0
sub-255,True,,paired,paired_lr_combined_L1,1.0,1.0,0.9845364518239,2.0
sub-273,True,,paired,paired_lr_combined_L1,1.0,1.0,0.9976173040773976,2.0
sub-276,True,,paired,paired_lr_combined_L1,1.0,1.0,0.9999942203939397,2.0
sub-280,True,,paired,paired_lr_combined_L1,1.0,1.0,0.9999987243417495,2.0
sub-281,True,,paired,paired_lr_combined_L1,0.0,0.0,1.287492111485307e-07,2.0
sub-286,True,,paired,paired_lr_combined_L1,0.0,0.0,0.00046306012613237034,2.0
sub-290,True,,paired,paired_lr_combined_L1,1.0,1.0,0.9999313034102906,2.0
sub-295,True,,paired,paired_lr_combined_L1,1.0,1.0,0.9873303910700812,2.0
sub-301,True,,paired,paired_lr_combined_L1,0.0,0.0,7.779899049664375e-06,2.0
sub-305,True,,paired,paired_lr_combined_L1,0.0,0.0,0.0008037416641872308,2.0
sub-309,True,,paired,paired_lr_combined_L1,0.0,0.0,0.46612974589862954,2.0
sub-315,True,,paired,paired_lr_combined_L1,1.0,1.0,0.9999644430294778,2.0
sub-317,True,,paired,paired_lr_combined_L1,0.0,0.0,5.491720182074119e-05,2.0
sub-322,True,,paired,paired_lr_combined_L1,1.0,1.0,0.99999949533802,2.0
sub-326,True,,paired,paired_lr_combined_L1,0.0,0.0,6.644448038275131e-05,2.0
sub-329,True,,paired,paired_lr_combined_L1,0.0,0.0,8.54142063799012e-06,2.0
sub-341,True,,paired,paired_lr_combined_L1,1.0,1.0,0.7176063846441443,2.0
sub-347,True,,paired,paired_lr_combined_L1,1.0,1.0,0.9958874064862804,2.0
sub-349,True,,paired,paired_lr_combined_L1,1.0,1.0,0.9645208776708291,2.0
sub-352,True,,paired,paired_lr_combined_L1,0.0,0.0,0.03101246516651802,2.0
sub-353,True,,paired,paired_lr_combined_L1,0.0,0.0,7.537875470343104e-05,2.0
sub-355,True,,paired,paired_lr_combined_L1,0.0,0.0,1.0342049427009659e-05,2.0
sub-369,True,,paired,paired_lr_combined_L1,0.0,0.0,1.0806092078642213e-06,2.0
sub-390,True,,paired,paired_lr_combined_L1,1.0,1.0,0.9999998771462224,2.0
sub-392,True,,paired,paired_lr_combined_L1,0.0,0.0,0.0004630714471219678,2.0
sub-394,True,,paired,paired_lr_combined_L1,0.0,0.0,1.1736597812306845e-05,2.0
sub-396,True,,paired,paired_lr_combined_L1,0.0,0.0,0.0016389094587744393,2.0
sub-399,True,,paired,paired_lr_combined_L1,0.0,0.0,0.026675364795227682,2.0
sub-403,True,,paired,paired_lr_combined_L1,0.0,0.0,3.285790639140839e-05,2.0
sub-409,True,,paired,paired_lr_combined_L1,1.0,1.0,0.999999770216786,2.0
sub-410,True,,paired,paired_lr_combined_L1,0.0,0.0,0.000792740642728846,2.0
sub-413,True,,paired,paired_lr_combined_L1,1.0,1.0,0.9999980004236058,2.0
sub-432,True,,paired,paired_lr_combined_L1,1.0,1.0,0.981181375470493,2.0
sub-433,True,,paired,paired_lr_combined_L1,0.0,0.0,0.05455120047558898,2.0
sub-446,True,,paired,paired_lr_combined_L1,0.0,0.0,9.6306794540766e-06,2.0
sub-447,True,,paired,paired_lr_combined_L1,0.0,0.0,2.5025442056938972e-05,2.0
sub-450,True,,paired,paired_lr_combined_L1,0.0,0.0,8.29610543504199e-05,2.0
sub-452,True,,paired,paired_lr_combined_L1,1.0,1.0,0.9957946865430818,2.0
sub-457,True,,paired,paired_lr_combined_L1,0.0,0.0,4.080709935910485e-05,2.0
sub-464,True,,paired,paired_lr_combined_L1,0.0,0.0,7.970044709403897e-10,2.0
sub-478,True,,paired,paired_lr_combined_L1,1.0,1.0,0.9999999948467524,2.0
sub-480,True,,paired,paired_lr_combined_L1,0.0,0.0,0.47179741615765725,2.0
sub-489,True,,paired,paired_lr_combined_L1,1.0,1.0,0.9999793452097738,2.0
sub-494,True,,paired,paired_lr_combined_L1,1.0,1.0,0.999999103804394,2.0
sub-509,True,,paired,paired_lr_combined_L1,1.0,1.0,0.9999955417937356,2.0
sub-511,True,,paired,paired_lr_combined_L1,1.0,1.0,0.9999395493164569,2.0
sub-520,True,,paired,paired_lr_combined_L1,0.0,0.0,1.4149910738646243e-06,2.0
sub-525,True,,paired,paired_lr_combined_L1,0.0,0.0,2.646820762497025e-06,2.0
sub-527,True,,paired,paired_lr_combined_L1,1.0,1.0,0.999998138039257,2.0
sub-532,True,,paired,paired_lr_combined_L1,0.0,0.0,0.0011543417236282978,2.0
sub-534,True,,paired,paired_lr_combined_L1,0.0,0.0,0.12378454822412689,2.0
sub-553,True,,paired,paired_lr_combined_L1,0.0,0.0,0.0008591027636983499,2.0
sub-558,True,,paired,paired_lr_combined_L1,0.0,0.0,0.04363905296752624,2.0
sub-566,True,,paired,paired_lr_combined_L1,0.0,0.0,0.0017922245236760169,2.0
sub-583,True,,paired,paired_lr_combined_L1,1.0,1.0,0.9999992791059761,2.0
sub-584,True,,paired,paired_lr_combined_L1,1.0,1.0,0.9990300798399925,2.0
sub-588,True,,paired,paired_lr_combined_L1,0.0,0.0,1.4840323580868946e-05,2.0
sub-602,True,,paired,paired_lr_combined_L1,1.0,1.0,0.9216677195343669,2.0
sub-606,True,,paired,paired_lr_combined_L1,1.0,1.0,0.9999934836635826,2.0
sub-608,True,,paired,paired_lr_combined_L1,1.0,1.0,0.9948086924195849,2.0
sub-002,True,,paired,paired_lr_combined_L1,1.0,1.0,0.9999997837017752,3.0
sub-024,True,,paired,paired_lr_combined_L1,1.0,1.0,0.999998271158181,3.0
sub-028,True,,paired,paired_lr_combined_L1,0.0,0.0,0.08228320956189883,3.0
sub-035,True,,paired,paired_lr_combined_L1,1.0,1.0,0.9999750733505565,3.0
sub-039,True,,paired,paired_lr_combined_L1,1.0,1.0,0.99330248596668,3.0
sub-040,True,,paired,paired_lr_combined_L1,1.0,1.0,0.9831720415884467,3.0
sub-044,True,,paired,paired_lr_combined_L1,1.0,1.0,0.9950009790182761,3.0
sub-058,True,,paired,paired_lr_combined_L1,1.0,1.0,0.8151981257883013,3.0
sub-068,True,,paired,paired_lr_combined_L1,0.0,0.0,6.152637395809273e-08,3.0
sub-069,False,,paired,paired_lr_combined_L1,1.0,0.0,0.2585826292354467,3.0
sub-076,True,,paired,paired_lr_combined_L1,1.0,1.0,0.9999998993508153,3.0
sub-078,True,,paired,paired_lr_combined_L1,0.0,0.0,0.00031304797368422797,3.0
sub-089,True,,paired,paired_lr_combined_L1,1.0,1.0,0.9999670931556406,3.0
sub-090,True,,paired,paired_lr_combined_L1,1.0,1.0,0.9999990370665992,3.0
sub-091,True,,paired,paired_lr_combined_L1,1.0,1.0,0.9999985649028083,3.0
sub-093,True,,paired,paired_lr_combined_L1,0.0,0.0,0.0003080936552698434,3.0
sub-097,True,,paired,paired_lr_combined_L1,0.0,0.0,1.6007011194895557e-05,3.0
sub-098,True,,paired,paired_lr_combined_L1,0.0,0.0,1.413377995194093e-05,3.0
sub-102,True,,paired,paired_lr_combined_L1,1.0,1.0,0.9999999993387889,3.0
sub-103,True,,paired,paired_lr_combined_L1,1.0,1.0,0.9668729956532484,3.0
sub-129,True,,paired,paired_lr_combined_L1,1.0,1.0,0.9999975430730277,3.0
sub-140,True,,paired,paired_lr_combined_L1,0.0,0.0,0.03895036533733209,3.0
sub-141,True,,paired,paired_lr_combined_L1,0.0,0.0,0.008236639763042288,3.0
sub-146,True,,paired,paired_lr_combined_L1,0.0,0.0,3.3005597062172686e-06,3.0
sub-150,True,,paired,paired_lr_combined_L1,1.0,1.0,0.9531765787170406,3.0
sub-159,True,,paired,paired_lr_combined_L1,1.0,1.0,0.9841686158719358,3.0
sub-166,True,,paired,paired_lr_combined_L1,0.0,0.0,0.004993395570398388,3.0
sub-167,True,,paired,paired_lr_combined_L1,0.0,0.0,9.402044814296186e-07,3.0
sub-173,True,,paired,paired_lr_combined_L1,1.0,1.0,0.9999999503872288,3.0
sub-174,True,,paired,paired_lr_combined_L1,1.0,1.0,0.9999588058093819,3.0
sub-177,True,,paired,paired_lr_combined_L1,1.0,1.0,0.9999999890631545,3.0
sub-180,True,,paired,paired_lr_combined_L1,1.0,1.0,0.999995480533604,3.0
sub-182,True,,paired,paired_lr_combined_L1,0.0,0.0,9.420937854908066e-06,3.0
sub-184,True,,paired,paired_lr_combined_L1,1.0,1.0,0.9998509382536487,3.0
sub-192,True,,paired,paired_lr_combined_L1,1.0,1.0,0.9999959071698478,3.0
sub-193,True,,paired,paired_lr_combined_L1,1.0,1.0,0.999999519670081,3.0
sub-201,True,,paired,paired_lr_combined_L1,1.0,1.0,0.8669662094054261,3.0
sub-202,True,,paired,paired_lr_combined_L1,0.0,0.0,0.16433041479415944,3.0
sub-219,True,,paired,paired_lr_combined_L1,1.0,1.0,0.9997176729516868,3.0
sub-222,True,,paired,paired_lr_combined_L1,0.0,0.0,2.908218984905591e-05,3.0
sub-228,True,,paired,paired_lr_combined_L1,1.0,1.0,0.6260149942461812,3.0
sub-231,True,,paired,paired_lr_combined_L1,0.0,0.0,3.9540764150881715e-06,3.0
sub-240,True,,paired,paired_lr_combined_L1,0.0,0.0,2.164381739701052e-06,3.0
sub-245,True,,paired,paired_lr_combined_L1,0.0,0.0,0.08413111652610362,3.0
sub-248,True,,paired,paired_lr_combined_L1,0.0,0.0,6.756618305011728e-05,3.0
sub-249,True,,paired,paired_lr_combined_L1,1.0,1.0,0.987239293635053,3.0
sub-253,True,,paired,paired_lr_combined_L1,0.0,0.0,1.3075518660584283e-07,3.0
sub-254,True,,paired,paired_lr_combined_L1,0.0,0.0,0.000686222586058117,3.0
sub-257,True,,paired,paired_lr_combined_L1,1.0,1.0,0.9963228559214216,3.0
sub-260,True,,paired,paired_lr_combined_L1,1.0,1.0,0.9244417010481323,3.0
sub-261,True,,paired,paired_lr_combined_L1,0.0,0.0,0.0009775867094712833,3.0
sub-263,True,,paired,paired_lr_combined_L1,0.0,0.0,0.04787334130801846,3.0
sub-265,True,,paired,paired_lr_combined_L1,0.0,0.0,4.5824087190986026e-05,3.0
sub-268,False,,paired,paired_lr_combined_L1,1.0,0.0,0.1855722159569533,3.0
sub-271,True,,paired,paired_lr_combined_L1,0.0,0.0,1.508355266630472e-05,3.0
sub-274,True,,paired,paired_lr_combined_L1,0.0,0.0,0.2050055886677319,3.0
sub-277,True,,paired,paired_lr_combined_L1,0.0,0.0,0.24440548471484208,3.0
sub-284,True,,paired,paired_lr_combined_L1,1.0,1.0,0.9999667756628614,3.0
sub-294,True,,paired,paired_lr_combined_L1,0.0,0.0,4.1437175625039e-07,3.0
sub-303,True,,paired,paired_lr_combined_L1,1.0,1.0,0.9679250117457381,3.0
sub-312,True,,paired,paired_lr_combined_L1,0.0,0.0,0.0001749174801139541,3.0
sub-324,True,,paired,paired_lr_combined_L1,1.0,1.0,0.999946330921844,3.0
sub-328,True,,paired,paired_lr_combined_L1,0.0,0.0,2.8582114276252844e-05,3.0
sub-331,True,,paired,paired_lr_combined_L1,1.0,1.0,0.9972110604846266,3.0
sub-334,True,,paired,paired_lr_combined_L1,0.0,0.0,0.0005975051765834797,3.0
sub-338,True,,paired,paired_lr_combined_L1,0.0,0.0,0.000508785969042824,3.0
sub-340,True,,paired,paired_lr_combined_L1,0.0,0.0,0.002906181415381767,3.0
sub-350,True,,paired,paired_lr_combined_L1,1.0,1.0,0.999861036629447,3.0
sub-363,True,,paired,paired_lr_combined_L1,0.0,0.0,0.008837699355853294,3.0
sub-366,True,,paired,paired_lr_combined_L1,0.0,0.0,0.037651810991911935,3.0
sub-370,True,,paired,paired_lr_combined_L1,0.0,0.0,1.141938528155239e-05,3.0
sub-377,True,,paired,paired_lr_combined_L1,1.0,1.0,0.9990389731201637,3.0
sub-382,False,,paired,paired_lr_combined_L1,0.0,1.0,0.7572571615394079,3.0
sub-383,True,,paired,paired_lr_combined_L1,1.0,1.0,0.9999887439163206,3.0
sub-389,True,,paired,paired_lr_combined_L1,1.0,1.0,0.9992719449442317,3.0
sub-391,True,,paired,paired_lr_combined_L1,1.0,1.0,0.999985033628571,3.0
sub-398,True,,paired,paired_lr_combined_L1,1.0,1.0,0.9999999511751384,3.0
sub-417,True,,paired,paired_lr_combined_L1,1.0,1.0,0.9998603375773935,3.0
sub-419,True,,paired,paired_lr_combined_L1,1.0,1.0,0.9999999636355368,3.0
sub-421,True,,paired,paired_lr_combined_L1,1.0,1.0,0.9999998840336207,3.0
sub-427,True,,paired,paired_lr_combined_L1,0.0,0.0,0.011158471459098667,3.0
sub-428,True,,paired,paired_lr_combined_L1,0.0,0.0,0.0072424774098329816,3.0
sub-453,True,,paired,paired_lr_combined_L1,0.0,0.0,0.0013100805494997954,3.0
sub-459,True,,paired,paired_lr_combined_L1,0.0,0.0,0.00024449340412808194,3.0
sub-461,True,,paired,paired_lr_combined_L1,1.0,1.0,0.9999979962307443,3.0
sub-462,True,,paired,paired_lr_combined_L1,0.0,0.0,0.19510541749402208,3.0
sub-466,True,,paired,paired_lr_combined_L1,0.0,0.0,0.0022664092890505878,3.0
sub-469,True,,paired,paired_lr_combined_L1,1.0,1.0,0.9999813450593059,3.0
sub-477,True,,paired,paired_lr_combined_L1,0.0,0.0,0.00024332361389561976,3.0
sub-482,True,,paired,paired_lr_combined_L1,1.0,1.0,0.9812513366478319,3.0
sub-483,True,,paired,paired_lr_combined_L1,0.0,0.0,0.00015250585442364446,3.0
sub-484,True,,paired,paired_lr_combined_L1,0.0,0.0,0.04620648752196429,3.0
sub-488,True,,paired,paired_lr_combined_L1,1.0,1.0,0.9922173145349406,3.0
sub-492,True,,paired,paired_lr_combined_L1,1.0,1.0,0.9797191400538238,3.0
sub-493,True,,paired,paired_lr_combined_L1,0.0,0.0,0.0028239755072518875,3.0
sub-500,True,,paired,paired_lr_combined_L1,0.0,0.0,0.0002247093824639112,3.0
sub-503,True,,paired,paired_lr_combined_L1,0.0,0.0,0.0012781214861333355,3.0
sub-504,True,,paired,paired_lr_combined_L1,1.0,1.0,0.999854214696612,3.0
sub-514,True,,paired,paired_lr_combined_L1,0.0,0.0,0.002110656215246308,3.0
sub-516,True,,paired,paired_lr_combined_L1,0.0,0.0,2.957671548594586e-05,3.0
sub-517,True,,paired,paired_lr_combined_L1,0.0,0.0,3.2385430766013126e-05,3.0
sub-519,True,,paired,paired_lr_combined_L1,0.0,0.0,0.3242929180060804,3.0
sub-522,True,,paired,paired_lr_combined_L1,0.0,0.0,0.00088568366381405,3.0
sub-528,True,,paired,paired_lr_combined_L1,1.0,1.0,0.9999997767817671,3.0
sub-531,True,,paired,paired_lr_combined_L1,0.0,0.0,6.121702435741029e-05,3.0
sub-533,True,,paired,paired_lr_combined_L1,1.0,1.0,0.9983135260472787,3.0
sub-542,True,,paired,paired_lr_combined_L1,1.0,1.0,0.9999695438272731,3.0
sub-546,True,,paired,paired_lr_combined_L1,0.0,0.0,0.03925299294804095,3.0
sub-549,True,,paired,paired_lr_combined_L1,0.0,0.0,0.010560498463031361,3.0
sub-550,True,,paired,paired_lr_combined_L1,1.0,1.0,0.9999867631345112,3.0
sub-569,True,,paired,paired_lr_combined_L1,1.0,1.0,0.9970609820907554,3.0
sub-575,True,,paired,paired_lr_combined_L1,1.0,1.0,0.9916701494367585,3.0
sub-576,True,,paired,paired_lr_combined_L1,1.0,1.0,0.9999951903445844,3.0
sub-577,True,,paired,paired_lr_combined_L1,0.0,0.0,2.5569531013819567e-06,3.0
sub-580,True,,paired,paired_lr_combined_L1,1.0,1.0,0.9999702271754006,3.0
sub-586,True,,paired,paired_lr_combined_L1,0.0,0.0,4.242004972702004e-06,3.0
sub-592,True,,paired,paired_lr_combined_L1,1.0,1.0,0.9999643436243487,3.0
sub-600,True,,paired,paired_lr_combined_L1,0.0,0.0,4.9207990375824254e-08,3.0
sub-011,True,,paired,paired_lr_combined_L1,0.0,0.0,3.3154753540197024e-06,4.0
sub-019,True,,paired,paired_lr_combined_L1,0.0,0.0,0.03735644750107622,4.0
sub-025,True,,paired,paired_lr_combined_L1,1.0,1.0,0.9998293324849331,4.0
sub-027,True,,paired,paired_lr_combined_L1,1.0,1.0,0.9999999944830731,4.0
sub-033,True,,paired,paired_lr_combined_L1,1.0,1.0,0.9999985226860195,4.0
sub-034,True,,paired,paired_lr_combined_L1,1.0,1.0,0.9972839732417663,4.0
sub-038,True,,paired,paired_lr_combined_L1,0.0,0.0,1.9399117514224678e-05,4.0
sub-042,True,,paired,paired_lr_combined_L1,0.0,0.0,0.18969195049084653,4.0
sub-043,True,,paired,paired_lr_combined_L1,0.0,0.0,2.3835175833285504e-05,4.0
sub-049,True,,paired,paired_lr_combined_L1,0.0,0.0,0.001335928322518684,4.0
sub-059,True,,paired,paired_lr_combined_L1,1.0,1.0,0.999998572626723,4.0
sub-060,True,,paired,paired_lr_combined_L1,1.0,1.0,0.995705478880486,4.0
sub-062,True,,paired,paired_lr_combined_L1,1.0,1.0,0.9905764604538272,4.0
sub-063,True,,paired,paired_lr_combined_L1,1.0,1.0,0.9997103156498959,4.0
sub-065,True,,paired,paired_lr_combined_L1,1.0,1.0,0.9999890266911127,4.0
sub-067,True,,paired,paired_lr_combined_L1,1.0,1.0,0.9999089631785937,4.0
sub-072,True,,paired,paired_lr_combined_L1,1.0,1.0,0.9999987543663134,4.0
sub-074,True,,paired,paired_lr_combined_L1,1.0,1.0,0.9910946549799694,4.0
sub-075,True,,paired,paired_lr_combined_L1,1.0,1.0,0.9804565978382197,4.0
sub-083,True,,paired,paired_lr_combined_L1,1.0,1.0,0.9999732916078868,4.0
sub-088,True,,paired,paired_lr_combined_L1,0.0,0.0,7.888010860230671e-06,4.0
sub-111,True,,paired,paired_lr_combined_L1,0.0,0.0,0.00018845994272409194,4.0
sub-113,True,,paired,paired_lr_combined_L1,1.0,1.0,0.9999803592452549,4.0
sub-115,True,,paired,paired_lr_combined_L1,1.0,1.0,0.9999557504785124,4.0
sub-117,True,,paired,paired_lr_combined_L1,1.0,1.0,0.9986972619571315,4.0
sub-122,False,,paired,paired_lr_combined_L1,0.0,1.0,0.5983356956034472,4.0
sub-127,False,,paired,paired_lr_combined_L1,1.0,0.0,0.461470870525025,4.0
sub-130,True,,paired,paired_lr_combined_L1,0.0,0.0,0.00010436709371338408,4.0
sub-139,True,,paired,paired_lr_combined_L1,0.0,0.0,0.0032303705315469087,4.0
sub-142,True,,paired,paired_lr_combined_L1,0.0,0.0,0.009738693450737346,4.0
sub-151,True,,paired,paired_lr_combined_L1,0.0,0.0,1.8919754307533433e-05,4.0
sub-157,True,,paired,paired_lr_combined_L1,0.0,0.0,0.0005946877616029442,4.0
sub-168,True,,paired,paired_lr_combined_L1,0.0,0.0,3.373981005949686e-06,4.0
sub-170,True,,paired,paired_lr_combined_L1,0.0,0.0,6.601135837051497e-07,4.0
sub-176,True,,paired,paired_lr_combined_L1,1.0,1.0,0.9999996958029403,4.0
sub-186,True,,paired,paired_lr_combined_L1,0.0,0.0,0.0019264425616594113,4.0
sub-189,True,,paired,paired_lr_combined_L1,0.0,0.0,0.002290459998590953,4.0
sub-197,True,,paired,paired_lr_combined_L1,1.0,1.0,0.9600863718328313,4.0
sub-203,True,,paired,paired_lr_combined_L1,0.0,0.0,0.056133597392803734,4.0
sub-205,True,,paired,paired_lr_combined_L1,0.0,0.0,1.63235642388743e-06,4.0
sub-207,True,,paired,paired_lr_combined_L1,0.0,0.0,0.005831447122761057,4.0
sub-209,True,,paired,paired_lr_combined_L1,0.0,0.0,0.26214560597528763,4.0
sub-211,True,,paired,paired_lr_combined_L1,0.0,0.0,3.5797674170766907e-06,4.0
sub-212,True,,paired,paired_lr_combined_L1,1.0,1.0,0.9999994491373293,4.0
sub-218,True,,paired,paired_lr_combined_L1,0.0,0.0,1.808153932760207e-05,4.0
sub-227,True,,paired,paired_lr_combined_L1,1.0,1.0,0.9918506913255266,4.0
sub-229,True,,paired,paired_lr_combined_L1,0.0,0.0,5.963693163853619e-06,4.0
sub-237,True,,paired,paired_lr_combined_L1,1.0,1.0,0.9999349157027012,4.0
sub-241,True,,paired,paired_lr_combined_L1,1.0,1.0,0.9994550192989274,4.0
sub-247,True,,paired,paired_lr_combined_L1,0.0,0.0,3.058747575215064e-08,4.0
sub-252,True,,paired,paired_lr_combined_L1,0.0,0.0,0.020835726038233658,4.0
sub-256,True,,paired,paired_lr_combined_L1,1.0,1.0,0.9863185690805455,4.0
sub-262,True,,paired,paired_lr_combined_L1,0.0,0.0,5.442156257834555e-06,4.0
sub-264,True,,paired,paired_lr_combined_L1,1.0,1.0,0.9871565946782735,4.0
sub-272,True,,paired,paired_lr_combined_L1,0.0,0.0,0.00010066069626256375,4.0
sub-279,True,,paired,paired_lr_combined_L1,1.0,1.0,0.9999986867745606,4.0
sub-282,True,,paired,paired_lr_combined_L1,1.0,1.0,0.9988040886211323,4.0
sub-287,True,,paired,paired_lr_combined_L1,1.0,1.0,0.9773750009041487,4.0
sub-289,True,,paired,paired_lr_combined_L1,1.0,1.0,0.999969162266709,4.0
sub-291,True,,paired,paired_lr_combined_L1,0.0,0.0,5.9128936011915044e-05,4.0
sub-292,True,,paired,paired_lr_combined_L1,0.0,0.0,9.3104794298564e-06,4.0
sub-297,True,,paired,paired_lr_combined_L1,1.0,1.0,0.9939389711642035,4.0
sub-300,True,,paired,paired_lr_combined_L1,0.0,0.0,0.0010386850736281152,4.0
sub-304,True,,paired,paired_lr_combined_L1,1.0,1.0,0.8944471548965593,4.0
sub-311,True,,paired,paired_lr_combined_L1,0.0,0.0,0.024514552796405603,4.0
sub-313,False,,paired,paired_lr_combined_L1,1.0,0.0,0.4254615071618882,4.0
sub-318,True,,paired,paired_lr_combined_L1,1.0,1.0,0.9854856066565791,4.0
sub-323,True,,paired,paired_lr_combined_L1,1.0,1.0,0.9546957637001017,4.0
sub-354,True,,paired,paired_lr_combined_L1,1.0,1.0,0.9902604761676447,4.0
sub-356,True,,paired,paired_lr_combined_L1,0.0,0.0,0.0189419530499817,4.0
sub-357,True,,paired,paired_lr_combined_L1,0.0,0.0,7.061143107871531e-06,4.0
sub-358,True,,paired,paired_lr_combined_L1,1.0,1.0,0.9025100853116604,4.0
sub-361,True,,paired,paired_lr_combined_L1,0.0,0.0,2.845771634644184e-07,4.0
sub-362,True,,paired,paired_lr_combined_L1,1.0,1.0,0.9937883803521063,4.0
sub-375,True,,paired,paired_lr_combined_L1,1.0,1.0,0.9996931577634381,4.0
sub-379,True,,paired,paired_lr_combined_L1,1.0,1.0,0.9999995049374639,4.0
sub-380,True,,paired,paired_lr_combined_L1,0.0,0.0,8.552297415870739e-06,4.0
sub-386,True,,paired,paired_lr_combined_L1,1.0,1.0,0.9855540625247329,4.0
sub-400,True,,paired,paired_lr_combined_L1,0.0,0.0,9.795600289325646e-06,4.0
sub-412,True,,paired,paired_lr_combined_L1,0.0,0.0,0.004656277462660627,4.0
sub-415,True,,paired,paired_lr_combined_L1,0.0,0.0,0.16587360891074024,4.0
sub-416,True,,paired,paired_lr_combined_L1,1.0,1.0,0.9965173065141815,4.0
sub-423,True,,paired,paired_lr_combined_L1,0.0,0.0,2.4620918552608328e-08,4.0
sub-425,True,,paired,paired_lr_combined_L1,0.0,0.0,0.1059408093260613,4.0
sub-429,True,,paired,paired_lr_combined_L1,0.0,0.0,0.044660420474316904,4.0
sub-434,True,,paired,paired_lr_combined_L1,1.0,1.0,0.9999099623003804,4.0
sub-435,True,,paired,paired_lr_combined_L1,0.0,0.0,0.00013301801702054802,4.0
sub-436,True,,paired,paired_lr_combined_L1,1.0,1.0,0.9998799958445015,4.0
sub-437,True,,paired,paired_lr_combined_L1,0.0,0.0,9.283981352581335e-05,4.0
sub-442,True,,paired,paired_lr_combined_L1,1.0,1.0,0.9990966135711155,4.0
sub-448,True,,paired,paired_lr_combined_L1,1.0,1.0,0.9999999769698463,4.0
sub-455,True,,paired,paired_lr_combined_L1,1.0,1.0,0.7248388473509239,4.0
sub-458,True,,paired,paired_lr_combined_L1,0.0,0.0,0.009342726524299214,4.0
sub-460,True,,paired,paired_lr_combined_L1,1.0,1.0,0.9999994656165878,4.0
sub-468,True,,paired,paired_lr_combined_L1,1.0,1.0,0.969551824546898,4.0
sub-473,True,,paired,paired_lr_combined_L1,1.0,1.0,0.9976870186278475,4.0
sub-474,True,,paired,paired_lr_combined_L1,1.0,1.0,0.9999590016625056,4.0
sub-495,True,,paired,paired_lr_combined_L1,1.0,1.0,0.9999999924989641,4.0
sub-497,True,,paired,paired_lr_combined_L1,0.0,0.0,0.05632158083752605,4.0
sub-507,True,,paired,paired_lr_combined_L1,1.0,1.0,0.997675676804844,4.0
sub-513,True,,paired,paired_lr_combined_L1,0.0,0.0,0.0003150586943457969,4.0
sub-515,True,,paired,paired_lr_combined_L1,0.0,0.0,5.45624626708037e-07,4.0
sub-518,True,,paired,paired_lr_combined_L1,0.0,0.0,1.0219122892805793e-05,4.0
sub-538,True,,paired,paired_lr_combined_L1,0.0,0.0,0.2056987165802174,4.0
sub-544,True,,paired,paired_lr_combined_L1,1.0,1.0,0.9964943857702954,4.0
sub-547,True,,paired,paired_lr_combined_L1,1.0,1.0,0.9997194946549668,4.0
sub-552,True,,paired,paired_lr_combined_L1,0.0,0.0,9.87914357369154e-05,4.0
sub-554,True,,paired,paired_lr_combined_L1,0.0,0.0,5.757209826318528e-07,4.0
sub-559,True,,paired,paired_lr_combined_L1,0.0,0.0,0.014418289938984186,4.0
sub-562,False,,paired,paired_lr_combined_L1,0.0,1.0,0.6909019025063646,4.0
sub-563,True,,paired,paired_lr_combined_L1,1.0,1.0,0.9990860362564937,4.0
sub-571,True,,paired,paired_lr_combined_L1,1.0,1.0,0.9998903854596314,4.0
sub-574,True,,paired,paired_lr_combined_L1,0.0,0.0,1.5216056020881204e-06,4.0
sub-581,True,,paired,paired_lr_combined_L1,0.0,0.0,6.972477461973354e-05,4.0
sub-587,True,,paired,paired_lr_combined_L1,1.0,1.0,0.7277042503557758,4.0
sub-590,True,,paired,paired_lr_combined_L1,0.0,0.0,3.731683765868433e-07,4.0
sub-598,True,,paired,paired_lr_combined_L1,0.0,0.0,0.005250913009925385,4.0
sub-601,True,,paired,paired_lr_combined_L1,1.0,1.0,0.9713801393533648,4.0
sub-001,True,,paired,paired_lr_combined_L1,1.0,1.0,0.9999983424915591,5.0
sub-007,True,,paired,paired_lr_combined_L1,0.0,0.0,1.591838054368207e-06,5.0
sub-008,True,,paired,paired_lr_combined_L1,0.0,0.0,0.00011145829538893948,5.0
sub-009,False,,paired,paired_lr_combined_L1,1.0,0.0,0.002245877857764118,5.0
sub-012,True,,paired,paired_lr_combined_L1,0.0,0.0,0.3197507339416506,5.0
sub-020,True,,paired,paired_lr_combined_L1,1.0,1.0,0.8329717243788196,5.0
sub-021,True,,paired,paired_lr_combined_L1,1.0,1.0,0.9999735229279345,5.0
sub-029,True,,paired,paired_lr_combined_L1,1.0,1.0,0.998610772974067,5.0
sub-037,True,,paired,paired_lr_combined_L1,0.0,0.0,0.00028999112490163506,5.0
sub-052,True,,paired,paired_lr_combined_L1,0.0,0.0,1.4561257245345472e-07,5.0
sub-054,True,,paired,paired_lr_combined_L1,1.0,1.0,0.999999766069322,5.0
sub-055,True,,paired,paired_lr_combined_L1,0.0,0.0,7.821705613697094e-05,5.0
sub-056,True,,paired,paired_lr_combined_L1,1.0,1.0,0.9652820357650005,5.0
sub-071,True,,paired,paired_lr_combined_L1,1.0,1.0,0.999999701951767,5.0
sub-084,True,,paired,paired_lr_combined_L1,0.0,0.0,0.006553392740693043,5.0
sub-095,True,,paired,paired_lr_combined_L1,1.0,1.0,0.6598916972411034,5.0
sub-101,True,,paired,paired_lr_combined_L1,0.0,0.0,0.0008782195499056134,5.0
sub-104,True,,paired,paired_lr_combined_L1,0.0,0.0,0.01905785355262392,5.0
sub-120,False,,paired,paired_lr_combined_L1,1.0,0.0,0.3292316827413489,5.0
sub-124,True,,paired,paired_lr_combined_L1,0.0,0.0,0.014370333806266004,5.0
sub-125,True,,paired,paired_lr_combined_L1,0.0,0.0,0.0028827449168333666,5.0
sub-128,True,,paired,paired_lr_combined_L1,0.0,0.0,0.038859385229428986,5.0
sub-134,True,,paired,paired_lr_combined_L1,0.0,0.0,0.0004912359369434857,5.0
sub-149,True,,paired,paired_lr_combined_L1,0.0,0.0,1.4387484226719705e-06,5.0
sub-156,True,,paired,paired_lr_combined_L1,1.0,1.0,0.9960432535037923,5.0
sub-160,True,,paired,paired_lr_combined_L1,1.0,1.0,0.9993231525295627,5.0
sub-171,True,,paired,paired_lr_combined_L1,1.0,1.0,0.9999594881431543,5.0
sub-175,True,,paired,paired_lr_combined_L1,0.0,0.0,0.03153574829585234,5.0
sub-179,True,,paired,paired_lr_combined_L1,0.0,0.0,0.000425663604768746,5.0
sub-183,True,,paired,paired_lr_combined_L1,0.0,0.0,1.9591979547772355e-05,5.0
sub-190,True,,paired,paired_lr_combined_L1,1.0,1.0,0.9998915937255086,5.0
sub-195,True,,paired,paired_lr_combined_L1,1.0,1.0,0.9999923724975845,5.0
sub-200,False,,paired,paired_lr_combined_L1,1.0,0.0,0.36356123218459646,5.0
sub-204,True,,paired,paired_lr_combined_L1,0.0,0.0,3.5377291428728775e-05,5.0
sub-206,True,,paired,paired_lr_combined_L1,1.0,1.0,0.9999929074831297,5.0
sub-213,True,,paired,paired_lr_combined_L1,0.0,0.0,0.017247470460683395,5.0
sub-214,True,,paired,paired_lr_combined_L1,1.0,1.0,0.7931024975208651,5.0
sub-215,True,,paired,paired_lr_combined_L1,0.0,0.0,1.836097609469511e-08,5.0
sub-224,True,,paired,paired_lr_combined_L1,1.0,1.0,0.9999221247871807,5.0
sub-234,True,,paired,paired_lr_combined_L1,1.0,1.0,0.9977352442021447,5.0
sub-239,True,,paired,paired_lr_combined_L1,0.0,0.0,1.7825911011860498e-06,5.0
sub-242,True,,paired,paired_lr_combined_L1,0.0,0.0,7.651028774950541e-07,5.0
sub-243,True,,paired,paired_lr_combined_L1,1.0,1.0,0.7371522839952062,5.0
sub-244,True,,paired,paired_lr_combined_L1,0.0,0.0,0.3403193064601803,5.0
sub-246,True,,paired,paired_lr_combined_L1,1.0,1.0,0.9999915875413623,5.0
sub-250,True,,paired,paired_lr_combined_L1,1.0,1.0,0.9999997554369849,5.0
sub-258,True,,paired,paired_lr_combined_L1,0.0,0.0,4.27033874974177e-05,5.0
sub-259,True,,paired,paired_lr_combined_L1,0.0,0.0,4.299045172770692e-05,5.0
sub-267,True,,paired,paired_lr_combined_L1,1.0,1.0,0.9999999811740982,5.0
sub-269,True,,paired,paired_lr_combined_L1,0.0,0.0,0.0015880576154804521,5.0
sub-283,True,,paired,paired_lr_combined_L1,0.0,0.0,2.552554218758024e-07,5.0
sub-285,True,,paired,paired_lr_combined_L1,1.0,1.0,0.996304176091003,5.0
sub-293,True,,paired,paired_lr_combined_L1,1.0,1.0,0.9999861825663977,5.0
sub-307,True,,paired,paired_lr_combined_L1,0.0,0.0,0.017211213829317402,5.0
sub-308,True,,paired,paired_lr_combined_L1,1.0,1.0,0.9978425671456691,5.0
sub-316,True,,paired,paired_lr_combined_L1,1.0,1.0,0.9244554294246816,5.0
sub-327,True,,paired,paired_lr_combined_L1,1.0,1.0,0.9999799203687356,5.0
sub-335,True,,paired,paired_lr_combined_L1,1.0,1.0,0.9987940493022298,5.0
sub-337,True,,paired,paired_lr_combined_L1,0.0,0.0,6.7996603864757254e-06,5.0
sub-339,True,,paired,paired_lr_combined_L1,1.0,1.0,0.9840086132675656,5.0
sub-342,True,,paired,paired_lr_combined_L1,0.0,0.0,3.6766796476573825e-07,5.0
sub-343,True,,paired,paired_lr_combined_L1,1.0,1.0,0.9999662548096698,5.0
sub-344,True,,paired,paired_lr_combined_L1,1.0,1.0,0.999978954352849,5.0
sub-345,True,,paired,paired_lr_combined_L1,0.0,0.0,0.08062587560325779,5.0
sub-346,True,,paired,paired_lr_combined_L1,1.0,1.0,0.9782559035803621,5.0
sub-365,True,,paired,paired_lr_combined_L1,1.0,1.0,0.9999999226427696,5.0
sub-367,True,,paired,paired_lr_combined_L1,0.0,0.0,0.0018654157073209909,5.0
sub-368,True,,paired,paired_lr_combined_L1,0.0,0.0,0.41940645845654656,5.0
sub-371,True,,paired,paired_lr_combined_L1,1.0,1.0,0.9858973705047543,5.0
sub-372,True,,paired,paired_lr_combined_L1,0.0,0.0,7.90410675146367e-05,5.0
sub-374,True,,paired,paired_lr_combined_L1,0.0,0.0,0.002226390527877012,5.0
sub-385,True,,paired,paired_lr_combined_L1,0.0,0.0,2.2837298302519012e-07,5.0
sub-387,True,,paired,paired_lr_combined_L1,1.0,1.0,0.9905843336139059,5.0
sub-393,True,,paired,paired_lr_combined_L1,0.0,0.0,8.236153955361914e-06,5.0
sub-395,True,,paired,paired_lr_combined_L1,0.0,0.0,4.62578054292251e-05,5.0
sub-402,True,,paired,paired_lr_combined_L1,0.0,0.0,6.522783268427755e-05,5.0
sub-404,True,,paired,paired_lr_combined_L1,1.0,1.0,0.9999999659799657,5.0
sub-406,True,,paired,paired_lr_combined_L1,0.0,0.0,0.07111501981691243,5.0
sub-407,True,,paired,paired_lr_combined_L1,0.0,0.0,0.00036215928820215623,5.0
sub-411,True,,paired,paired_lr_combined_L1,1.0,1.0,0.9994051970539359,5.0
sub-420,True,,paired,paired_lr_combined_L1,1.0,1.0,0.7544971515560926,5.0
sub-422,True,,paired,paired_lr_combined_L1,0.0,0.0,8.344108852376059e-06,5.0
sub-426,True,,paired,paired_lr_combined_L1,0.0,0.0,0.3279824168968194,5.0
sub-430,False,,paired,paired_lr_combined_L1,1.0,0.0,0.4162793712441731,5.0
sub-431,True,,paired,paired_lr_combined_L1,1.0,1.0,0.99206209915233,5.0
sub-438,True,,paired,paired_lr_combined_L1,0.0,0.0,5.592540289021672e-05,5.0
sub-439,True,,paired,paired_lr_combined_L1,0.0,0.0,0.0006008584847889534,5.0
sub-440,True,,paired,paired_lr_combined_L1,0.0,0.0,0.0019511999135359119,5.0
sub-443,True,,paired,paired_lr_combined_L1,1.0,1.0,0.9999726918666948,5.0
sub-444,True,,paired,paired_lr_combined_L1,0.0,0.0,3.5110229139422064e-05,5.0
sub-445,True,,paired,paired_lr_combined_L1,1.0,1.0,0.9990083398579799,5.0
sub-454,True,,paired,paired_lr_combined_L1,1.0,1.0,0.9846068381988226,5.0
sub-456,True,,paired,paired_lr_combined_L1,1.0,1.0,0.9468905847905628,5.0
sub-475,True,,paired,paired_lr_combined_L1,1.0,1.0,0.999999959133756,5.0
sub-487,True,,paired,paired_lr_combined_L1,0.0,0.0,0.029372704038381332,5.0
sub-498,True,,paired,paired_lr_combined_L1,1.0,1.0,0.9998618059195206,5.0
sub-505,True,,paired,paired_lr_combined_L1,0.0,0.0,0.002751723290395939,5.0
sub-506,True,,paired,paired_lr_combined_L1,0.0,0.0,0.12406497083057123,5.0
sub-508,True,,paired,paired_lr_combined_L1,1.0,1.0,0.9999990070701803,5.0
sub-510,True,,paired,paired_lr_combined_L1,0.0,0.0,0.019414499359123902,5.0
sub-523,True,,paired,paired_lr_combined_L1,1.0,1.0,0.9845146783772984,5.0
sub-529,True,,paired,paired_lr_combined_L1,1.0,1.0,0.9955216336068811,5.0
sub-537,True,,paired,paired_lr_combined_L1,1.0,1.0,0.9999953330586352,5.0
sub-539,True,,paired,paired_lr_combined_L1,1.0,1.0,0.9829343566559257,5.0
sub-545,True,,paired,paired_lr_combined_L1,1.0,1.0,0.9780339651541071,5.0
sub-548,True,,paired,paired_lr_combined_L1,0.0,0.0,2.956643866417505e-07,5.0
sub-551,False,,paired,paired_lr_combined_L1,0.0,1.0,0.7064501297976811,5.0
sub-555,True,,paired,paired_lr_combined_L1,0.0,0.0,1.465288282519259e-05,5.0
sub-564,True,,paired,paired_lr_combined_L1,1.0,1.0,0.9999987822791372,5.0
sub-570,True,,paired,paired_lr_combined_L1,1.0,1.0,0.9933923462832008,5.0
sub-572,True,,paired,paired_lr_combined_L1,1.0,1.0,0.9999557011739278,5.0
sub-573,True,,paired,paired_lr_combined_L1,0.0,0.0,3.1985063346991574e-07,5.0
sub-589,True,,paired,paired_lr_combined_L1,0.0,0.0,1.2747821309661012e-07,5.0
sub-593,True,,paired,paired_lr_combined_L1,1.0,1.0,0.9999436607436052,5.0
sub-594,True,,paired,paired_lr_combined_L1,0.0,0.0,4.739294147974844e-09,5.0
sub-596,True,,paired,paired_lr_combined_L1,0.0,0.0,0.012640136249188326,5.0
sub-603,True,,paired,paired_lr_combined_L1,0.0,0.0,2.1742227858319785e-06,5.0
sub-607,True,,paired,paired_lr_combined_L1,1.0,1.0,0.8455895058552222,5.0
